:020000040800F2
:100000000000012085370008B1350008B53500082B
:10001000B9350008BD350008C135000800000000F2
:10002000000000000000000000000000C5350008CE
:10003000C935000800000000CD350008D1350008A2
:10004000D5370008D5370008D5370008D537000860
:10005000D5370008D5370008D5370008D537000850
:10006000D5370008D5370008D5370008D537000840
:10007000D5370008D5370008E1350008E535000818
:10008000F9350008D5370008D53700080000000012
:10009000000000000000000000000000D53700084C
:1000A000D5370008E9350008D5370008D5370008EE
:1000B000D5370008D5370008D5370008D5370008F0
:1000C000D5370008D5370008D5370008D5370008E0
:1000D000D5370008D5370008D537000800000000E4
:1000E000D5370008D5370008D537000800000000D4
:1000F000000000000000000000000000D5370008EC
:1001000000000000D5370008D5370008D5370008B3
:1001100000000000000000000000000000000000DF
:10012000D5370008D5370008D5370008ED35000869
:10013000D5370008000000000000000000000000AB
:10014000000000000000000000000000D53700089B
:10015000D5370008D5370008D5370008D53700084F
:10016000D5370008D5370008000000000000000067
:10017000000000000000000000000000000000007F
:1001800000000000D537000800000000000000005B
:04019000D537000857
:1001A00010B5054C237833B9044B13B10448AFF3B1
:1001B00000800123237010BD900200200000000089
:1001C000786E010808B5034B1BB103490348AFF330
:1001D000008008BD0000000094020020786E010835
:1001E0002DE9F04F82B001904FF000744FF000788D
:1001F0004FF000054FF0000952F804CB52F804EB21
:100200000868CB6DC0FB0C45D1F88000CEF1000E24
:10021000C3FB0E45D1F8DC30C0FB0C89C3FB0E8953
:1002200052F804CB52F804EB48688B6DC0FB0C45C8
:10023000D1F88400CEF1000EC3FB0E45D1F8D830C2
:10024000C0FB0C89C3FB0E8952F804CB52F804EBB7
:1002500088684B6DC0FB0C45D1F88800CEF1000ECC
:10026000C3FB0E45D1F8D430C0FB0C89C3FB0E890B
:1002700052F804CB52F804EBC8680B6DC0FB0C4578
:10028000D1F88C00CEF1000EC3FB0E45D1F8D03072
:10029000C0FB0C89C3FB0E8952F804CB52F804EB67
:1002A0000869CB6CC0FB0C45D1F89000CEF1000E74
:1002B000C3FB0E45D1F8CC30C0FB0C89C3FB0E89C3
:1002C00052F804CB52F804EB48698B6CC0FB0C4528
:1002D000D1F89400CEF1000EC3FB0E45D1F8C83022
:1002E000C0FB0C89C3FB0E8952F804CB52F804EB17
:1002F00088694B6CC0FB0C45D1F89800CEF1000E1C
:10030000C3FB0E45D1F8C430C0FB0C89C3FB0E897A
:1003100052F804CB52F804EBC8690B6CC0FB0C45D7
:10032000D1F89C00CEF1000EC3FB0E45D1F8C030D1
:10033000C0FB0C89C3FB0E8901984FF4FE4E4EF0B2
:10034000FF0E4FEA946444EA851404F30F0401B4E9
:10035000DFF8EC06007804FB00F44FEA241401BC3B
:100360004FEA986848EA891808F30F0801B4DFF8E3
:10037000D006007808FB00F84FEA281801BC04807A
:10038000A0F8028002F5707201F580514FF0007400
:100390004FF000784FF000054FF0000952F804CB01
:1003A0000868D1F88030C0FB0C45C3FB0C8952F8BB
:1003B00004CB4868D1F88430C0FB0C45C3FB0C89E2
:1003C00052F804CB8868D1F88830C0FB0C45C3FBD9
:1003D0000C8952F804CBC868D1F88C30C0FB0C45AE
:1003E000C3FB0C8952F804CB0869D1F89030C0FBEC
:1003F0000C45C3FB0C8952F804CB4869D1F8943002
:10040000C0FB0C45C3FB0C8952F804CB8869D1F8BA
:100410009830C0FB0C45C3FB0C8952F804CBC8696B
:10042000D1F89C30C0FB0C45C3FB0C8901984FF4FC
:10043000FE4E4EF0FF0E4FEA946444EA851404F336
:100440000F0401B4DFF8F805007804FB00F44FEA6C
:10045000241401BC4FEA986848EA891808F30F0889
:1004600001B4DFF8DC05007808FB00F84FEA281833
:1004700001BCA0F84040A0F84280A2F57872A1F536
:1004800070614FF00F0C00F10400CDF800C0019036
:100490004FF000744FF000784FF000764FF0007A84
:1004A0004FF000054FF000094FF000074FF0000B30
:1004B00052F804CB52F804EB0868CB6DC0FB0C4536
:1004C000C0FB0E67CEF1000EC3FB0C67C3FB0E45ED
:1004D000D1F8DC30D1F88000C3FB0E89C3FB0CAB34
:1004E000CEF1000EC0FB0C89C0FB0EAB52F804CB62
:1004F00052F804EB48688B6DC0FB0C45C0FB0E67DF
:10050000CEF1000EC3FB0C67C3FB0E45D1F8D8300B
:10051000D1F88400C3FB0E89C3FB0CABCEF1000EF7
:10052000C0FB0C89C0FB0EAB52F804CB52F804EBB5
:1005300088684B6DC0FB0C45C0FB0E67CEF1000E0A
:10054000C3FB0C67C3FB0E45D1F8D430D1F888004B
:10055000C3FB0E89C3FB0CABCEF1000EC0FB0C89B4
:10056000C0FB0EAB52F804CB52F804EBC8680B6D1D
:10057000C0FB0C45C0FB0E67CEF1000EC3FB0C6741
:10058000C3FB0E45D1F8D030D1F88C00C3FB0E89E7
:10059000C3FB0CABCEF1000EC0FB0C89C0FB0EAB55
:1005A00052F804CB52F804EB0869CB6CC0FB0C4545
:1005B000C0FB0E67CEF1000EC3FB0C67C3FB0E45FC
:1005C000D1F8CC30D1F89000C3FB0E89C3FB0CAB43
:1005D000CEF1000EC0FB0C89C0FB0EAB52F804CB71
:1005E00052F804EB48698B6CC0FB0C45C0FB0E67EE
:1005F000CEF1000EC3FB0C67C3FB0E45D1F8C8302B
:10060000D1F89400C3FB0E89C3FB0CABCEF1000EF6
:10061000C0FB0C89C0FB0EAB52F804CB52F804EBC4
:1006200088694B6CC0FB0C45C0FB0E67CEF1000E19
:10063000C3FB0C67C3FB0E45D1F8C430D1F898005A
:10064000C3FB0E89C3FB0CABCEF1000EC0FB0C89C3
:10065000C0FB0EAB52F804CB52F804EBC8690B6C2C
:10066000C0FB0C45C0FB0E67CEF1000EC3FB0C6750
:10067000C3FB0E45D1F8C030D1F89C00C3FB0E89F6
:10068000C3FB0CABCEF1000EC0FB0C89C0FB0EAB64
:1006900001F5807101984FF4FE4E4EF0FF0E4FEAC7
:1006A000946444EA851404F30F0401B4E448007828
:1006B00004FB00F44FEA241401BC4FEA986848EAAE
:1006C000891808F30F0801B4DD48007808FB00F82A
:1006D0004FEA281801BC4FEA966646EA871606F3E9
:1006E0000F0601B4D648007806FB00F64FEA26163E
:1006F00001BC4FEA9A6A4AEA8B1A0AF30F0A01B45C
:10070000CF4800780AFB00FA4FEA2A1A01BCDDF84C
:1007100000C000EBCC0E2EF8026B2EF802AB20F8D6
:10072000024B20F8028BBCF1010C7FF4AEAE02B09C
:10073000BDE8F08F2DE9F04F82B001904FF00074CA
:100740004FF0000552F804CB52F804EB0868CB6D6B
:10075000CEF1000EC0FB0C45C3FB0E4552F804CB96
:1007600052F804EB48688B6DCEF1000EC0FB0C45CF
:10077000C3FB0E4552F804CB52F804EB88684B6D6E
:10078000CEF1000EC0FB0C45C3FB0E4552F804CB66
:1007900052F804EBC8680B6DCEF1000EC0FB0C459F
:1007A000C3FB0E4552F804CB52F804EB0869CB6C3E
:1007B000CEF1000EC0FB0C45C3FB0E4552F804CB36
:1007C00052F804EB48698B6CCEF1000EC0FB0C456F
:1007D000C3FB0E4552F804CB52F804EB88694B6C0E
:1007E000CEF1000EC0FB0C45C3FB0E4552F804CB06
:1007F00052F804EBC8690B6CCEF1000EC0FB0C453F
:10080000C3FB0E4501984FF4FE4E4EF0FF0E4FEA2B
:10081000946444EA851404F30F0401B48848007812
:1008200004FB00F44FEA241401BC048002F570724A
:1008300001F580514FF000744FF0000552F804CBE1
:100840000868C0FB0C4552F804CB4868C0FB0C4557
:1008500052F804CB8868C0FB0C4552F804CBC8683A
:10086000C0FB0C4552F804CB0869C0FB0C4552F89C
:1008700004CB4869C0FB0C4552F804CB8869C0FB27
:100880000C4552F804CBC869C0FB0C4501984FF4E5
:10089000FE4E4EF0FF0E4FEA946444EA851404F3D2
:1008A0000F0401B46648007804FB00F44FEA2414F6
:1008B00001BC0484A2F57872A1F570614FF00F0CB1
:1008C00000F10200CDF800C001904FF000744FF02D
:1008D00000764FF000054FF0000752F804CB52F8B5
:1008E00004EB0868CB6DC0FB0C45C0FB0E67CEF176
:1008F000000EC3FB0E45C3FB0C6752F804CB52F845
:1009000004EB48688B6DC0FB0C45C0FB0E67CEF155
:10091000000EC3FB0E45C3FB0C6752F804CB52F824
:1009200004EB88684B6DC0FB0C45C0FB0E67CEF135
:10093000000EC3FB0E45C3FB0C6752F804CB52F804
:1009400004EBC8680B6DC0FB0C45C0FB0E67CEF115
:10095000000EC3FB0E45C3FB0C6752F804CB52F8E4
:1009600004EB0869CB6CC0FB0C45C0FB0E67CEF1F5
:10097000000EC3FB0E45C3FB0C6752F804CB52F8C4
:1009800004EB48698B6CC0FB0C45C0FB0E67CEF1D5
:10099000000EC3FB0E45C3FB0C6752F804CB52F8A4
:1009A00004EB88694B6CC0FB0C45C0FB0E67CEF1B5
:1009B000000EC3FB0E45C3FB0C6752F804CB52F884
:1009C00004EBC8690B6CC0FB0C45C0FB0E67CEF195
:1009D000000EC3FB0E45C3FB0C6701F58071019847
:1009E0004FF4FE4E4EF0FF0E4FEA946444EA851435
:1009F00004F30F0401B41248007804FB00F44FEA3A
:100A0000241401BC4FEA966646EA871606F30F06E1
:100A100001B40B48007806FB00F64FEA261601BC2D
:100A2000DDF800C000EB8C0E2EF8026B20F8024BB4
:100A3000BCF1010C7FF446AF02B0BDE8F08F0000BE
:100A40000000002000000000000000000000000086
:100A500001F0FF01102A2BDB10F0070F08D010F86F
:100A6000013B013A8B422DD010F0070F42B3F6D173
:100A7000F0B441EA012141EA014122F007047FF08C
:100A800000070023F0E80256083C85EA010586EAE3
:100A9000010685FA47F5A3FA87F586FA47F6A5FA1F
:100AA00087F68EB9EED1F0BC01F0FF0102F007022B
:100AB00032B110F8013B013A83EA010313B1F8D1D6
:100AC0000020704701387047002D06BF35460338B7
:100AD000073815F0010F07D1013015F4807F02BFF0
:100AE000013015F4C03F0130F0BC0138704700BF41
:100AF000034613F8012B002AFBD1181A013870475E
:100B000081F0004102E000BF83F0004330B54FEABE
:100B100041044FEA430594EA050F08BF90EA020F2B
:100B20001FBF54EA000C55EA020C7FEA645C7FEABE
:100B3000655C00F0E2804FEA5454D4EB5555B8BFE1
:100B40006D420CDD2C4480EA020281EA030382EA52
:100B5000000083EA010180EA020281EA0303362DE4
:100B600088BF30BD11F0004F4FEA01314FF4801CB7
:100B70004CEA113102D0404261EB410113F0004FC9
:100B80004FEA03334CEA133302D0524263EB430380
:100B900094EA050F00F0A780A4F10104D5F1200E1E
:100BA0000DDB02FA0EFC22FA05F2801841F1000179
:100BB00003FA0EF2801843FA05F359410EE0A5F14D
:100BC00020050EF1200E012A03FA0EFC28BF4CF07E
:100BD000020C43FA05F3C01851EBE37101F0004534
:100BE00007D54FF0000EDCF1000C7EEB00006EEB41
:100BF0000101B1F5801F1BD3B1F5001F0CD34908CB
:100C00005FEA30004FEA3C0C04F101044FEA445221
:100C100012F5800F80F09A80BCF1004F08BF5FEAA8
:100C2000500C50F1000041EB045141EA050130BD88
:100C30005FEA4C0C404141EB0101013C28BFB1F59A
:100C4000801FE9D291F0000F04BF01460020B1FAE5
:100C500081F308BF2033A3F10B03B3F120020CDAB8
:100C60000C3208DD02F1140CC2F10C0201FA0CF096
:100C700021FA02F10CE002F11402D8BFC2F1200CFB
:100C800001FA02F120FA0CFCDCBF41EA0C019040B1
:100C9000E41AA2BF01EB0451294330BD6FEA0404FA
:100CA0001F3C1CDA0C340EDC04F11404C4F12002E5
:100CB00020FA04F001FA02F340EA030021FA04F3F7
:100CC00045EA030130BDC4F10C04C4F1200220FA4E
:100CD00002F001FA04F340EA0300294630BD21FA8C
:100CE00004F0294630BD94F0000F83F4801306BF52
:100CF00081F480110134013D4EE77FEA645C18BF46
:100D00007FEA655C29D094EA050F08BF90EA020FDC
:100D100005D054EA000C04BF1946104630BD91EAD4
:100D2000030F1EBF0021002030BD5FEA545C05D1D7
:100D30004000494128BF41F0004130BD14F5800416
:100D40003CBF01F5801130BD01F0004545F0FE418A
:100D500041F470014FF0000030BD7FEA645C1ABFBF
:100D6000194610467FEA655C1CBF0B46024650EAF6
:100D7000013406BF52EA033591EA030F41F4002122
:100D800030BD00BF90F0000F04BF0021704730B5A8
:100D90004FF4806404F132044FF000054FF000017D
:100DA00050E700BF90F0000F04BF0021704730B53E
:100DB0004FF4806404F1320410F0004548BF404213
:100DC0004FF000013EE700BF42004FEAE2014FEA68
:100DD00031014FEA02701FBF12F07F4393F07F4F43
:100DE00081F06051704732F07F4208BF704793F046
:100DF0007F4F04BF41F40021704730B54FF4607459
:100E000001F0004521F000411CE700BF50EA01025B
:100E100008BF704730B54FF000050AE050EA010204
:100E200008BF704730B511F0004502D5404261EB74
:100E300041014FF4806404F132045FEA915C3FF4B5
:100E4000D8AE4FF003025FEADC0C18BF03325FEA52
:100E5000DC0C18BF033202EBDC02C2F1200300FA03
:100E600003FC20FA02F001FA03FE40EA0E0021FA28
:100E700002F11444BDE600BF70B54FF0FF0C4CF416
:100E8000E06C1CEA11541DBF1CEA135594EA0C0FC8
:100E900095EA0C0F00F0DEF82C4481EA030621EA03
:100EA0004C5123EA4C5350EA013518BF52EA03353E
:100EB00041F4801143F4801338D0A0FB02CE4FF0F0
:100EC0000005E1FB02E506F00042E0FB03E54FF020
:100ED0000006E1FB03569CF0000F18BF4EF0010E18
:100EE000A4F1FF04B6F5007F64F5407404D25FEA14
:100EF0004E0E6D4146EB060642EAC62141EA5551C7
:100F00004FEAC52040EA5E504FEACE2EB4F1FD0C08
:100F100088BFBCF5E06F1ED8BEF1004F08BF5FEA86
:100F2000500E50F1000041EB045170BD06F0004638
:100F300046EA010140EA020081EA0301B4EB5C04E5
:100F4000C2BFD4EB0C0541EA045170BD41F48011DD
:100F50004FF0000E013C00F3AB8014F1360FDEBF02
:100F6000002001F0004170BDC4F10004203C35DADE
:100F70000C341BDC04F11404C4F1200500FA05F361
:100F800020FA04F001FA05F240EA020001F0004202
:100F900021F0004110EBD37021FA04F642EB060178
:100FA0005EEA430E08BF20EAD37070BDC4F10C04A2
:100FB000C4F1200500FA04F320FA05F001FA04F266
:100FC00040EA020001F0004110EBD37041F1000152
:100FD0005EEA430E08BF20EAD37070BDC4F120055D
:100FE00000FA05F24EEA020E20FA04F301FA05F2C5
:100FF00043EA020321FA04F001F0004121FA04F26D
:1010000020EA020000EBD3705EEA430E08BF20EA3C
:10101000D37070BD94F0000F0FD101F00046400076
:1010200041EB010111F4801F08BF013CF7D041EAF8
:10103000060195F0000F18BF704703F000465200FC
:1010400043EB030313F4801F08BF013DF7D043EACD
:101050000603704794EA0C0F0CEA135518BF95EA83
:101060000C0F0CD050EA410618BF52EA4306D1D10A
:1010700081EA030101F000414FF0000070BD50EA29
:10108000410606BF1046194652EA430619D094EAB3
:101090000C0F02D150EA013613D195EA0C0F05D19D
:1010A00052EA03361CBF104619460AD181EA0301F1
:1010B00001F0004141F0FE4141F470014FF00000A9
:1010C00070BD41F0FE4141F4780170BD70B54FF044
:1010D000FF0C4CF4E06C1CEA11541DBF1CEA1355C4
:1010E00094EA0C0F95EA0C0F00F0A7F8A4EB0504A6
:1010F00081EA030E52EA03354FEA013100F088809D
:101100004FEA03334FF0805545EA131343EA126365
:101110004FEA022245EA111545EA10654FEA00261A
:101120000EF000419D4208BF964244F1FD0404F5D3
:10113000407402D25B084FEA3202B61A65EB03052F
:101140005B084FEA32024FF480104FF4002CB6EBEC
:10115000020E75EB030E22BFB61A754640EA0C006C
:101160005B084FEA3202B6EB020E75EB030E22BFAC
:10117000B61A754640EA5C005B084FEA3202B6EBED
:10118000020E75EB030E22BFB61A754640EA9C00AC
:101190005B084FEA3202B6EB020E75EB030E22BF7C
:1011A000B61A754640EADC0055EA060E18D04FEA3A
:1011B000051545EA16754FEA06164FEAC30343EADA
:1011C00052734FEAC2025FEA1C1CC0D111F4801FA7
:1011D0000BD141EA00014FF000004FF0004CB6E7A0
:1011E00011F4801F04BF01430020B4F1FD0C88BF3F
:1011F000BCF5E06F3FF6AFAEB5EB030C04BFB6EB4A
:10120000020C5FEA500C50F1000041EB045170BD3C
:101210000EF0004E4EEA113114EB5C04C2BFD4EB69
:101220000C0541EA045170BD41F480114FF0000EED
:10123000013C90E645EA060E8DE60CEA135594EA69
:101240000C0F08BF95EA0C0F3FF43BAF94EA0C0F6C
:101250000AD150EA01347FF434AF95EA0C0F7FF4E1
:1012600025AF104619462CE795EA0C0F06D152EA35
:1012700003353FF4FDAE1046194622E750EA410619
:1012800018BF52EA43067FF4C5AE50EA41047FF42A
:101290000DAF52EA43057FF4EBAE12E74FF0FF3C8F
:1012A00006E000BF4FF0010C02E000BF4FF0010C60
:1012B0004DF804CD4FEA410C7FEA6C5C4FEA430CD9
:1012C00018BF7FEA6C5C1BD001B050EA410C0CBF28
:1012D00052EA430C91EA030F02BF90EA020F00208A
:1012E000704710F1000F91EA030F58BF994208BFF1
:1012F00090422CBFD8176FEAE37040F001007047AE
:101300004FEA410C7FEA6C5C02D150EA013C07D104
:101310004FEA430C7FEA6C5CD6D152EA033CD3D04F
:101320005DF8040B704700BF8446104662468C4649
:101330001946634600E000BF01B5FFF7B7FF00287C
:1013400048BF10F1000F01BD4DF808EDFFF7F4FFA5
:101350000CBF012000205DF808FB00BF4DF808ED30
:10136000FFF7EAFF34BF012000205DF808FB00BF53
:101370004DF808EDFFF7E0FF94BF012000205DF875
:1013800008FB00BF4DF808EDFFF7CEFF94BF01202A
:1013900000205DF808FB00BF4DF808EDFFF7C4FF23
:1013A00034BF012000205DF808FB00BF4FEA410C6C
:1013B0007FEA6C5C02D150EA013C0AD14FEA430C4F
:1013C0007FEA6C5C02D152EA033C02D14FF000008C
:1013D00070474FF0010070474FEA410212F50012CA
:1013E00015D211D56FF47873B3EB625212D94FEA6C
:1013F000C12343F0004343EA505311F0004F23FA56
:1014000002F018BF404270474FF00000704750EAAA
:10141000013005D111F0004008BF6FF00040704767
:101420004FF00000704700BF4A0011D212F50012C1
:1014300011D20DD56FF47873B3EB62520ED44FEA2C
:10144000C12343F0004343EA505323FA02F07047AC
:101450004FF00000704750EA013002D14FF0FF30EA
:1014600070474FF0000070474FEA4102B2F1E0438D
:1014700024BFB3F5001CDCF1FE5C0DD901F0004C7B
:101480004FEAC0024CEA5070B2F1004F40EB8300CB
:1014900008BF20F00100704711F0804F21D113F1F7
:1014A0003872BCBF01F00040704741F480114FEA30
:1014B0005252C2F11802C2F1200C10FA0CF320FAB9
:1014C00002F018BF40F001004FEAC1234FEAD323D6
:1014D00003FA0CFC40EA0C0023FA02F34FEA430340
:1014E000CCE77FEA625307D150EA01331EBF4FF0C9
:1014F000FE4040F44000704701F0004040F0FE40E4
:1015000040F40000704700BF53B94AB9002908BF32
:1015100000281CBF4FF0FF314FF0FF3000F088B9BA
:10152000ADF1080C6DE904CE00F006F8DDF804E03A
:10153000DDE9022304B070472DE9F047089D8E468F
:1015400004468846002B4AD18A42174662D9B2FA2D
:1015500082F64EB1C6F1200301FA06F820FA03F331
:10156000B74043EA0808B4404FEA174E1FFA87FC19
:10157000B8FBFEF1230C0EFB118843EA084301FB84
:101580000CF29A4209D9FB1801F1FF3080F0EA8091
:101590009A4240F2E78002393B449A1AA3B2B2FB66
:1015A000FEF00EFB102243EA024300FB0CFC9C45BC
:1015B00009D9FB1800F1FF3280F0D6809C4540F23B
:1015C000D3803B44023840EA0140A3EB0C030021E6
:1015D0001DB1F3400022C5E90032BDE8F0878B421F
:1015E00005D90DB1C5E9000100210846F5E7B3FAB8
:1015F00083F1002946D1734502D3824200F205816E
:10160000841A6EEB030201209046002DE5D0C5E957
:101610000048E2E7002A00F09080B2FA82F6002E3D
:1016200040F0A4808A1A030C4FEA174E80B2BCB275
:101630000121B2FBFEFC0EFB1C2243EA024304FB29
:101640000CF29A4207D9FB180CF1FF3802D29A42E9
:1016500000F2E080C4469B1AB3FBFEF20EFB12338D
:1016600040EA034302FB04F49C4207D9FB1802F151
:10167000FF3002D29C4200F2CA8002461B1B42EAA3
:101680000C40A5E7C1F120068B4022FA06F71F4364
:101690000EFA01F420FA06F32EFA06FE4FEA174975
:1016A000234300FA01F81FFA87FCBEFBF9F01C0C7B
:1016B00009FB10EE44EA0E4400FB0CFEA64502FABC
:1016C00001F209D93C1900F1FF3A80F09C80A6454F
:1016D00040F2998002383C44A4EB0E041FFA83FECA
:1016E000B4FBF9F309FB13444EEA044403FB0CFC7E
:1016F000A44508D93C1903F1FF3E80F08280A4453F
:101700007FD9023B3C4443EA0040A4EB0C04A0FB1D
:1017100002EC64457346E14662D35FD05DB1B8EB3D
:10172000030264EB090404FA06F622FA01F31E43ED
:10173000CC40C5E9006400214FE7B1FBF2FC010C8D
:1017400041EA0E4180B240EA01423B4638463C46FF
:10175000B846BE462026B1FBF7F1A2EB080241EAEB
:101760000C4166E7014618E710462CE7C6F1200257
:101770002EFA02F3B740B14020FA02F24FEA174EB8
:101780000A43B3FBFEF8BCB20EFB1833110C41EA5E
:10179000034108FB04F9B04089454FEA104380B289
:1017A0003ED9791808F1FF3C01D289451FD8A1EB39
:1017B0000901B1FBFEF909FB04F80EFB191192B205
:1017C00042EA0142424529D2BA1809F1FF31C4D296
:1017D0004245C2D2A9F102013A44BEE7F0459DD28A
:1017E000BEEB02036CEB070C0138E14696E7A7EB72
:1017F00009094944A8F1020CB1FBFEF909FB04F800
:10180000DBE773467FE7504666E70846FDE63B4464
:10181000023A33E7ACF1020C3B441CE749469CE733
:10182000A1EB0901C446B1FBFEF909FB04F8C4E7CA
:10183000704700BF2DE9F04FADF2946D15461C4680
:1018400002460B4602202F49BDF8B896BDF8BC767B
:10185000BDF8C08612F0AAF901220646014694A8F6
:1018600005F06CF88246304612F06CFCBAF1000FBD
:1018700003D00DF2946DBDE8F08F5146F82256A8C2
:1018800013F027FB94A956A800F07CFF9DF858316F
:1018900040EA030616F0FF060BD094A805F03AF9CB
:1018A00080980028E5D012F04DFC0DF2946DBDE853
:1018B000F08F929994A805F045F97B9B984507D93C
:1018C000A8EB030303EBD37309EB63031FFA83F95C
:1018D0007A9B9F4205D9FB1A03EBD37304EB630396
:1018E0009CB2DDF81522084B9A4203D1BDF82D3287
:1018F000552B0BD0809808B112F024FC94A805F069
:1019000009F9B6E7187001084D4A50470DF58E6B7E
:101910004FF4087294A9584613F081FB4FF4F76115
:10192000012012F0EBFB824600F088FECC4BCD4943
:1019300018601AAB94AA0193CB4B1A920093CB4A2E
:10194000CB4BCDF86CA000F0B1FEC54B186800F091
:10195000C7FEC34B186800F0CBFEC14BC5481B68DF
:101960000122196912F03CFBC34BC44ACDF870B098
:101970004FF0000AC3F800A0012313700321729BEB
:1019800009935046CDF854A011F042FBBC4A049094
:101990005023CDE900325146C823524611F0A2FB34
:1019A0000498802111F09AFB0221049811F030FB79
:1019B00003224D236FF07F41CDE900311146C5234D
:1019C00011F090FBAF4B186859689A68B3F80CC0D7
:1019D0002FAB07C3242251460DF1CA00A3F800C063
:1019E00013F077FAA549A84AA84B0978012914BF32
:1019F000114619460DF1C903184612F0A1F8062147
:101A0000049811F005FBA24A0292A24A00920A220F
:101A10002FAB1146CDF804A011F082FBDFF88CE269
:101A2000BEE80F000DF1F00CACE80F00DEF800305E
:101A3000CCF800301E22514641A813F04AFA964BCA
:101A4000964A1B68934240F2358302F17852A2F520
:101A50005A02A2F51F72A2FB0323980C0A220DF270
:101A6000031112F09DFC0621049811F0D1FA884A66
:101A7000884B00934FF0000A3CA90B46CDE901A228
:101A80000A21172211F04CFBDFF824E2BEE80F0018
:101A90000DF5927CACE80F00DEF80030CCF8003099
:101AA0001E2251464EA813F014FA0621049811F094
:101AB000AFFA774A774B009349A90B46CDE901A2CB
:101AC0000A212D2211F02CFB504611F051FA01236E
:101AD0004FF47F025146069011F066FA06980123F2
:101AE0004FF47F42322111F05FFA0123FF22069862
:101AF000642111F059FA06985A2111F087FA03214E
:101B0000049811F085FA4623FF21CDE900313C22EB
:101B1000BE230A21059011F0E5FADDE9050111F077
:101B2000DBFADFF890E1BEE80F000DF1A40CACE8A1
:101B30000F009EE803004CF8040B0498ACF800106A
:101B4000062111F065FA534B009329A90B466FF05B
:101B50007F413B220291CDF804A0102111F0E0FA60
:101B60000321049811F054FA4FF47F0C1723CDE9A8
:101B7000003C0A22C22306210E9011F0B3FA0E98FF
:101B8000802111F0ABFAEA88A9880498503AC83944
:101B900002EBD27201EBD1715210491011F04CFFDF
:101BA0000321504611F034FADFF8D4E005902923E0
:101BB000CDE9003E5246C823514611F093FA0598EC
:101BC000802111F08BFA0221059811F021FA0322ED
:101BD00026236FF07F41CDE900311146C52311F076
:101BE00081FA2F4B05988DF880A00521CDE91E3A8A
:101BF00011F00EFA142210231521CDF800A0079041
:101C000011F086FA07981EA911F064FA03210598CD
:101C100011F0FEF9234B0D90052105982193CDF885
:101C200088A08DF88CA011F0F3F91422102315214F
:101C3000CDF800A00C9011F06BFA0C9821A911F0CE
:101C400049FA194B0598169306218DF85CA011F0FE
:101C5000DFF9104B0E4A0093029216AB2CE000BF46
:101C6000B0020020B124000825260008D525000870
:101C700005260008003C0040AC02002001000020C6
:101C8000A9A9A9001C7001080C70010800700108C6
:101C900000FFFF002000002004000020FFE0F50509
:101CA000A8700108987001084D757465906E010860
:101CB000C46E01082C7001082821CDF804A00E2262
:101CC0000F9011F02DFAA34B1978002900F0008233
:101CD0000B1F052B40F2FA810A2934BF4FF47F0312
:101CE0004FF47F4301EBC10101EB011101931A2273
:101CF0000B110D98009228330E22282111F0F2F9D1
:101D00000C98002111F0ECF90F98002111F0E8F97E
:101D1000EA88A9880598DFF858A22A3AC83902EB60
:101D2000D27201EBD1715210491011F085FE8A4B2D
:101D300000211B680B93284601F042FF874B88491E
:101D40001B688848D3F814C09B6E4FEA8C0C0522A0
:101D5000CDF800C012F0AEF809990B9A109200234A
:101D60004908CDE9124711930A911C461F46DBF83A
:101D70001420DBF80C309A427CD24FF48033CAF83E
:101D80008030BFF34F8FBFF36F8F082215AB18A9B8
:101D9000584604F011FE4FF48033CAF80030002892
:101DA00068D1159B082B65D1189B6F4A934200F0B0
:101DB0003481199BDBF814200892DA0748BF0133FD
:101DC0001D93BDF8623046F26432934200F0938076
:101DD00044F24432934200F08E80002307931D9B0F
:101DE0009BB14FF48033CAF88030BFF34F8FBFF3FD
:101DF0006F8F1D99089B5846194404F0A3FE4FF4B9
:101E00008033CAF80030002834D14FF48033CAF848
:101E10008030BFF34F8FBFF36F8F504B1B68002B89
:101E200000F0AF81D3E924234FF48031CAF80010C9
:101E30000A9E901B63F10001844277EB010149D3B4
:101E4000B01843F10001A042B94143D30026474BEB
:101E5000049A1B68934200F02081059A934200F097
:101E60000F8108F017FB002840F08A80079B002BA9
:101E70003FF47DAF3E4B4FF48032C3F88020BFF378
:101E80004F8FBFF36F8F354C236863B134493548AA
:101E9000052212F06BF8206800F06EFC206800F05C
:101EA000D1FB00232360324B4FF48032C3F88021F2
:101EB0001A60584604F02EFE809808B112F042F9DC
:101EC000069811F05FF8049811F0DAF8059811F00F
:101ED000D7F8CEE4A24273EB070139D2A01A67EB20
:101EE00003014FF47A720023FFF70EFB0028ADD0F8
:101EF00003F00EFEAAE7099B1B191C461D9B47F128
:101F00000007002B3FF433AF002E7FF466AF1CAB0D
:101F1000CDE900830296104E139B129936684A460B
:101F2000284606F00FFD0C4B07901868114B124A1B
:101F30001B68A2FB0323114A801B12689B090DF248
:101F40003711B2FBF3F30A22C01A12F029FA46E75E
:101F500001267CE700000020BC050020B002002024
:101F600000600240003C004052494646AC0200205E
:101F700000E100E004000020D34D6210CC360020C8
:101F800008F05EFAAF4B049A1B68934200F0D780CA
:101F9000030700F19881C10740F19E80AA490A78A1
:101FA0000F2A33D8531C033ADBB2052A0B7040F2D8
:101FB000D9800A2B34BF4FF47F024FF47F4203EBEA
:101FC000C30303EB031301921B111A220D98009215
:101FD00028330E22282111F085F8EA88A9880D9867
:101FE0002A3AC83902EBD27201EBD1714910521072
:101FF00011F0E8FC0D98012111F072F80C98002105
:1020000011F06EF80F98002111F06AF88D4B059AC7
:102010001A608E4B1B680B9328E74FF48033CAF885
:102020008030BFF34F8FBFF36F8F102215AB24A901
:10203000584604F0C1FC4FF48033CAF80030002841
:102040007FF418AF159B102B7FF414AF804B249AAC
:102050009A427FF40FAF03F17C43259A03F51F23C7
:1020600003F20B339A427FF405AF03F1A953279A89
:1020700003F5493303F221239A427FF4FBAE76E65F
:10208000724B0B9A1B689B1A41F2873293427FF680
:10209000E8AE6C4A00231360E3E66C4A10991268BC
:1020A000521A42F20F718A427FF6D7AE654A002378
:1020B0001360D2E6674AA2FB0323980C0A2220236E
:1020C00041A98DF8033112F06BF9CCE4624B09E6BB
:1020D0000D9811F005F81BE682077FF5C7AE5A4A46
:1020E0001378002B92D0591EC9B21170002900F04C
:1020F000CF80053B052B40F2C9800A2934BF4FF43D
:102100007F034FF47F4301EBC10101EB0111019308
:102110001A220B110D98009228330E22282110F05C
:10212000E1FFEA88A9880D982A3AC83902EBD272F1
:1021300001EBD1715210491011F044FC5EE710F030
:10214000080106D03F4A00231360404B1B681093E0
:102150008CE6C30708D5119B002B40F08D8000232F
:102160001193F2E73C4A2AE782070FD5119B002B17
:10217000EBD10E9819460D2211F024FC0123119386
:10218000E3E74FF48033CAF8003073E610F0300F05
:10219000DBD0119B002B00F08780012BD5D12F4B7A
:1021A00019682F4B994200F09280A8202D4B9A6815
:1021B00022F0030242F001029A609A6802F00C02D7
:1021C000042AFAD11A6822F080721A60D3F804C087
:1021D000254A0CEA020242EA801242F4800242F0EE
:1021E00019025A605A6822F440325A601A6842F062
:1021F00080721A601B4A13689B01FCD5936823F018
:10220000030343F002039360164A936803F00C0340
:10221000082BFAD1154B994267D0104A1449136024
:102220004FF0E023134A5961F02182F82310002275
:102230009A6107221A610DF203110A22782012F026
:10224000AFF89BE7AC02002000000020BC05002096
:102250004156495883DE1B4300FFFF000400002065
:1022600000BD0105003802400080BFFF000E2707B7
:10227000BFD4010000ED00E0119B0E98013BDBB2E2
:102280006FF00C02119311F09DFB5EE7294B3AE7CA
:102290000D9810F025FF0C98012110F021FF0F98E8
:1022A000012110F01DFFB1E6234A24491378012BC8
:1022B000234B0DF1C9000ABF1946012303231370F4
:1022C00011F03EFC4BE71F4B049A1A60D2E51E4A00
:1022D000136823F0070343F003031360136803F04C
:1022E0000703032BFAD1F02060E7174A136823F0A5
:1022F000070343F002031360136803F00703022B84
:10230000FAD11248124901604FF0E023114A1249F4
:102310005961F02182F8231000229A6107221A6184
:1023200041A920230A2254208DF8033112F038F8F5
:1023300024E700BF00FFFF0001000020007001083B
:102340000C700108AC020020003C02400400002098
:1023500000BD010500ED00E01F4801002DE9F0433C
:10236000D0F88430DFF8449189B00022D3E90046E8
:1023700005460392D4F814C0E768674503AB4FF0F5
:10238000080206A920463ED904F016FB00283AD1DF
:10239000039B082B37D1079BD4F814C013F0010F0F
:1023A0001A4634D05A1C069B04924B4535D0BDF8D2
:1023B0001A3046F277218B4203D044F257218B42E8
:1023C0004ED140F294739A421DDC06F1240803AB0F
:1023D0004146204604F0F0FA0346A0B9DDE90312B5
:1023E000914210D130680093EA6EAB6ECDF8148044
:1023F00003EB820305A904AA0EF016FD002837D0CE
:1024000003300128B6D9012009B0BDE8F083049358
:10241000002BB1D0069B4B45C9D103AB102206F16E
:102420002401204604F0C8FA0028ECD1039B102BAD
:10243000E9D11D4B726A9A42E5D103F17C43B26A3D
:1024400003F51F2303F20B339A42DCD103F1A953A6
:10245000326B03F5493303F221239A42D3D189E742
:1024600002EB0C01204604F06DFB002882D0CAE785
:10247000AB68012BC8D16A69E96EAB6E002A03EB29
:102480008105C1DD541E05EB840405EB420232F8E0
:10249000021D002361F30F0361F31F43AA4244F8B6
:1024A0000439F4D1B0E700BF415649585249464675
:1024B000F0B5D0F88430DFF818C11C685B68656936
:1024C0008FB00022064601921D62BCE80F0004AFE7
:1024D0000FC75CF8043B3B80BCE80F000DF1240EF5
:1024E000AEE80F00DCF80030AEF80030E368AB4235
:1024F00023D9082201AB0DEB0201204604F05CFA5F
:10250000D8B9019B082B18D103996569CB0717D55A
:102510000131EBD0BDF80A3046F27722934217D052
:1025200044F25722934213D02944204604F00AFB78
:1025300018B96569E368AB42DBD801200FB0F0BD84
:102540000029D3D0BDF80A3046F277229342E7D172
:1025500040F294739942F0DC01AB042269462046B4
:1025600004F02AFA0028E8D1019B042BE5D19DF85C
:10257000013013F0180F4FEAD3021CBFD24302F010
:1025800001019DF80220C2F3810208BF0221C3F3BA
:102590004103032AC3F10403CFD0032BCDD19DF80F
:1025A000034001EB41018B18A2090EAC04EB410181
:1025B00004EB4303032A33F8283C31F8102C7261F2
:1025C00014BF022101211022C6E90323B160B5E73F
:1025D000F86E0108D0F8843070B5D3E90065044680
:1025E0000EF01CFC286020B1296A304604F0AAFADB
:1025F00008B1012070BD2046FFF7B0FE003818BFBB
:10260000012070BDD0F8843010B51C68FFF7A6FE1D
:1026100030B1E3686069013B98422CBF0120022081
:1026200010BD00BFD0F8843010B5D3E9000404F029
:1026300071FA20680EF0F4FB002010BDA0210120EB
:1026400011F05CBD80B3D0F8843010B504465868F2
:1026500008B111F077FDA06E08B111F073FD20688C
:1026600008B111F06FFDA06908B111F06BFDE069D0
:1026700008B111F067FD206A08B111F063FD606ACE
:1026800008B111F05FFDE06A08B111F05BFDA06ACE
:1026900008B111F057FD206B08B111F053FD204631
:1026A000BDE8104011F04EBD704700BFA0B199B118
:1026B00092B18BB110B4019C84B14FF0000C8367D0
:1026C000029BC467C0E91C12C0F8843080F880C047
:1026D00060465DF8044B7047012070470120F8E721
:1026E0000221026F80F88010104700BF0000000038
:1026F00010B5044640690421400011F0FFFC08B306
:102700000022A066636FE26620469847D0B96269EE
:10271000A36FE26620469847A0B99FED0B7B032389
:1027200084F880300A49636984F888002269C4F813
:102730009C0001FB03F384ED247BB3FBF2F3C4F8AC
:10274000983010BD012010BD000000000000000006
:1027500040420F00042310B580F88030C36E044659
:1027600043B94269A36FE26620469847002384F884
:10277000883010BD0022F5E70521C26F80F8801077
:10278000104700BF2DE9F04F87B00C4600230C2204
:10279000054602930DEB020102AB204604F00CF952
:1027A00078B9029B0C2B0CD103F18C43039A03F1F3
:1027B000461303F592439A4207D0012007B0BDE8C3
:1027C000F08F022007B0BDE8F08F754B059A9A4252
:1027D000F3D185F8AC006269E3689A42F2D2714E97
:1027E000714FDFF8D881DFF8D8A1DFF8D8910190D8
:1027F00019E0BB4233D1059B434500F0A48053450B
:1028000035D04B452BD104996369C5F8F4100439D0
:10281000C5F8F0301944204604F094F96269E36881
:102820009A4280F0BA800C2202AB0DEB02012046E6
:1028300004F0C2F80028C4D1029B0C2BC1D1039B29
:10284000B342D6D104996369C5F8EC100439194430
:10285000043BC5F8E830204604F074F9DEE704993B
:10286000043963692046194404F06CF9D6E795F8F9
:10287000AC10049BD5F8A80000930131C9B285F8CB
:10288000AC10C1EBC101C90011F012FD02ABC5F8DB
:10289000A800082203A9204604F08EF8002890D151
:1028A000029B082B8DD1414B039A9A4285D195F812
:1028B000AC30D5F8A8106FF03700382212FB0303B4
:1028C0001944204602AB04F077F800287FF479AF72
:1028D000DDF808B0BBF1380F7FF473AF02AB08220C
:1028E00003A9204604F068F800287FF46AAF029B31
:1028F000082B7FF466AF2E4B039A9A427FF45DAFAC
:1029000095F8AC206FF037031BFB023BD5F8A830DD
:10291000284A53F80B3093422DD002F6EB32934203
:1029200025D102AB102205F1D501204604F044F870
:1029300000287FF446AF029B102B7FF442AF009B30
:10294000A3F15C018DE702AB402205F1680120464E
:1029500004F032F800287FF434AF029B402B7FF460
:1029600030AF154BAA6E9A423FF458AF25E7009B53
:10297000A3F14C0175E702AB282205F1AD01204619
:1029800004F01AF800287FF41CAF029B282B7FF478
:1029900018AF009BA3F1740163E7019812E700BF31
:1029A00041564920696478314C49535473747268B4
:1029B0007374726676696473617669686864726C50
:1029C0007374726C6D6F76691AB140F8041B013A2A
:1029D000FBD170472F4A136823F0070343F002032B
:1029E00010B51360136803F00703022BFAD12A49CC
:1029F0002A4B0A6822F4404242F400420A601A68F4
:102A000042F480321A601A689003FCD51A6824498F
:102A100042F400221A605868224A01400A435A6070
:102A200059681E4A21F440315960196841F080719B
:102A3000196013689901FCD5174A53685B04FCD5EB
:102A4000164CA36823F0F003A360A36823F4E053BB
:102A500043F48053A360A36823F46043A360A36896
:102A600023F0030343F00203A360A36803F00C0305
:102A7000082BFAD10C4803F05DF80F2001F09EFD01
:102A800008B172B6FEE7D4F88C3023F08073C4F836
:102A90008C3010BD003C0240007000400038024005
:102AA0000080BFFF192A400000BD010500000000A2
:102AB0002DE9F04FBE4B2DED048B1A6842F40072E5
:102AC000D5B01A601A6842F480621A601A6842F43B
:102AD00080721A6001F096FDFFF77CFFB54BB64A95
:102AE0001B68A2FB03239B09013BB3F1807F0AD241
:102AF0004FF0E022B1485361F0240021072380F811
:102B00002340916113610025CDE93855CDE93A554F
:102B1000AB4CAC4F236BAC48DFF8C08243F00403EE
:102B20002363236B03F004031A931A9B236B43F074
:102B300080032363236B03F080031B931B9B236B96
:102B400043F001032363236B03F001031C931C9BDD
:102B5000236B43F002032363236B03F002031D93F3
:102B60001D9B9A4B4FF000528261BB614FF0C053E6
:102B7000C8F818304FF4805A1E234FF40052C8F89A
:102B8000183036A9C7F818A001230126CDE936234D
:102B900002F046FD41F6020336A940464FF0020915
:102BA000CDE93855CDE936363A9502F039FD0C239A
:102BB00036A94046CDE9395536933796CDF8E090A1
:102BC00002F02EFD102336A94046CDE93956369342
:102BD000CDE9376902F024FD40F2454336A9384675
:102BE000CDE93765CDE93955369302F019FD02225A
:102BF000002336A93846CDE936233A9502F010FD78
:102C000036A93846CDE93956CDE93769CDF8D8A08F
:102C100002F006FD36A94FF4607200233846CDE974
:102C200036233A9602F0FCFC236B644A43F400130B
:102C30002363236B03F400131893189B236B43F453
:102C400080032363236B03F480031993199BD368D8
:102C5000C3F30223C3F10702191D042A28BF04226B
:102C6000062988BFDD1E4FF0FF339340DB4303F09E
:102C70000203AB40564A1B01DBB282F80E334FF41D
:102C8000804313604D4BDB68C3F30223C3F107019C
:102C90001A1D042928BF0421062A88BFDA1E4FF016
:102CA000FF3303FA01F36FEA030398BF002203F036
:102CB000020393401B01464ADBB282F80F334FF404
:102CC000004313603D4B424FDB68C3F30223C3F163
:102CD00007011A1D042928BF0421062A88BFDA1E0D
:102CE0004FF0FF3303FA01F36FEA030398BF0022AA
:102CF00003F0030393401B01DBB287F83B334FF033
:102D000000637B6000242E4D324E2822002136A81D
:102D100012F0DFF82F942B6C2A4843F480432B6485
:102D20002B6C03F480431693169B2B6B43F002032A
:102D30002B632B6B9FED1C9B03F0020317934FF04B
:102D40000308179BCDF8B8804FF4604202232CA9EA
:102D5000CDE92C238DED309B02F062FC1E4B9A6D69
:102D600022F060629A659A6D22F0C0029A659A6DAF
:102D700022F4403242F480329A659A6D22F49072C5
:102D80009A659A6D22F400729A659A6D42F4806297
:102D90009A659A6D22F4C0529A659A6D22F4C042E7
:102DA0009A65DA6E1CE000BF01000000050000001B
:102DB000003C024004000020D34D621000ED00E012
:102DC00000380240000402400008024000004504B0
:102DD00000E100E0003800400060024000000240D6
:102DE00042F00402DA66DA6E42EA0802DA669A6DA6
:102DF00022F0C07242F080729A659A6D22F4C0028D
:102E00009A651A6F22F060621A671A6F22F0C00288
:102E100042F040021A671A6F22F4403242F48032C4
:102E20001A671A6F22F490721A671A6F22F40072EE
:102E30001A671A6F42F480621A671A6F22F4C0523E
:102E40001A671A6F22F4C0421A67D3F8842042F03E
:102E50000402C3F88420D3F8842042EA0802C3F8AD
:102E600084201A6F22F0C07242F080721A671A6FC3
:102E70009FEDA58B22F4C0021A674FF4827A4FF4BB
:102E80000079302336A93046CDE93B93CDF8DCA05C
:102E9000CDE938448DED3E8B36943A943D9402F062
:102EA00097FC736823F0100373602146282236A82C
:102EB00012F00FF82F946B6C954843F480536B64B9
:102EC0006B6C03F480531493149B2B6B43F001033E
:102ED0002B632B6BCDF8B88003F001031593159B82
:102EE0002CA9A0220223CDE92C238DED309B02F0EA
:102EF00097FB884B9A6D22F0606242F0C0629A653F
:102F00009A6D22F0C00242F040029A659A6D22F456
:102F100040329A659A6D22F490729A659A6D22F405
:102F200000729A659A6D42F480629A659A6D22F4F5
:102F3000C05242F400629A659A6D22F4C04242F493
:102F400000529A65DA6E42F00402DA66DA6E42EAFC
:102F50000802DA669A6D22F0C07242F080729A65B9
:102F60009A6D06F5784622F4C0029A654FF0020B7E
:102F70004FF4006336A93046CDE9383BCDE9364AF7
:102F8000CDE93A49CDE93C448DED3E8B02F020FC81
:102F9000736823F0100373602022214636A8ADF831
:102FA0009A40CDF88A40CDF88E40CDF89240CDF8C9
:102FB000964011F08EFFCDE92C44CDE92E44CDE9A9
:102FC00030442B6C43EA0B032B642B6C03EA0B039A
:102FD000A6F596361293129B22A9D12340F2E73A26
:102FE00030462493ADF888A002F07AFC32684FF0A6
:102FF000804322F080023260D3F8182442F00802A5
:10300000C3F8182460216922CDE9361439920121D0
:1030100036AA304638943A9402F0A8FC4FF0804328
:103020004022D3F818143A4821F00401C3F81814C8
:10303000736823F070037360B36823F08003B36098
:103040002B6B43F001032B632B6B03F001031393F2
:10305000CDE92C2B139B002202232CA9CDE9302390
:10306000CDE92E4402F0DCFACDE93644CDE938440E
:103070003A946B6C43F400336B646B6C264D03F431
:1030800000331193119BEB6887F819434FF00073DD
:103090003B6006F5A036214B389336A93046ADF893
:1030A000D8A03794399402F01BFC1D48DFF880C08B
:1030B000C0E90244C0E90544C0E90744336823F08D
:1030C00080033360174BC0E900C34FF480430361B2
:1030D00001F078FD034608B172B6FEE71248134FBF
:1030E0000361C0E90233C0E906334FF4E133C0E9BC
:1030F00000730C23436102F001FA0446D0B172B6AA
:10310000FEE700BFAFF30080000000000A000000EF
:10311000000002400064024000ED00E0A401F0FF66
:1031200038030020A0860100F002002000100140BA
:10313000005C004007F040FA07F05CFA012007F05D
:103140006FFA07239FEDAA0B1A460093012119205D
:1031500005F0AEF948F2020005F094FA40F2DC50B6
:1031600005F0C2FAA64823464246802107F03AF904
:10317000A34823462246494607F034F9A04823468F
:1031800001224FF4807107F02DF9F36843F0010339
:10319000F360336843F00103336010F083FDD5F82A
:1031A000FC3013F080730BD1D5F8FC2042F0807214
:1031B000C5F8FC20934A5360136843F00103136081
:1031C0000823ADF898300423ADF8A0301023ADF8F3
:1031D000A83089A3D3E900238B4C8C4E2596CDE9EA
:1031E000222394E80F000DF12C0E0DF1780C03272B
:1031F0008CE80F002796299624978EE80F0022ABC3
:103200000993834B0893834B0793834B0693834B1C
:10321000DFF840824FF0AA094FF4A07ACDE9047399
:10322000CDE9009A002523234FF0020B039502936A
:10323000CDF828B053464A4636A9D8F8000000F029
:1032400071FB8146C8F8000000F066FC74494846EE
:1032500000F0B6FC10342A467249734803F03EFB76
:103260000FCC0DF1B00CACE80F000FCCACE80F00A8
:1032700094E803008CE8030005F020F84946836BCE
:1032800080469847B9F80430B9F806200092D8F87B
:103290003C402A460621063B4046A047D8F840302D
:1032A0002CA9404698476149D8F844304046984791
:1032B000012229463B46D8F848404046A0471E20F8
:1032C00002F026FC05F060F9594B5A4C83ED000AD8
:1032D00010EE100AFDF778FD02460B465648574996
:1032E00011F078FDFF23CDE90235554B01932A46B5
:1032F0002946514B0094484600F05CFF05F076F9F2
:10330000504B10EE100A83ED000AFDF75DFD0246FA
:103310000B4649484C4911F05DFD4FF47F424FF494
:103320007F00CDE9012029461922434B00940395E3
:103330004846334C00F03EFF0123A361642002F0B5
:10334000E7FB424B5A68950745D43549404F344D09
:10335000484600F035FC0521404604F0F1FF002608
:1033600019E0D8F8583040469847D8F85C30824683
:1033700040469847B9F806300293B9F80430014640
:10338000CDE900434A4623465046FEF753FA294604
:10339000484600F015FCD8F8503040469847D8F819
:1033A00054304046984704460028DAD0D8F80C300C
:1033B0000396DA6802925B680193D8F810300093A4
:1033C00000223B461421484600F0F4FE07F062F864
:1033D0000028FBD0DBE71A6842F008021A60336964
:1033E0004FF48070DB0748BF236902F05FF8ACE759
:1033F0002D431CEBE2360A400030014000640240DD
:1034000000040240001000E0206F010800000240AC
:10341000B5450008AD45000865450008454500086C
:10342000B19B3100B80500208C030020140000205F
:10343000E802002008000020B402002044700108C7
:1034400000FFFF00EC0200205070010800700040F7
:103450005C700108C405002082B00C4B0021009173
:103460005A6C42F480425A645A6C02F480420092D0
:10347000009A01911A6C42F080521A641B6C03F09E
:1034800080530193019B02B0704700BF0038024097
:1034900070B5244B02688AB000249A42CDE90444F6
:1034A000CDE90644089401D00AB070BD1E4D0194C8
:1034B0002B6B1E4843F001032B632B6B03F00103BE
:1034C0000193019B02942B6B43F002032B632B6B44
:1034D00003F0020302934FF480721223CDE9042318
:1034E0000326042304A9CDE90763029A01F01EF91B
:1034F00010230DEB03010493122305930C480923B9
:103500000893CDE9064601F011F903942B6C43F4BE
:1035100000032B642B6C03F400030393039B0AB09A
:1035200070BD00BF005C0040003802400000024057
:10353000000402400000000010B51B4A016888B07A
:1035400000239142CDE90233CDE90433069301D043
:1035500008B010BD02F594320093506C40F010009A
:103560005064506C00F01000009000980193136BB1
:103570000E4843F001031363136B9FED097B03F0C7
:10358000010301930322072302A98DED027BCDE9FC
:103590000523019C01F0CAF808B010BDAFF300800C
:1035A0000006000002000000001001400000024080
:1035B000FEE700BFFEE700BFFEE700BFFEE700BF7B
:1035C000FEE700BF704700BF704700BF704700BFF5
:1035D000024A13680133136001F02EB8BC050020C5
:1035E000704700BF704700BF06F062BF014803216B
:1035F00000F060BF00640240F8B52C4C63685905C8
:103600000DD463681B0506D4284B4FF47C62DA6046
:10361000BFF34F8FF8BD264D2868C0B9F4E7244D9D
:10362000286810B3FFF796F808BB2868D0F8981000
:10363000D0F89C40DFF874C0D0E92423561844EB3E
:103640000307C0E92467DCF804301A05DCD5FFF76E
:1036500081F8D8B92B68D3E92401D3E92626841848
:1036600046EB0105C3E92445CEE76368CCE70522B4
:103670002146104810F07AFC2868FFF77DF828688A
:10368000FEF7E0FF002318462B60CFE7052207492D
:10369000084810F06BFC2868FFF76EF82868FEF702
:1036A000D1FF002213462A60D5E700BF0060024028
:1036B000B0020020003C00400120704708B511F026
:1036C00081FC162303604FF0FF3008BD08B511F0F0
:1036D00079FC16230360FEE770B5161E07DD0C4665
:1036E0008D19AFF3008004F8010BA542F9D13046E3
:1036F00070BD00BF70B5161E07DD0C468D1914F89D
:10370000010BAFF30080A542F9D1304670BD00BF78
:103710004FF0FF30704700BF4FF400534B60002064
:10372000704700BF01207047002070470C490D4AC8
:103730000B6810B50C4C121B2BB11844904207D8E3
:103740000860184610BD094B0B6018449042F7D929
:1037500011F038FC0C2303604FF0FF33184610BD06
:10376000C00500200000012000040000883800206F
:10377000034AD2F8883043F47003C2F888307047A7
:1037800000ED00E0DFF834D00D480E490E4A00236A
:1037900002E0D458C4500433C4188C42F9D30B4A05
:1037A0000B4C002301E013600432A242FBD3FFF76D
:1037B000DFFF11F00DFCFFF77BF9704700000120DF
:1037C0000000002090020020AC2702089002002098
:1037D00088380020FEE70000036C13B1B0F84420E5
:1037E0009A617047026C1AB1B0F844301B049361BF
:1037F000704700BF836B828F9A617047F8B5456A46
:103800002B685B06044672D494F865302BB9236CA0
:103810001BB1B4F8442012049A612B6823F42C43A2
:103820002B602B6843F040032B600B78012B3CD0BE
:10383000022B6FD0002B60D1A28F636AA66B4878F1
:103840001204B26118739A68960707D400BF9A6889
:103850009007FBD59A68120603D500BF9A68120636
:10386000FBD48E7801F1030E002E59D070460EEB7A
:10387000060C636AA76B10F8012BA18FB9611A734C
:103880009A68970707D400BF9A689107FBD59A6892
:10389000120603D500BF9A681206FBD46045E8D132
:1038A0000EEB06010B78012BC2D14E7801F1020E0E
:1038B000002E35D070460EEB060C636AA76B10F82D
:1038C000012BA18FB9611A739A68970707D400BFBB
:1038D0009A689107FBD59A68120603D500BF9A68CB
:1038E0001206FBD46045E8D10EEB0601DAE700BF13
:1038F000636A1B685F0687D5F9E794F8653023B9DA
:10390000236C13B1B4F844209A612B6823F0400370
:103910002B60F8BD48788E1C02F0FAF8314684E737
:10392000714682E72DE9F04F83B01F46BDF938306C
:103930000093BDF93C30BDF830B0BDF834A09DF81F
:1039400040809DF858900193002900F0CF800C46EC
:103950000646002115462046742211F0BAFADDF819
:1039600054C084F84890BCE80F0004F1240EAEE87F
:103970000F00BCE80F00AEE80F00DCF80030CEF816
:103980000030A36A002B3CD0E26A6249895C5A5835
:1039900022F001025A505A58D20703EB010005D514
:1039A00000BF0268D207FBD494F84890B9F1010F28
:1039B0000BD0B9F1020F0ED15A5822F4F0425A50EE
:1039C0005A5842F420525A5005E05A5822F4F04214
:1039D0005A505A585A505A5822F4802222F00E0255
:1039E0005A50426922F0800242615A5842F0100255
:1039F0005A505A5822F400725A505A5842F480626F
:103A00005A50AF423A4638BF2A46BD4228BF3D46CB
:103A1000B8F1030F65D8DFE808F054025402B8F19A
:103A2000010F67D0019BAAEB03039B1A2846594656
:103A3000009D01951BB21546D346009302468A4667
:103A4000009B6381019BA3810023194665F30F014D
:103A50006BF30F036AF31F4362F31F41AB4523600F
:103A600061603ED392453CD3119B002B39D0129B11
:103A7000002B36D0119A6261129AA261139AE26108
:103A800017AB149A22620FCB002504F14C0784F87F
:103A9000088087E80F00C4E91B5584F8645066B1BC
:103AA000326F42B12B461646126F0133DBB2002A49
:103AB000F9D184F86430E6663467204603B0BDE887
:103AC000F08FB8F1000FBBD0009BABEB0301019B63
:103AD000AAEB0303491B9B1A09B21BB20091019385
:103AE000AEE774220021204611F0F3F9002003B064
:103AF000BDE8F08F009BABEB03035B1B28465946E8
:103B0000019D00951BB21546D346019302468A4695
:103B100096E700BFC0800108036B10B504465BB197
:103B2000828E12049A61192001F0F2FF236BA28E9B
:103B30009A61192001F0ECFF6369207A98470146E9
:103B40002046FFF75BFE94F85A10E26C64290B469E
:103B500028BF642384F85A300AB3D16A174801FB9E
:103B600003F3216DA0FB0303B1F5807F4FEA5313EC
:103B700022D00FD801291DD0102900D193631368DA
:103B8000DB0706D4136A19431162136843F001037B
:103B9000136010BDB1F5805FF1D11364EFE7636D81
:103BA000002BF6D0B4F8582009B19A6110BD120468
:103BB0009A61FBE75363E2E7D363E0E71F85EB51CC
:103BC00010B5C4888388013C82B00022A4B2013BB6
:103BD000CDE900419BB2114600F0FDFB02B010BDE3
:103BE0002DE9F04F87B08B469B451199BDF9409068
:103BF0000391824600F089804A4562D0A9EB020712
:103C0000A3EB0B0687EAE77486EAE670A4EBE77499
:103C1000A0EBE6708442C84696469C467BDC9B45FA
:103C200000F3CA80C6F3C03505FA86F54A45B7B237
:103C30004FEA6505C0F2FD805A46A6B29946F346A2
:103C40004FF6FF78BAF804309A4242EA0B0194B278
:103C500026DABAF806309B451FFA8BF220DA0904FF
:103C60001ED4009223462146504600F0D7FA03990D
:103C70004A090B0A03F4784302F4F8621A43C1F3C9
:103C8000C40313439AF84820012A1BB200D1DBBABF
:103C900001220DF116015046ADF8163000F020FB60
:103CA000AB1B1DB20134002D22B29BB204DA3B449F
:103CB000C3441DB20FFA8BFB4A45C3DD07B0BDE814
:103CC000F08F9B4502DD58469B460346002BF5DBF3
:103CD000BAF804005845F1DD002AEFDBBAF8060017
:103CE0004845EBDD0399119129EAE9792BEAEB7B51
:103CF00092B210929BB21FFA89F21FFA8BF15046D2
:103D000007B0BDE8F04F00F066BB4A45DEDC484630
:103D100091460246DAE74A456BDCC7F3C03505FA3F
:103D200087F54FF6FF78BFB26D109B45B8BF4FF0D7
:103D3000010806468442B6B284DDBAF804309B45D9
:103D40004BEA020194B226DABAF806C094451FFA8B
:103D50008BF320DD0A041ED41946224650460094F7
:103D600000F05CFA0398010A430903F4F86301F4D4
:103D700078411943C0F3C4030B439AF84810012259
:103D800091421BB200D1DBBA0DF116015046ADF8DD
:103D9000163000F0A5FAAB1B1DB20134002D22B283
:103DA0009BB204DA3B44C3441DB20FFA8BFB4A4575
:103DB000C3DD07B0BDE8F08FABEB0307A2EB09064C
:103DC000C7F3C035002E05FA87F5B8BF76424A45DD
:103DD000BFB24FEA650525DC5B464A46E3464FF62F
:103DE000FF785B45FFF66AAF944699465A46E3462C
:103DF000A0E7A2EB0907ABEB0306C7F3C035002E23
:103E000005FA87F5B8BF76429B45BFB24FEA650514
:103E100005DC91469B4642464FF6FF788AE74B46C3
:103E20009346E146CC461A46D9464FF00108E34690
:103E300080E726464FF00108D3E700BF2DE9F043A5
:103E400083B00446DDF82C90BDF9288000920E4620
:103E50001546CDF804901F46FFF7C2FE33462A46AA
:103E600031462046CDE90089FFF7BAFE31463B4690
:103E700042462046CDE90089FFF7B2FE3B462A467E
:103E800039462046CDE90A8903B0BDE8F043FFF783
:103E9000A7BE00BF10B59942BDF908C0039C02DC63
:103EA0009E460B467146624502DCE64694467246E3
:103EB000002909DBB0F804E09E4505DD002A03DB9C
:103EC000B0F806E0E64500DC10BD2CEAEC7E92B2CC
:103ED00023EAE37C029203948BB21FFA8EF21FFA5C
:103EE0008CF1BDE8104000F076BA00BF2DE9F04F2C
:103EF0008BB09046159AAE4D02915409C2F307411A
:103F000005EA012104F4F8642143C2F3C4020A4320
:103F10000FFA82FE90F84810169ADDF850909DF83E
:103F20005CC0D9F804400129C2F3074105EA012128
:103F30004FEA521505F4F86541EA0501C2F3C405DC
:103F400045EA010500F010812DB2774699F8082066
:103F50009A4204D899F80910994280F09980002378
:103F600099F800104A1ED21002F1010BBBF1040FA8
:103F700003922FDC99F801200BFB03F302FB034AA9
:103F80004FEACB03013B0126446A9E40BCF1000F7F
:103F900000F08180F2B100279EFABEF3CDF8509078
:103FA0000693CDF810B0CDF81CE0B946039A032A69
:103FB00015D8DFE802F05F5C621200BFA3681B0641
:103FC000FBD42368026C23F04003236012B1B0F8E5
:103FD000443093610BB0BDE8F08FDAF80070049BB9
:103FE0009A440029F6D0029C00250FFA88FB04E0D1
:103FF00001350134A942A4B22EDD07FA05F333429C
:10400000F6D0828823B29A4248EA040CF0DDC388D5
:104010005B45EDDD1CF4004F2346E9D121464246C5
:10402000CDF80080059000F0F9F8059890F8483038
:1040300001229342DDE9061308BF0B460DF126016C
:10404000ADF8263000F04CF9149B0598197801352D
:104050000134A942A4B2D0DC149B5B7809F10109B8
:104060004B45B7DD08F101081FFA88F89EE7BAF85A
:104070000070B4E79AF80070B1E79AF802709AF805
:1040800001303F0447EA03279AF800301F43A6E7B0
:104090009B1ADBB264E708F1FF3313449BB2009331
:1040A000029B013B0B444246029902909BB200F0F6
:1040B000B5F80298026C1AB1B0F844301B04936151
:1040C000836B828F9A61236823F040032360236807
:1040D00023F42C43236090F84830022B48D0236807
:1040E00043F04003236099F80130002B38D0BBF136
:1040F000010F99F80030BFB21FFA85FC4FF0000E97
:104100002AD0BBF1020F45D0BBF1030F45D0DAF83E
:104110000050DA4423B3002205FA02F1A3683142C9
:104120000CBF614639469B0703D400BFA3689B07B9
:10413000FBD590F84830022B1FD1E16099F8003090
:1041400001329342E8DC99F801200EF1010E72452C
:1041500006DDBBF1010FD4D19AF80050D9E700BFBA
:10416000A3689A07FBD529E7EDBA9EFABEF7EDE6FC
:10417000236843F400632360B1E7CBB22373A368E1
:104180009B074FEA112103D400BFA3689B07FBD50F
:104190002173D3E7BAF80050BBE79AF802509AF8B7
:1041A00001202D0445EA02259AF800201543B0E7C6
:1041B00000F8FFFF2DE9F04F1F4685B01B780E9EDB
:1041C0009DF844A0DDE90F8905460C469346F3B1FE
:1041D0003178AA8821449142284609DD7278E9881D
:1041E00093441FFA8BFB5A448A424FF000040EDCC2
:1041F0002146CDE9029ACDE900685A46FFF776FEDE
:10420000317817F8013F0C44A4B2002BE1D1EC81C6
:10421000A5F810B005B0BDE8F08F00BF30B52C2573
:10422000B0F80CE0BDF80C407444724434B42B2553
:10423000B0F80AE003EB0E0401EB0E032A223CB4B3
:10424000D0F824E0036C846BB0F84450B0F83CC064
:10425000DEF80000010010F04000F9D121F42C41FB
:1042600041F04001CEF8001013B14FEA05409861CB
:104270004FEA0C40A06101BC8EF80C00DEF808107B
:1042800011F00201FAD0DEF8081011F08001FAD125
:104290002C281AD0C4F818C0022201BC4FEA102101
:1042A0008EF80C10DEF8081011F00201FAD08EF82A
:1042B0000C00DEF808108900FBD0013AEDD1DEF8E1
:1042C000081011F08001FAD1D2E703B19D61DEF848
:1042D000000020F0400040F40060CEF8000030BD47
:1042E00030B56D40D0F824E0DEF800309C4613F085
:1042F0004003F9D14CF0400CCEF800C0036C23B160
:10430000B0F844C04FEA0C449C61846B808FA0617C
:104310000888CEF80C002D4305B90231DEF80800FC
:1043200010F00200FAD0013AF2D1DEF8080010F0E5
:104330008000FAD10BB1C3F818C0DEF8000020F0FD
:104340004000CEF8000030BDD0F828C05CEA0C0C6C
:104350003FF4C6AF30B56D40D0F824E0DEF8003051
:104360001C0013F040037FF4BFAF44F04004CEF8CC
:104370000040DEF8044044F00204CEF80440036C30
:104380001BB1B0F8444024049C61836B848F9C6112
:1043900000F16004C06A182300FB03CC0CF110008C
:1043A0004FF6FF739A42CEBFD21A13460022226004
:1043B00043600EF10C0EC0F808E0C16001682D43A7
:1043C0000CBF41F4806121F4806141F0010121F4CE
:1043D0000071016030BD30B59942C2BF8E461946AA
:1043E0007346BDF80C40A242C2BF964622467446B0
:1043F000B0F804E0AEF1010E714531DCB0F806C052
:10440000ACF1010C62452BDC7345C8BF73466445B3
:10441000C8BF644682B000945D1A05F10105A41A74
:1044200005FB04550400FFF7F9FE02B00498C0F341
:10443000C401C0F3852241EA4211C0F3C44241EAFB
:10444000C221A4F86810200000F168012A000125AB
:10445000D0F828C05CEA0C0C3FF444AFFFF77CBFF7
:1044600030BD30B5B0F804E0714521D201EB030C4A
:10447000F4451DD8B0F806E0724519D2039C151911
:10448000754515D804FB03F4013D82B00095ACF1ED
:1044900001030500FFF7C2FE02B0280004992200C4
:1044A000059BBDE830401B433FF41AAFFFF74CBFFC
:1044B00030BD000000B50B00032BC6BF043B4FF01E
:1044C0000C0E4FF0080E0FF2740C1CF803C03F22C4
:1044D00002FA0CF240F80E20182201FB020000F153
:1044E0001000016821F001010160016811F0010173
:1044F000FBD1134B1B681A6E6AB14FF6FF718A42EB
:10450000CEBF521A1146002241601A66016841F07E
:104510000101016000BD586A416821F0020141605B
:10452000816811F08001FBD11A6C12B1B3F844100C
:104530009161016821F04001016000BD0006101684
:10454000C40500200138C0B202289CBF034B1B5C8D
:10455000034888BF0023C375704700BFE8DA01082D
:104560005000002000B54FEA102C4FF0000E6CF305
:10457000070E60F30F2E100A60F3174E62F31F6EE2
:104580004FF0000C0A0A62F3070C61F30F2C1A0AB1
:10459000054862F3174C63F31F6CC0F803E0C0F8E2
:1045A0000AC05DF804FB00BF3C00002000487047D3
:1045B00034000020004870472C00002038B50E4A17
:1045C0000E4B1278054618684FF47A73B3FBF2F37A
:1045D000B0FBF3F000F090F808B90F2D01D90120DD
:1045E00038BD0446024629464FF0FF3000F048F837
:1045F000034B20461D6038BDBD0000200400002094
:10460000C000002008B50B4B1A6842F400721A6013
:104610001A6842F480621A601A6842F480721A6062
:10462000032000F01BF80F20FFF7C8FFFEF714FF70
:10463000002008BD003C0240034A044B11681B786F
:104640000B441360704700BFC8050020BD00002068
:10465000014B1868704700BFC80500200749CA68A9
:1046600003024FF6FF0003F4E0630240134343F0FC
:10467000BF6343F40033CB60704700BF00ED00E040
:104680001B4BDB68C3F3022300B5C3F1070EBEF179
:10469000040F03F1040C28BF4FF0040EBCF1060F09
:1046A0001CD9A3F1030C4FF0FF3303FA0CF322EAF9
:1046B00003024FF0FF3303FA0EF321EA030303FA78
:1046C0000CF313431B010028DBB20ADB00F160404E
:1046D00000F5614080F800335DF804FB0022944649
:1046E000E7E7044A00F00F00024413765DF804FB8C
:1046F00000ED00E0FCEC00E00138B0F1807F01D378
:104700000120704710B44FF0E023074C58614FF080
:10471000F00C84F823C00022072110469A615DF84E
:10472000044B1961704700BF00ED00E02DE9F04F28
:10473000C04B0A68984285B04FF000034FF0010B60
:1047400000F0C480DFF8FCA2894602E00133102BA0
:104750007BD00BFA03F101EA02089143F6D1D9F8B4
:10476000044004F0030C590003250CF1FF368D4082
:10477000012E6FEA05056BD9BCF1030F40F074817F
:1047800006680CFA01F13540294314F4403F0160FA
:10479000DCD000210391DAF8441041F48041CAF8DA
:1047A0004410DAF8441001F480410391039923F096
:1047B000030101F1804103F003060F2701F59C314D
:1047C000B60007FA06FC9C4F8D68B84225EA0C0536
:1047D00076D09A4FB84200F03B81DFF86CC260455A
:1047E00000F03C81DFF864C260450CBF4FF0040C60
:1047F0004FF0070C0CFA06F635438D609049896836
:10480000E6026FEA08058E4E54BF294048EA0101CE
:10481000B160F1688A4EA70254BF294048EA0101FD
:10482000F1607168A603864E54BF294048EA010131
:1048300071603168E40303F10103814C54BF2940E6
:1048400048EA0101102B216083D105B0BDE8F08F4B
:10485000866806EA050ED9F80C608E4046EA0E0618
:104860008660466826EA080EC4F300169E4046EAB3
:104870000E064660C66806EA050ED9F808608E4046
:1048800046EA0E06BCF1020FC6607FF479AFDE087F
:1048900000EB86060196376AD9F81060009703F09E
:1048A000070E4FEA8E0E0F2706FA0EF607FA0EFED7
:1048B000009F27EA0E0E019F46EA0E063E625FE762
:1048C0004FF0010C0CFA06F6354396E7DFF87081DD
:1048D00002E00133102BB8D00BFA03F402EA04060D
:1048E0009443F6D14D6805F0030400945F0003245F
:1048F00004FA07FC009C6FEA0C0A04F1FF3CBCF1CF
:10490000010F4CD9032C40F0B980009CBC400768D3
:1049100007EA0A073C4315F4403F0460D9D0494FE9
:10492000002403947C6C44F480447C647C6C04F428
:1049300080440394039C23F0030404F1804404F5B1
:104940009C3403F003074FF00F0CBF000CFA07F77D
:10495000D4F808C02CEA0707A76015F4801FD8F820
:1049600008406FEA060762D13C40C8F8084015F4D9
:10497000001FD8F80C4058D13C40C8F80C4015F442
:10498000003FD8F804404ED13C40C8F80440ED0345
:10499000D8F8004045D43C40C8F8004099E7D0F82A
:1049A00008E0CC680AEA0E0E04FA07FC4CEA0E0C8A
:1049B000C0F808C0D0F804E0C5F3001C2EEA060ECB
:1049C0000CFA03FC4CEA0E0CC0F804C08C68D0F85A
:1049D0000CE004FA07FC009C0AEA0E0E4CEA0E0CEE
:1049E000022CC0F80CC090D14FEAD30C4FEA8C0CCB
:1049F0000C690CF1804C03F0070E0CF5003C4FEAFB
:104A00008E0E04FA0EF4DCF8209001940F2404FAC0
:104A10000EFE019C29EA0E0944EA090ECCF820E0BA
:104A200073E73443B8E73443AFE73443A5E734438F
:104A30009BE700BF00000240000402400008024063
:104A4000003C014000380240000C024000100240CF
:104A50004FF0020C0CFA06F63543CEE64FF0030C8D
:104A60000CFA06F63543C8E6C66806EA050ED9F81C
:104A700008608E4046EA0E06C66081E6DFF818E060
:104A80008C68DEF80C9004FA07FC0AEA09094CEA83
:104A9000090CCEF80CC038E70000024030B50446DF
:104AA000481C83B021D1236802E05A69550505D41A
:104AB0005A699207F9D5002003B030BD1A6842F454
:104AC00000721A6000216FF4806020225861216317
:104AD00084F83D2084F83E10236C43F004032364E3
:104AE000002384F83C300120E6E720684569AD07E3
:104AF0000346E0D440694005E0D4CDE90012FFF759
:104B0000A7FD019A0099831A9942206801D30029D0
:104B1000ECD143699B07E9D400232022236384F866
:104B20003D2084F83E30236C13432364D8E700BF54
:104B300030B50446481C83B021D1236802E05A698D
:104B4000550505D45A691207F9D5002003B030BDC8
:104B50001A6842F400721A6000216FF4806020220B
:104B60005861216384F83D2084F83E10236C43F0A3
:104B700004032364002384F83C300120E6E7206826
:104B800045692D070346E0D440694005E0D4CDE9EE
:104B90000012FFF75DFD019A0099831A994220687F
:104BA00001D30029ECD143691B07E9D4002320225B
:104BB000236384F83D2084F83E30236C1343236440
:104BC000D8E700BF002800F0B88070B590F83D30FD
:104BD000044603F0FF02002B00F098802368242293
:104BE00084F83D201A6822F001021A601A6842F423
:104BF00000421A601A6822F400421A6000F05EFC5B
:104C00004F4B65689D424FD84E4B98427CD94E4BD6
:104C10006A00A3FB0035431EB3FBF2F32268516820
:104C200021F03F0141EA95415160116A4FEA954CEC
:104C30000CF1010C21F03F0141EA0C011162D16934
:104C400040F6FC70013321F44F41034221F0FF0193
:104C500061D104230B43D361D4E9073011680343C6
:104C600021F0C0010B4313609168D4E9030321F4E0
:104C70000341034321F0FF010B439360D4E9053066
:104C8000D168034321F0FF010B43D3601168002377
:104C900041F0010120201160236484F83D0023636A
:104CA00084F83E30184670BD284B98422CD92268B3
:104CB000254B274EA3FB003C431E506820F03F00CD
:104CC00040EA9C4050604FEA9C414FF4967000FBD4
:104CD00001F1A6FB0161106A890920F03F00013152
:104CE00001431162D169A06821F44F4121F0FF0115
:104CF000A0B905EB4505B3FBF5F30133C3F30B0393
:104D0000CBB143F40043A5E7012070BD80F83C20FF
:104D1000FEF7BEFB62E7C3F30B039BE705EB8505DC
:104D200005EB8505B3FBF5F30133C3F30B0313B1B7
:104D300043F440438EE701238CE70120704700BF16
:104D4000A08601007F841E0083DE1B43FF083D0018
:104D5000D34D62102DE9F047044682B099460A9F70
:104D600088469246FFF774FC94F83D30202B04D01F
:104D70000225284602B0BDE8F08725680646AB69E3
:104D80009B0717D5FFF764FC801B19282568F6D907
:104D9000AB69DB4313F00203F1D12022236384F8D3
:104DA0003D2084F83E30226C84F83C3042F02002F2
:104DB0002264DDE794F83C30012BD9D0012384F83C
:104DC0003C302B68D80765D52B68864A23F40063EE
:104DD0002B60212384F83D30102384F83E300023DB
:104DE0002364A4F82A90638DE2622385E36AC4F801
:104DF00024A0082B06D0012B04D0934202D0236BB1
:104E0000122B03D12B6843F480732B60791C40F084
:104E1000C1806B69DA07FCD52369B3F5804F3ED1B9
:104E200008F0FE032B61324639462046FFF736FE76
:104E30000546002829D1236801905A6901929A6990
:104E4000208D0192019A002869D07A1C79D15A6983
:104E5000110638D45A695205F9D500226FF48060E2
:104E600020215861226384F83D1084F83E20226C92
:104E700042F004022264226C0021042A84F83C10CF
:104E800003D11A6842F400721A600125284602B064
:104E9000BDE8F0872B6843F001032B6094E74FEAED
:104EA000E81303F0060343F0F0032B613246394662
:104EB0002046FFF73DFE0028E7D122685FFA88F31D
:104EC0001361B0E7208DD4F824C0614611F8012B9E
:104ED0001A61628D6162013A92B262855969421E1D
:104EE00092B2490722850CD55AB19CF801201A616B
:104EF0000CF102026262628D013A023892B22085A0
:104F00006285781C2BD15A69510705D45A6952051C
:104F1000A3D45A695107F9D5208D002897D11A6872
:104F2000002142F4007220201A6084F83D0084F8C9
:104F30003C1084F83E101CE71FB95A6912F0800239
:104F40001ED05A691006BDD45A69520585D4FFF7A0
:104F50007FFB831B9F422368EFD3EDE767B15A695C
:104F600051073BD45A6950053FF577AFFFF770FB07
:104F7000831B9F422368F1D25A6912F00402EED1DA
:104F80002021226384F83D1084F83E20226C0A43DD
:104F9000226470E76B69D9073FF53EAFFFF758FB16
:104FA000831B9F42256801D3002FF3D16B69DB0778
:104FB000F0D400222023226384F83D3084F83E2080
:104FC000236C84F83C2043F0200323642B68D8052D
:104FD0007FF55BAF4FF40073236456E7208D002804
:104FE000AFD19CE70000FFFF2DE9F043044687B0F6
:104FF00098460E9E0F469146FFF72AFB94F83D30E7
:10500000202B04D00227384607B0BDE8F0830546C0
:10501000206883699B0717D5FFF71AFB401B1928E7
:105020002068F6D98369DB4313F00203F1D1202213
:10503000236384F83D2084F83E30226C84F83C30B1
:1050400042F020022264DDE794F83C30012BD9D0F5
:10505000012384F83C300368D90753D503689C4A80
:1050600023F400630360222384F83D30102384F886
:105070003E3000232364A4F82A80638DE262E26A52
:1050800023850368C4F8249043F48063082A0360EE
:1050900007D0012A05D012F5803F02D0236B112BD7
:1050A00003D1036843F480730360721C40F02081D5
:1050B0004369DB07FCD52369B3F5804F27D147F05F
:1050C0000103DBB203612A4631462046FFF7E6FCC6
:1050D0000746002833D1228D2368002A34D101905D
:1050E0005A6901929A690192019A1A6842F400720F
:1050F0001A600023202284F83D2084F83C3084F894
:105100003E3080E7036843F001030360A6E74FEAFF
:10511000E71808F0060848F0F00303612A46314614
:105120002046FFF705FD50B92368FFB21F612A46EC
:1051300031462046FFF7B2FC002800F0B38001277B
:10514000384607B0BDE8F083012A196800F07C8179
:10515000022A00F0BF8041F480611960049059690F
:105160000491996904910499032A47D8012A00F00F
:105170004281022A00F01681711C67D15A695207D8
:10518000FCD51A68616A22F480621A601B690B7090
:10519000638D616A228D013B9BB2013A01316385C7
:1051A000731C2285616222686CD153695807FCD553
:1051B000136843F40073136013690B70638D228DC1
:1051C000606A2168013B9BB263850969531E00F147
:1051D000010C2385C4F824C04170228D638D616A5F
:1051E000013A013B013192B29BB261622285638533
:1051F000002A3FF47EAF032A2368B7D95A695206C2
:1052000000F1A780002E00F0A0800CE0FFF720FA4C
:10521000401B8642236802D25A69510624D55A6936
:10522000520600F196805A69D006EFD500226FF041
:10523000100020215861226384F83D1084F83E203C
:10524000236C236484F83C20012779E75A695207CC
:1052500097D4FFF7FDF9431B9E42236801D3002E2C
:10526000F4D15A695107F1D400222023226384F833
:105270003D3084F83E20236C84F83C2043F020032A
:1052800023645CE753695B0700F1EC80FFF7E0F90A
:10529000431B9E42226801D3002EF3D15369590764
:1052A000F0D4E1E72268059053690593936905936B
:1052B000059B1368711C43F48073136040F0D48025
:1052C0005369DB07FCD548F0F1031361FBE600BF2F
:1052D0000000FFFF21F480611960196841F400614A
:1052E00019600390596903919969039103993BE708
:1052F0004369DB073FF5DFAEFFF7AAF9431B9E4288
:10530000206801D3002EF3D14369D907F0D40022DD
:105310002023226384F83D3084F83E20236C84F8F7
:105320003C2043F0200323640368DA057FF507AFD0
:105330004FF40073236402E7FFF78AF923685A6980
:10534000510691D55A69520603D45A69D006F3D54D
:105350006CE7626A1B691370638D2168228D606A35
:10536000013B9BB263854B69013A92B200F1010C9B
:105370005B072285C4F824C07FF53AAF032A03D126
:105380000B6823F480630B600B694370636A228DA2
:1053900001336362638D013A013B92B29BB2228575
:1053A000638525E7701C17D15A695107FCD51A6827
:1053B00042F400721A601A69636A1A70638D626A35
:1053C000013B9BB26385238D013B23852368511CE0
:1053D0001B6961625370D9E75A695007E7D4FFF738
:1053E00037F9431B9E42236801D3002EF4D15A693A
:1053F0005207F1D438E75A69500621D4E6B10CE0DF
:10540000FFF726F9401BB042236803D95A695206B8
:105410007FF52AAF5A69500612D45A69D1063FF572
:1054200005AFEDE7FFF714F923685A6952067FF5D7
:105430001BAF5A69500603D45A69D106F2D5F5E676
:105440001A69636A1A70A1E721F4806119600290F9
:1054500059690291996902910299196841F40071A0
:10546000196081E6616AA3E65369D9073FF52BAF5E
:10547000FFF7EEF8431B9E42226801D3002EF3D1C2
:105480005369DF07F0D400212023216384F83D30E5
:1054900084F83E10236C84F83C1043F0200323640E
:1054A0001368D8053FF544AF49E600BF024A536888
:1054B00023EA00035360704700700040044B054925
:1054C0009B68054A0868C3F38223D35CD8407047C1
:1054D0000038024004000020B8800108044B054950
:1054E0009B68054A0868C3F34233D35CD8407047D1
:1054F0000038024004000020B8800108002800F0B5
:10550000878038B590F84130044603F0FF02002B45
:1055100079D02368E068242284F84120DA6822F4F4
:105520000052DA601969A26821F4405101432069F0
:10553000196102436069D9680243E06921F41641A8
:1055400021F00C0102430A43DA605A69A06931492B
:1055500022F4407202438B425A6136D02E4A934263
:1055600033D0FFF7ABFFE2691921B2F5004FD4E960
:105570000053A0FB01012BD09A009B0FFBF7C4FF47
:10558000264AA2FB00135B09642101FB1300000102
:105590003230A2FB00201B0103EB5013AB602A69E1
:1055A00022F490422A616A6922F02A026A61EA685A
:1055B0000023202142F40052EA60636484F8411021
:1055C00084F842101846636338BDFFF787FFCAE7C7
:1055D000DA184FF000035B41FBF796FF0F4AA2FB7E
:1055E00000314909642303FB1103DB003233A2FBC2
:1055F0000323C3F342121B0902EB011203F4F873F5
:105600001344AB60CBE780F84020FDF795FF80E7BF
:105610000120704700100140001401401F85EB512C
:105620002DE9F0470D6895FAA5F2002A7AD0B2FA72
:1056300082F235FA02F375D04FF0010C4FF0030EF1
:1056400031E0D1F81080C76893FAA3F434B1B4FA0A
:1056500084F464000EFA04F427EA040793FAA3F42E
:1056600034B1B4FA84F4640008FA04F847EA08078D
:10567000022EC76040D093FAA3F4076834B1B4FA9D
:1056800084F464000EFA04F427EA040793FAA3F3FF
:1056900023B1B3FA83F35B009E40374307600132C6
:1056A00035FA02F33ED00CFA02F32B40F7D04E68E5
:1056B000741E012CC5D893FAA3F4D1F8088087682A
:1056C00034B1B4FA84F464000EFA04F427EA04074F
:1056D00093FAA3F434B1B4FA84F4640008FA04F839
:1056E00047EA080787604768CC6827EA030703FB97
:1056F00004F43C434460A4E74F6993FAA3F4A4B1D3
:10570000B4FA84F4072C10DCA40007FA04F94FF073
:105710000F08076A08FA04F427EA040747EA0907AA
:105720000762A8E70020BDE8F0871C0AD0F82480B3
:1057300094FAA4F9B9F1000F09D0B9FA89F94FEA3E
:1057400089094FF00F0A0AFA09F928EA090894FAB8
:10575000A4F42CB1B4FA84F4A400A74048EA0708E2
:10576000C0F8248087E700BFB0F5000F01D000200B
:105770007047134B9A68120220D4186810F000602A
:105780001BD010B45C685968D3F88420D3F88430F7
:105790000C4814F4800F0C4CC2F3881218BF20463A
:1057A00001F03F01C3F30273B0FBF1F05DF8044B6D
:1057B00002FB00F0B0FBF3F07047704703487047FE
:1057C000003802400024F40040787D010080BB00D6
:1057D00003685B06024629D430B414680B684D6830
:1057E000486924F47F4C8C682B432343CC682343C3
:1057F0000C6923438C6903432343CC6923430C6A1C
:105800002CF0BF0C234343EA0C031360536823F0CE
:10581000040343EA1043B4F5005F53600CD0D3692E
:1058200023F40063002030BCD3617047D36923F4B4
:1058300000630120D36170478B8C1361EFE700BFD9
:10584000C3695B053AD470B5C2690D46D1E9003130
:1058500022F4336204460B43A868296922F00F0240
:1058600013436A690343134343F400630229E3616A
:1058700026D000284FF4000014BF40262026FFF752
:1058800073FFEA68B2F5007F1FD0B0FBF6F303EBBD
:10589000830329695B00B3FBF1F305330F49A1FBD7
:1058A00003131909881EFD28C3F3C00394BF41EAFE
:1058B0000321022111432162002070BD01207047A5
:1058C000EA6811432162002070BD000A00EB8000ED
:1058D00029694300B3FBF1F30533DFE7CDCCCCCC32
:1058E00030B4204D8C6803680A88A8422CD0B0F1EF
:1058F000804F17D0A5F57C45A84213D005F58065EB
:10590000A8420FD005F58065A8420BD0164DA842DD
:105910000CD005F58065A84208D005F58065A84241
:1059200008D103E04D6823F070032B43C96823F4CA
:1059300040730B430360C4628262436943F0010316
:10594000436130BC002070474D6823F070032B4347
:10595000CD6823F440732B430360C46282620B69F9
:105960000363EAE70000014000400140B1F5807F99
:1059700030B44CD025D8012967D0102944D1036A0E
:10598000156923F010030362036A4468816923F0F8
:10599000200343EA0513156821F4E64141EA052195
:1059A000556823F0100343EA0513584DA84200F050
:1059B0009180D2684460816182630362002030BCC0
:1059C0007047B1F5805F1FD1036A156923F48053D6
:1059D0000362036A4468C16923F4005343EA053350
:1059E000156821F4E64141EA0521556823F4805306
:1059F00043EA0533454DA84200F08180D2684460F7
:105A0000C16102640362D9E7012030BC7047036AB8
:105A1000156923F480730362036A4468C16923F43F
:105A2000007343EA0523156821F073012943556883
:105A300023F4807343EA0523344DA84235D0D2685D
:105A40004460C161C2630362B8E7036A156923F069
:105A500001030362036A4468816923F002032B4354
:105A6000156821F073012943556823F001032B4386
:105A7000264DA84205D0D26844608161426303622A
:105A80009CE7556923F0080343EA8503956924F4EC
:105A900080742C43956823F0040343EA8503D56999
:105AA00024F4007444EA4504E5E7556923F40063EF
:105AB00043EA8523956924F4805444EA05149568E3
:105AC00023F4806343EA8523D56924F4005444EA2F
:105AD0004514B4E7556923F0800343EA85139569BB
:105AE00024F4806444EA8504956823F0400343EA83
:105AF0008513D56924F4006444EAC50459E795691F
:105B000024F4804444EA851478E700BF0000014093
:105B10004FF0E02382B01B690193421C019B18BF28
:105B200001304FF0E0221369DB03FCD50138FAD1D4
:105B300002B07047014B1860704700BF040000209E
:105B400001F0D4BD01F0EEBC01F0D6BD2DE9F84363
:105B5000002306688B758269002A00F0A680C26A5D
:105B6000013205460C4627D0F1680A88CAB11F46A3
:105B700002F520539BB2B3F5006F4FF00208C0F05E
:105B8000B080002040F2623142EA004001F056FB52
:105B9000FF28C7F1FF0940F28A80B9F1010F00F236
:105BA000AA800027E31900229A75E869A17D03788D
:105BB000202B06D1002209E0E86919460378202B42
:105BC000F8D0052B08BFE523637201224378202B10
:105BD00005D0A518052B08BFE5236B720132837829
:105BE000202B05D0A518052B08BFE5236B720132C9
:105BF000C378202B05D0A518052B08BFE5236B72B1
:105C000001320379202B05D0A518052B08BFE52309
:105C10006B7201324379202B05D0A518052B08BFE4
:105C2000E5236B7201328379202B05D0A518052B53
:105C300008BFE5236B720132C379202B00F09B80F3
:105C4000052B04EB020508BFE5236B72531C027A97
:105C5000202A09D05D1CE618052A254408BFE52244
:105C60002E27777202336A72427A202A75D0052A6B
:105C700004EB030508BFE5226A72827A202A03F149
:105C800001033ED02344052A08BFE5225A720022B0
:105C90009A7200293AD0C37A03F03F032372C36992
:105CA0002360C38AE380038BA380BDE8F8830028C8
:105CB0003FF477AFB9F1000F3FF473AFE319987574
:105CC0000123F16831F808201F4408F10208002A76
:105CD0003FF468AF02F520539BB2B3F5006FBFF4F9
:105CE00050AF31F8083008F10208002B3FF459AFEB
:105CF00010461A4646E7E219030A9375D075022347
:105D0000DFE7234400225A720029C4D1637AE3B149
:105D100004F1090208250CE0192905D8017B0D4280
:105D200003F1200600D0F3B253735378511C53B1E2
:105D30000A462E2BA3F14101EED15373537810255F
:105D4000511C002BF4D1131B083B234400229A75ED
:105D5000037B002B9FD163729DE7827A202A91D129
:105D6000E21800255572002995D1002BCED13F2392
:105D7000A3750123E9E7134669E700BF70B54FF04B
:105D8000FF360023B14204460371866238D194F88D
:105D90002C30B4F82A52EB2B0AD01833DBB2012B8B
:105DA00006D94AF6552085420CBF0220032070BD5B
:105DB0004AF655239D4209D0B4F837305A1E1A428C
:105DC00002D1B3F5007F29D0032070BD284E04F125
:105DD0007E024FF0080C12F8010B16F8011B431A53
:105DE00002D1BCF1010CF6D1002B36D0B4F837301B
:105DF0005A1E1A4202D1B3F5007F30D0022070BD86
:105E00000D460A464078012304F12C01FFF79CFE61
:105E100008B9A562BBE7A662042070BD94F83930CA
:105E2000002BD1D05A1E1A42CED1638F002BB8D08E
:105E300094F83C30013B012BB3D8B4F83D30002B33
:105E4000AFD0B4F83F307F2B03D8E36CB3F5803F7D
:105E5000A7D3B4F84230002BA3D0002070BD94F833
:105E60003930002BCAD05A1E1A42C7D1DDE700BF15
:105E700070700108F8B5046800230B60002C00F076
:105E80009B80224602E03A2B00F0908012F8013B02
:105E90001F2BF8D8694B1C68002C00F08F800C6019
:105EA0002378607823B1FFF74BFEC7076CD5607885
:105EB00000232370FFF746FE10F0010166D1204653
:105EC000FFF75CFF022863D0042800F081800128DE
:105ED0006AD8B4F83730A06AB3F5007F64D1B4F85B
:105EE000421001B9216D94F83C206161531E012BD1
:105EF000E27059D894F839306381002B54D05D1E7C
:105F00001D4251D1B4F83D5025812E074CD1B4F833
:105F10003FC0BCF1000F01D1D4F84CC0678F002FF7
:105F200042D001FB02F207EB1516164466453BD83A
:105F3000ACEB060C9C45BCFBF3FE35D3404B9E45B9
:105F400032D84FF6F57CE645064407440EF10203CD
:105F500068D840F6F57CE645A06166622361E7619A
:105F600055D90DB33A445B00022003F2FF13B1EBA5
:105F7000532F226218D3334A3349138820700133D8
:105F80009BB21380E380E1600020F8BD0320F8BDE0
:105F9000D4F8F211D4F80252D4F81272D4F8226272
:105FA000C1B9FDB93FBB5EB90D20F8BD2378302BD8
:105FB00002D10234A24228D00B20F8BD0C20F8BD3B
:105FC00031462046FFF7DAFE012882D90428EBD1BA
:105FD0000120F8BD2046FFF7D1FE01287FF679AFFA
:105FE000002DDFD029462046FFF7C8FE01287FF6A6
:105FF00070AF002FD7D039462046FFF7BFFE0128EB
:106000007FF667AF002ECFD0DAE7026042E7002DBF
:10601000CAD003EB430003F0010303EB50033A44FF
:106020000120A2E7B4F8562023612A43C4E90607F9
:106030006662B9D1A26D9B00032096E7D0070020CD
:10604000F5FFFF0FCC070020CC050020012930D937
:10605000036999422DE9F0410C46064602D301201E
:10606000BDE8F0810378022B33D0032B23D0012B22
:10607000F5D1C169806A04EB540801EB58278742C7
:1060800047D1C8F3080308F10108334401EB58274E
:10609000874293F82C5047D1C8F30803334493F850
:1060A0002C3045EA0320E3074CBF0009C0F30B0086
:1060B000D6E701207047C569836A05EBD1159D427B
:1060C0001DD1A40004F4FE743019C06A20F07040A1
:1060D000C6E7C569836A05EB11259D4205D16300BA
:1060E00003F4FF733344988DBAE7407801232A46BE
:1060F00006F12C01FFF728FD00BBB562EFE7407801
:1061000001232A4606F12C01FFF71EFDB0B9B56246
:10611000D7E770783A4606F12C01FFF715FD68B90C
:10612000F169B7623846ACE7707801233A4606F168
:106130002C01FFF709FD08B9B762ADE74FF0FF305A
:10614000B0628DE72DE9F0478468076800230646B2
:1061500003619CB93B78022B0CD83B89002B47D0BC
:106160003B6AC6E90543002B42D02C37F76100207B
:10617000BDE8F0873B6A002BEFD01C467B89002BE3
:1061800040F08480012C33D03D462B69A3422FD9A7
:106190002B78022B3DD0032B2DD0012B28D1E86981
:1061A000A96A04EB540800EB5829894561D1C8F36A
:1061B000080308F101082B4400EB582A8A4593F89C
:1061C0002C9032D1C8F308032B4493F82C3049EAC1
:1061D0000329E3074CBF4FEA1914C9F30B04012C40
:1061E00006D93B69A34203D935682B69A342CFD8AE
:1061F0000220BDE8F087EA69AB6A02EBD418984543
:106200001ED1A30003F4FE732B44DC6A24F0704417
:10621000E5E7EA69AB6A02EB142898451DD16300F3
:1062200003F4FF732B449C8DD9E768780123524611
:1062300005F12C01FFF788FC50B9C5F828A0C1E78B
:1062400068780123424605F12C01FFF77DFC30B34D
:106250004FF0FF33AB620120CBE768780123424661
:1062600005F12C01FFF770FC0028F1D1C5F828805A
:10627000D5E768784A4605F12C01FFF765FC002850
:10628000E6D1E869C5F82890494690E73A69A11E29
:10629000023A914206D27A6A01FB032361E7C5F80C
:1062A0002880AEE70023C6E90543A1E72DE9F04FBA
:1062B000D0F800E089B004460E4611F8013B2F2BC0
:1062C000FAD05C2BF8D00023A36030781F2840F26E
:1062D000A48273467746B146DE6830B90023338026
:1062E0000625284609B0BDE8F08F09F10109A6F19D
:1062F0000208002540F2623100F0BCFF034600288E
:10630000EED01F28A64A19D92F2800F0D7825C2882
:1063100000F0D4827F2808D812F8010B08B1984207
:10632000FAD1013A1278002ADAD1FF2DD8D028F814
:10633000023F19F8010B01350028DBD14FF0040AA8
:10634000002DCBD006EB450131F8023D202B01D0CA
:106350002E2B03D1013DF7D13580C1E7002326F86C
:1063600015303188202906EB450008BFB44640F0BF
:106370005D823CF8021F2029984603F10103F8D002
:1063800008F102084AF0030A034601E0013D03D088
:1063900033F8022D2E2AF9D104F1200001900B23AD
:1063A0004FF0200C1B4303D000F801CB013BFBD185
:1063B000002900F06982002208239346202900F07A
:1063C0009F812E2900F0A6815B4500F2AF810B2B47
:1063D00000F03C82454500F0A2814AF0030A80F0BB
:1063E0009E8194F82010E52904BF052184F820102F
:1063F000082B00F0BC8102F00C030C2B04D002F03F
:106400000303032B40F0BC814AF0020A84F82BA05E
:106410002046D4F800B0FFF795FE0546002840F06E
:10642000A0814FF0FF0C4FF0FF3A0BF12C03A6694F
:10643000CDF81490C4F82CA0E0460497CDF800C025
:106440009946DBF82830B34212D09BF801000123B3
:1064500032464946FFF778FB40B101254FF0FF3344
:106460002846CBF8283009B0BDE8F08FCBF828607B
:10647000E6693278B2B1F37AE52A03F03F01A171FF
:1064800004D013F008052AD00F295BD0C4F82CA043
:106490004FF0FF08256927682035B5F5001F08D3A0
:1064A0000023A36194F82B305A0700F1FA810525E7
:1064B00017E7A669002EF5D0C5F3080353B9616943
:1064C0000136A661002940F0A1803A89B2EB551F40
:1064D00040F212812C371F442561E761B1E70F2993
:1064E00030D0B8F1000F00F0B48094F82B8018F091
:1064F000010FCBD1019F0B2216F8010B17F8011BDE
:10650000B0EB010C01D1013AF6D1BCF1000FBDD1C5
:10651000DDE9047918F0040F7FF4E3AEDB06C6D59D
:1065200022693978C2F3080207F12C0313440329C6
:106530005A8B04BF9B8A42EA0342A260236899F8FF
:106540000000C9E694F82B305F06A3D4550640F14D
:10655000CF80236902F0BF08727B0092E362737BF5
:10656000009A934294D1738B002B91D135780D4AC8
:10657000DBF80C10CDF8188005F03F05013D05EB68
:106580004503012705EB8305B8460294CDF80C902E
:10659000079102F10D0337460C46914618E000BF03
:1065A0007C7001086CDB0108FF2D404600F276810B
:1065B00000F074FE064634F8150000F06FFE8642C7
:1065C000BB4B05F1010540F069814B4500F0488166
:1065D00019F8016B404637F806800028E4D13E46A2
:1065E0004A464746DDE90249DDF818804FF6FF705C
:1065F00002E012F8011B775A87427FF449AF9A42B2
:10660000F7D108F1FF385FFA88F843E77A89013A51
:1066100012EA55227FF45EAF3846CDE90232FFF729
:1066200015FD012840F2C080411C00F0BB80396993
:106630008842DDE9023280F0B980023960610238B7
:1066400088423BBF7A897E6A1E4600FB0266A661CD
:1066500040E731787278C80140EA51001044C0F335
:106660004601B27841EAC01152FA81F1C1F3460005
:10667000F27840EAC11052FA80F0C0F34601327954
:1066800041EAC01152FA81F1C1F34600727940EA41
:10669000C11052FA80F0C0F34601B27941EAC0114C
:1066A00052FA81F1C1F34600F27940EAC11052FA80
:1066B00080F0C0F34601327A41EAC01152FA81F10A
:1066C000C1F34600727A40EAC11052FA80F0B17A02
:1066D000C0F3460242EAC01251FA82F20099D2B2E5
:1066E0008A427FF402AFDDE9047994F82B8011E748
:1066F00042457FF4CDAE32E794F82B30A161D3E66A
:106700004AF0030A36F8181008F1010800297FF44E
:1067100055AE66E64545F3D10B2B00F0978092000D
:10672000D2B2A8460B234FF0080BEBE74545F3D058
:106730007F293FD8DFF880C11CF8010B08B18842DF
:10674000FAD1BCF1010C9CF8000000284BD04AF0B3
:10675000030A5F2104EB0B000BF1010B80F8201002
:10676000D0E7042894F82B303FF49EAEB9E54FEA09
:10677000820C0CF00C030C2B5FFA8CF23FF444AE4D
:106780000AF00203002B7FF441AE42F3000303F052
:1067900010034AEA030A530744BF4AF008025FFAAB
:1067A00082FA33E601259CE502259AE594F82B3020
:1067B000A26179E6029308464AF0020340F2623190
:1067C0000092039300F03AFD10F0800F009A029BB4
:1067D000014611D000F07F013648415CDDF80CA085
:1067E0000029B4D0A6E7A1F1410080B2192823D82E
:1067F00042F00202C9B2ADE7FF28EFD9581E584552
:1068000051D904EB0B004FEA112CDDF80CA080F8F5
:1068100020C00BF1010BC9B29CE78023204684F80D
:106820002B3009B0BDE8F04FFFF78CBC2E294FF09C
:1068300001087FF4A9ADA5E5A1F1610080B2192896
:106840009CBF203942F00102C9B283E794F820309E
:10685000E52B02D1052384F820304AF0030ACAE56B
:106860003E46DDE90249337858064746DDF8188090
:106870007FF5C7AE002F3FF4C4AE079B33F8153049
:10688000002B3FF4BEAE03E694F82030E52B7FF4F6
:10689000BDAD05230A4684F8203071E7DDE90249E1
:1068A000F6E504251DE54AF0030A9B462AE700BFEA
:1068B00079DB0108ECDA0108887001084B461A7888
:1068C0002F2A994603F10103F9D05C2AF7D01F2A39
:1068D0008CBF002201224FEA820A31E500B583B065
:1068E000CDE9001021B38C4601E03A2B1AD01CF8F8
:1068F000013B1F2BF9D8104B196811B1002018600B
:106900000870019911B10020088019601AB9104669
:1069100003B05DF804FB01A96846FFF7ABFA03B0CA
:106920005DF804FB0B78302B02D102318C45E2D0AC
:106930000B2003B05DF804FBD007002070B590B0C9
:106940000191E8B1044603A901A81546FFF792FAA0
:1069500018B10023236010B070BD039E0199049606
:1069600004A8FFF7A3FC0028F3D19DF93B30002BCE
:1069700009DB9DF8163013F0100006D00420E8E77C
:10698000092010B070BD0620E3E731780B9B032986
:106990005A8B04BF998A42EA0142A260DB69E36034
:1069A000F388A38005F0010200232660227463743B
:1069B000E3616361CFE700BF2DE9F04F1F4600237D
:1069C00083B03B6050B1036805463BB114461A786A
:1069D00022B1DA8888468188914203D0092003B029
:1069E000BDE8F08F5878FFF7ABF8C107F6D4687CA4
:1069F0000028F4D12B7C13F0010B00F0888069692A
:106A0000EE68D5F80090761AA64228BF2646002EDA
:106A1000E5D005F1200A0090C1F30803E3B1544624
:106A20001C44C3F50073B34228BF334642469C461C
:106A30005CEA0C0C06D014F8010B02F8010BBCF157
:106A4000010CF8D13A6819441A44F61A3A6098448D
:106A50006961E1D10098C2E7B9F80A30013B13EA55
:106A6000512322D0A869D9F810200238023A904266
:106A700028D2B9F80A10D9F8242001FB00220AB361
:106A8000B6F5007F1A4422D303EB562088424FEA22
:106A9000562488BFCC1A99F8010023464146FFF7D7
:106AA00053F838BB69696302CCE749BBA868012881
:106AB00008D9421C1ED0D9F81020A861023A023829
:106AC0009042D6D30220687403B0BDE8F08FEB6922
:106AD000934205F1200408D099F8010001920123A6
:106AE0002146FFF731F8019A20B96969EA61C1F3DB
:106AF000080395E7012358466B7403B0BDE8F08F97
:106B0000A96928680193FFF7A1FA019BCFE7072045
:106B100065E700BF98B1036810B504462BB11A7839
:106B20001AB18188DA88914201D0092010BD5878C5
:106B3000FFF706F810F00100F7D1206010BD092022
:106B4000704700BF2DE9F04F83B040B103680446A1
:106B50002BB11A781AB18088DA88904204D00925BE
:106B6000284603B0BDE8F08F58780091FEF7E8FFA3
:106B7000C107F4D4657C002DF2D1E2680099636905
:106B8000D4F800A06561914228BF11460029E7D0E2
:106B9000BAF80AC04FEA4C2B8BB1013B4A1EB3FB3B
:106BA000FBF0B2FBFBF2824209D3CBF10002A669F3
:106BB00013406361A1EB0309002ED1D005E0A66864
:106BC000A661002ECCD089460023CB4580F0928070
:106BD0005B44012E636106D0A9EB0B095746009573
:106BE0003B699E4202D302256574B9E73B78022BCC
:106BF00040D0032B30D0012BF5D1F869B96A06EBF0
:106C0000560800EB58258D4256D1C8F3080308F109
:106C100001083B4400EB58228A4293F82C5056D18D
:106C2000C8F30808B844F20798F82C3045EA032363
:106C30004CBF1E09C3F30B06012ED4D9DAF810306D
:106C4000B342D0D9D9456169A66151D95944276861
:106C50006161A9EB0B09C3E7FB6903EBD618BB6ABB
:106C600098451ED1B30003F4FE733B44DE6A26F060
:106C70007046E1E7FB6903EB1628BB6A984505D12E
:106C8000730003F4FF733B449E8DD5E778780123AE
:106C9000424607F12C01FEF757FF18BBC7F82880C2
:106CA000EEE778780123424607F12C01FEF74CFF0E
:106CB000C0B9C7F82880D5E778782A4607F12C01B3
:106CC000FEF742FF70B9F869BD6229469DE7787802
:106CD0000192012307F12C01FEF736FF019A08B952
:106CE000BA629DE74FF0FF33BB620125657437E759
:106CF000009D4944C9F3080761618FB1DAF810209B
:106D0000B31E023A9342BFF46EAFBAF80A20DAF823
:106D1000247003FB0277002F3FF465AF07EB592780
:106D2000C1F3080100293FF41BAFE369BB423FF404
:106D300017AF9AF8010001233A4604F12001FEF74B
:106D400003FF0028D1D1E7610AE700BF30B585B065
:106D5000019170B3044603A901A8FFF78BF818B19D
:106D60000023236005B030BD039D019925602046B6
:106D7000FFF79CFAC8B994F92B30002B0BDBA379F1
:106D8000DB0614D52978E2690329538B04BF928A64
:106D900043EA0243A360EB88A3802046FFF7D2F9C1
:106DA000042804D00028DDD0DAE70428D8D1052053
:106DB000D6E7092005B030BD98B1036810B5044688
:106DC0002BB11A781AB18188DA88914201D0092052
:106DD00010BD5878FEF7B4FE10F00100F7D1206026
:106DE00010BD0920704700BF2DE9F04F85B048B1B4
:106DF0000368044633B11A7822B1DA88894681885B
:106E0000914205D04FF0090A504605B0BDE8F08F19
:106E10005878FEF795FE10F0010AF3D1B9F1000F92
:106E200000F0C180A6692768002E33D0FF230193AC
:106E3000984607F12C0BBB6AB34212D07878012335
:106E400032465946FEF780FE50B14FF0FF32002324
:106E5000BA62A3614FF0010A504605B0BDE8F08F59
:106E6000BE62E369197899B1DA7AE52902F03F0246
:106E7000A27105D02E2903D022F02000082878D155
:106E800025694FF0FF082035B5F5001F236837D37B
:106E90000023A36149462046FEF758FE256926686F
:106EA0002035B5F5001F7BD2A369002BACD0C5F30C
:106EB000080707BB61690133A361002900F0D9808D
:106EC0007389013B13EA552815D13046FFF7BEF808
:106ED000012840F2AF81431CBCD0336998425FD295
:106EE000023B60610238984203D27289736A00FBE8
:106EF0000238C4F818802C363E442561E66183E7E9
:106F0000A669002EC4D0C5F3080222B12C33134465
:106F10002561E3618FE761690136A66149B91A8984
:106F2000B2EB551FB4D92C332561E361002E82D119
:106F3000B0E75A89013A12EA5522F4D11846039271
:106F40000293FFF783F8012840F29E80421C25D06F
:106F5000029B196988429BD20239606102388842DB
:106F6000039A80F08C805A895E6A00FB0266A661F3
:106F7000D9E70F2A40F08B80480625690BD55A7B4C
:106F8000019201F0BF08E5625A7B01998A4210D054
:106F90004FF0FF0877E74145FAD1F5E74FF0010AD6
:106FA0000023A36130E7204605B0BDE8F04FFFF7AE
:106FB000C9B85A8B002AEBD11A7822F04002013A64
:106FC00002EB420102EB8102FF2AB3F80110DFD885
:106FD000F86820F812104FEA420CB3F80360002959
:106FE00040F0A6804FF6FF729642D1D1B3F805E08B
:106FF0004FF6FF729645CBD1B3F807604FF6FF729C
:107000009642C5D1B3F809E04FF6FF729645BFD15D
:10701000DE894FF6FF729642BAD1B3F810E04FF610
:10702000FF729645B4D15E8A4FF6FF729642AFD199
:10703000B3F814E04FF6FF729645A9D1DE8A4FF6F9
:10704000FF729642A4D1B3F818E04FF6FF7296454E
:107050009ED19E8B4FF6FF72964299D1B3F81EE0F7
:107060004FF6FF739E4593D108F1FF385FFA88F819
:1070700009E73389B3EB551F3FF63DAF90E72C335B
:10708000A2612561E36105E74FF0020A88E7B8F1E4
:10709000000F49D1197858785D7ACA0142EA510245
:1070A0000244C2F34601987841EAC21150FA81F1D4
:1070B000C1F34602D87842EAC11250FA82F2C2F312
:1070C0004601187941EAC21150FA81F1C1F3460232
:1070D000587942EAC11250FA82F2C2F34601987915
:1070E00041EAC21150FA81F1C1F34602D87942EA6D
:1070F000C11250FA82F2C2F34601187A41EAC21173
:1071000050FA81F1C1F3460242EAC11255FA82F205
:10711000987AC2F3460343EAC21350FA83F3019A02
:10712000DBB293423FF4B6AE4FF0FF33E362B1E619
:10713000FF2A02F101013FF42BAF20F81160490052
:10714000B3F805E0002E3FF453AFFE2A3FF420AF22
:107150000144A1F802E0B3F80760BEF1000F3FF46C
:107160004DAFFD2A3FF414AF8E80B3F809E0002E36
:107170003FF44AAFFC2A3FF40BAFA1F806E0DE89EA
:10718000BEF1000F3FF445AFFB2A3FF401AF0E8183
:10719000B3F810E0002E3FF442AFFA2A3FF4F8AE05
:1071A000A1F80AE05E8ABEF1000F3FF43DAFF92A74
:1071B0003FF4EEAE8E81B3F814E0002E3FF43AAF08
:1071C000F82A3FF4E5AEA1F80EE0DE8ABEF1000F2A
:1071D0003FF435AFF72A3FF4DBAE0E82B3F818E088
:1071E000002E3FF432AFF62A3FF4D2AEA1F812E0FF
:1071F0009E8BBEF1000F3FF42DAFF52A3FF4C8AED1
:107200008E82B3F81EE0002E3FF42AAFF42A3FF43A
:10721000BFAEA1F816E01B7859067FF525AFBEF189
:10722000000F3FF421AFF32A3FF4B2AE60440023D5
:10723000438319E74FF0020AE6E500BF7F2801D833
:1072400080B27047B0F5803F03D240F2623399427A
:1072500001D000207047064A002302E00133802B52
:10726000F7D032F8021B8142F8D1803398B27047D0
:107270002CDE01087F2804D940F26233994201D004
:1072800000207047FF28FBD800F10040024B8038F7
:1072900033F81000704700BF2CDE0108B0F5803FC6
:1072A0001ED2264B264A30B584B2B4F5805F38BF73
:1072B000134604330DE08C4210D333F8022C5FFAEE
:1072C00082FC0CEB010E70454FEA122209DB0433FD
:1072D00082B133F8041C1D460029ECD1204630BD94
:1072E0007047082AFAD8DFE802F0241E1B1815128E
:1072F0000F0C080005EB4C03DBE7A4F5E354A4B244
:10730000ECE7503CA4B2E9E70834A4B2E6E71A3C43
:10731000A4B2E3E7303CA4B2E0E7203CA4B2DDE74E
:10732000103CA4B2DAE7631A03F00103E31A9CB23B
:10733000D4E7401A33F81040D0E700BF7CDB0108E7
:1073400038DC010870B483B03F4CFF238DF8073060
:10735000A36D23F00103A365236F23F001030E4601
:107360002367A36DDB07FCD4236FDD07F9D44FF04F
:107370007C63A3603F23E360344B354D596841F093
:1073800003015960A16D2940A165E16E21F08001E2
:10739000E166216F29402167D4F8841021F0800133
:1073A000C4F88410196841F040011960A36D0028E9
:1073B00039D023F4C063A365236F23F400732367DC
:1073C000236F43F4806323670DF10703E667636669
:1073D0001D49204B8B670B664A67CA658B6D43F06E
:1073E00001038B650B6F43F001030B674B689C0631
:1073F000FCD50B681801F9D50B6F134A23F0010374
:107400000B678B6D23F001038B65136FD907FCD4D9
:10741000936DDB07F9D40D4A536823F003035360DF
:1074200003B070BC704723F40073A365A36D43F4ED
:107430008063A365236F23F4C06323670DF1070303
:10744000E3676666C4E700BF0060024000380040A2
:10745000E1FFFBFF0C380040020638B504460D463C
:1074600053D42E4B2E4A4FF4805199614FF08051E6
:107470009961FF23D3609368DB07FCD5D368284A62
:10748000FF21D1609368D807FCD5D368DBB2FF2B0E
:10749000F7D12349D4608B68DB07FCD5204ACB6841
:1074A000182125FA01F3DBB2D360936813F00103CE
:1074B000FBD0083911F1080FD068F2D1402C1AD056
:1074C000482C08BF8723164AD3609368DD07FCD594
:1074D0004C2CD36811D0124A0A21FF24D46093683F
:1074E000D807FCD5D368D8B21B0603D54B1E13F0C2
:1074F000FF01F3D138BD9523E5E7FF230849D360A9
:107500008B68DC07FCD5CB68E5E700217720FFF727
:10751000A3FF0128EED804F07F04A2E70004024094
:107520000038004070B56D486D4A4FF4805382B00A
:107530008361136823F040031360136823F038035A
:107540001360136843F03003136013684FF08055E5
:1075500043F0400313600A24FF218561D1609368E2
:10756000DD07FCD5631E13F0FF04D068F6D1214679
:107570004020FFF771FF0128054629D05949574B94
:107580004FF480520C709A6157480378DC0718D486
:107590005249534A4FF08054FF238C61D360936863
:1075A000D907FCD5D3684E4AFF21D1609368DB0729
:1075B000FCD5D368DBB2FF2BF7D1484B4FF4805298
:1075C0009A61037843F001030370007802B070BD44
:1075D0004FF4D5714820FFF73FFF012819D101AEC4
:1075E0003F4A02AD3146FF20D0609368DC07FCD5EE
:1075F000D36801F8013BA942F6D19DF80630012B72
:107600003BD03849354B00204FF4805208709A61C6
:10761000BAE72146E920FFF71FFF012896BF0225A0
:107620004126E92600213046FFF716FF04460028D0
:10763000F8D14FF400715020FFF70EFF2949274B76
:107640004FF4805200289DD10D709A612648244B3A
:10765000027802F0FE0202701A6822F040021A60FC
:107660001A6822F038021A601A681A601A6842F022
:1076700040021A60007802B070BD9DF80730AA2B56
:10768000BFD14FF08041E920FFF7E6FE0446002815
:10769000F7D101467A20FFF7DFFE00287FF46EAFB6
:1076A0000F4BFF21D9609A68D207FCD5DA6806F83B
:1076B000012BAE42F6D19DF804300A4913F0400F79
:1076C000064B05D104204FF4805208709A61BDE743
:1076D0000C204FF4805208709A61B7E70004024012
:1076E00000380040D4070020C4000020014B187867
:1076F000704700BFC40000202DE9F041002B48D0A6
:107700001E46394B1B78D80769D4384B1B781B07AA
:107710000F46114658BF5102012E1DD05220FFF7CF
:107720009BFE8046E8B9324CFF25E560A268D10790
:10773000FCD5E268D2B2FF2AF7D0FE2A14D04FF06F
:10774000010800214C20FFF787FE2A4B4FF480529E
:107750009A614046BDE8F0815120FFF77DFE8046EA
:10776000E0B14FF00108F0E74FF400723946002015
:10777000FFF7E8FDE560A368DA07FCD5E368E5609C
:10778000A268D307FCD5013EE36807F50077CCD1AA
:10779000D7E74FF004084046BDE8F081144CFF22C3
:1077A000E260A368DD07FCD5E368DBB2FF2BF7D00E
:1077B000FE2BD6D14FF4007239460020FFF7C2FDF0
:1077C000FF220B4BE2609A68D407FCD5FF21084AE0
:1077D000D868D9609368D807FCD5D368B5E74FF06F
:1077E00003084046BDE8F081C4000020D407002013
:1077F00000380040000402400160704730B40024AB
:10780000254663F30F05029B61F30F0462F31F44E7
:1078100063F31F45C0E9014530BC7047C160704744
:107820000161704780F8351080F8362080F83730D5
:10783000704700BF80F83410704700BF90F82800F0
:10784000704700BF40697047806970472DE9F04F6D
:107850000346ADF56F7D04AF1D680489FB639B880B
:10786000AE88016940890A7849782344B34249DCEB
:10787000FB6BED88DB880344AB4243DCB4FBF2FED8
:10788000BEF1020F3EDDB0FBF1F3BB63002B39D03C
:1078900003FB01FB0BFB03F8F96B0EF1FF33C7E9A8
:1078A00004E3C96879630EFB02F972B6FB6B07F15A
:1078B00048005969FFF74AFAF86262B6002840F0BA
:1078C0005C84F96B91F8293043B94B6ACA6952F864
:1078D0002320CA620A6A52F823300B63012472B66D
:1078E00007F5BC7107F14800FFF77EFA62B690B960
:1078F00097F88E317BB197F8803113F0060FEED1F7
:107900000134ECE7FA6B012382F8283007F56B7736
:10791000BD46BDE8F08FFB6B3C641B695A7898FB51
:10792000F4F39A42B8BF1A46BB6B3A629C4204DD3C
:107930003B69033B18BF0123FB627B69FA6AD7F8F6
:107940003CA0C7F80C809B1ABB6172B6002107F1FE
:107950004800FFF749FA62B6002840F00E843B6CFD
:10796000002B844640F34881C7E909B98046386353
:107970000EE0DAE90B329B1A434503DCBA6B134481
:10798000434528DC3B6C08F10108434540F3308156
:107990004FF0000387F87830B8F1000FE9D072B6E5
:1079A00007F5BC7107F14800FFF71EFA62B6002820
:1079B00040F01E8197F88E31002B00F0198197F866
:1079C000803113F0060FD4D03B6C434540F3108157
:1079D00087F87800E3E77B6B5B68FB61B8F1000F29
:1079E00040F0F1814C497A694C4E07F178000CF077
:1079F00065F8DAF81030BAF8062058781D783B8E12
:107A0000BAF80410DAF80090BB601A4492B28346C8
:107A1000013810444B1E80B22B44D9F8244000900A
:107A20009BB24846FCF7FAFB4846FBF7DBFE4846AC
:107A3000FBF7E0FE236823F040032360236823F470
:107A40002C43236099F84830022B03D1236843F478
:107A500000632360236843F0400323605B46002BF0
:107A600042D0002D40D0C7F84480C7F804A04FF0A2
:107A7000000BB0469A4698F805E000220BFB0EFE7C
:107A8000BEFBFAFE734698F80400D8F8006000FBCD
:107A900003FC00FB02F1B1FBF5F1614436F811E0A3
:107AA000A1688907FCD599F84810022940F0658142
:107AB00001329542C4F80CE00ED002FB00F1B1FB9C
:107AC000F5F1614436F811E0A1688907FCD501326F
:107AD0009542C4F80CE0F0DC0BF1010BDA45CAD199
:107AE000D7F84480D7F804A0A3689A07FCD5A56806
:107AF00015F08005FBD1236823F04003484623603E
:107B0000FBF76AFE07F17800F8F7F2FF024658B378
:107B10002C4607F178050BE090700108E0E10108C0
:107B200005F801CCF8F7E4FF0246013494421BD279
:107B300015F8013B83F0800603F120012F2E07F199
:107B40007800C9B203F1400CEAD90F2903F11006FD
:107B500007F1780000F2208105F8016CF8F7C8FF02
:107B6000013402469442E3D307F178000CF014F894
:107B7000BB6998421C4680F202821A1A07F1780308
:107B8000184420210DF0A5F907F178034FF0000209
:107B90001A557A6B18F0010F136918BF5369DAF898
:107BA0002C20424500F04381BAF80620B968DAF883
:107BB0001040BAF8040011448AB221780144DAF87E
:107BC00000000293FB69CDE900430023039389B2CF
:107BD00007F17803FCF7EEFADAF810303A6B5B78CD
:107BE0001A443B6C3A6308F1010843453FF7D0AEB5
:107BF000D7E909B9D7F830C0E34500F3A3819AF873
:107C00003430012B3FF482AE7B6B93F82430002B91
:107C100000F07381FB6A002B38D0DAE90B329C1A32
:107C20003B6ABA6BABEB030303FB04F43B6C1FFA38
:107C300089F69B1A94FBF3F37B649DB2002B40F012
:107C40007F82BAF80430BAF80620DAF81010B7F8D4
:107C500020807C6B0978E469DAF800002A44334418
:107C600008F1FF3C9BB21CFA82FC591A0FFA8CFCFB
:107C7000013BCDE900C41BB209B212B2FCF70AF90C
:107C80003B6A7C6C1C445C45C0F23D823B6C012528
:107C90005C1E02F0D5FB9AF8363005FA03F313EABE
:107CA000000104D0DAF82C60A642C0F2A5819AF84F
:107CB000353005FA03F313EA000204D0DAF82C6039
:107CC000002E00F3CF819AF8373005FA03F3034012
:107CD000DFD0002940F0D781002A40F0D781FB6B2C
:107CE000D7F80C80DE6A002E00F0878297F8983271
:107CF000DB0640F1BB82FE6B756928460BF04CFF3A
:107D0000044607F2A6200BF047FF2118023128464F
:107D10000CF0CEFAC84970610BF0FCFE706907F2F6
:107D2000A6210BF0F7FE736AF069F26A40F823208F
:107D3000D6E90832316B43F82210736A5A1C0233B9
:107D4000726299000CF0B4FA736AF0610133990021
:107D5000306A0CF0ADFAF169736A3062002241F8C2
:107D60002320716A40F8212086F8292072B607F195
:107D70004800FFF721F862B697E55FFA8EF12173AC
:107D80004FEA1E2EA1688807FCD50132954284F87F
:107D90000CE07FF478AE9FE6F02B0BD0F12B7FF454
:107DA000C4AEB82307F1780005F8013CF8F7A0FE4F
:107DB0000246BAE6A82307F1780005F8013CF8F777
:107DC00097FE0246B1E607F5C77420460BF0E4FEC5
:107DD000BB69984240F28B803A6997F88031D61E91
:107DE000FA6ADD06A6EB020640F1CB80214607F1D8
:107DF000780032460BF062FE904907F178000BF0F4
:107E000089FE97F88031D8061BD57B6B8C4E1B689A
:107E1000FB61DAF82C3043457FF4EBAD4FF48C7204
:107E200007F5BC7107F524700DF0F9F8E1E5796B01
:107E300091F824208868F861002A3FF4B5AE8B6978
:107E4000B2E620460BF0A8FE07F5BC7100F1160261
:107E50006E4603460A4404E012F8011D2E2900F084
:107E60001881944203F1FF33F6D12046B5460BF05A
:107E700093FE07F5BC7100F116026E4603460A44F4
:107E800004E012F8011D2E2900F02081944203F134
:107E9000FF33F6D12046B5460BF07EFE07F5BC71E8
:107EA00000F116026E4603460A4404E012F8011D72
:107EB0002E2900F06881944203F1FF33F6D1204669
:107EC000B5460BF069FE07F5BC7100F116026D4670
:107ED00003460A4404E012F8011D2E2900F07081C7
:107EE000944203F1FF33F6D1564EAD4691E7214659
:107EF00007F178000BF024FE83E7DAF81030DAF8A7
:107F000030205D78BAF806401878BAF80410531C8F
:107F100012FB05F213FB05F32244013C2344FC6AE7
:107F2000644220407C6B1DB24B1EA4694B441B1A5B
:107F300012B2DAF8000009B2CDE900541BB2FBF727
:107F40007DFF67E6DAF81030FC6A1878BAF804109A
:107F5000BAF80630644220407C6B03EB0C025D1ED5
:107F60004B1EE4685D444B44ADB21B1A92B2DAF882
:107F700000009BB2CDE90054FCF72DFA3FE6044621
:107F800002E620460BF008FE07F5BC7300F116026E
:107F900005461A4400E01D466B1E002D3FF426AF37
:107FA00012F8011D2E29F6D1012D3FF41FAF2544F3
:107FB00028460BF0F1FD2146321A07F178000BF04C
:107FC0007DFD07F178000BF0E7FD064628460BF033
:107FD000E3FD3218BE691949B21A07F178000BF0B7
:107FE0007DFD07F178000BF0D7FD2946321A07F125
:107FF00078000BF073FD04E79AF835209AF83730D3
:1080000005FA02F205FA03F302400340DAF83010F1
:10801000481CB96B884204DA396C8142C8BFCAF87F
:1080200030000136CAF82C6072B9002B3FF48DACD9
:10803000D7F80C8057E600BF18700108907001084F
:10804000D8E10108B8E10108DAF830104A1E22EA46
:10805000E272013ECAF83020CAF82C60002B3FF4CF
:1080600074ACE5E79AF8373005FA03F303400029CA
:10807000EAD0DAF83010BC6B481C8442CCDC013604
:10808000CAF82C60E2E7DAF82C60BFE7DAE90B61A6
:10809000DCE7E51828460BF07FFD00F1090323F02B
:1080A0000703ADEB030D294604AD28460BF048FD50
:1080B000794928460BF02EFD784829460CF011FF2F
:1080C00000283FF4D2AEB546754EA2E6E518284624
:1080D0000BF062FD00F1090323F00703ADEB030D84
:1080E000294604AD28460BF02BFD6B4928460BF0C2
:1080F00011FD6C4829460CF0F4FE00283FF4CAAE8E
:10810000B546694E85E6BAF80630DAF810107C6B91
:108110000978246ADAF8000008EB0302013B5B44AB
:108120002A441DB2BAF8043033449BB2591A013BB9
:10813000CDE9005412B21BB209B2FBF7ABFEA5E5C4
:10814000DAF81020BAF80430BAF806C07C6B11785F
:10815000246ABAF90620DAF8000033440CF1FF3C37
:108160009BB2AC440FFA8CFC591A013BCDE900C418
:108170001BB209B2FBF78EFE63E5FA6B022382F8AD
:108180002830FFF7C3BBE51828460BF005FD00F1CA
:10819000090323F00703ADEB030D294604AD284680
:1081A0000BF0CEFC3C4928460BF0B4FC3F48294676
:1081B0000CF097FE00283FF482AEB5463C4E28E610
:1081C0001C4420460BF0E8FC00F1090323F00703F0
:1081D000ADEB030D214604AC20460BF0B1FC2E495B
:1081E00020460BF097FC334821460CF07AFE00281D
:1081F0003FF47AAE304EAD460BE6FB6B5B6A7BB963
:10820000FA6BD3691E60136A1E60002382F829305E
:1082100072B607F14800FEF7CFFD62B6FFF745BB27
:10822000FC6B60690BF0B8FC411E08D4204601E0ED
:108230002F2A04D043695A5C5E540139F8D2FC6B92
:10824000023160690CF034F8616A60618900E069AC
:108250000CF02EF8616AE0618900206A0CF028F8C1
:10826000636AFA6B2062013B6362CEE7FB6B98693D
:1082700008B10BF067FF07F2A6200BF06DFCFA6B5C
:108280004FF480739061138572B607F14800FEF7D2
:1082900093FD62B6FFF73ABB947001080CE1010848
:1082A000B0E1010860E00108C8E10108A4DF0108AD
:1082B000C0E101082CDF0108D0E1010838B56021D8
:1082C00001200BF01BFF0421044601200BF016FFD8
:1082D00003460421E36101200BF010FF03462362F3
:1082E0000C480D4D0BF038FC0C4A0D4B0D49A263A8
:1082F0000D4A6061C4E90F530C480D4BC4E91112DB
:108300000C490D4AC4E913030C4BE365C4E915128B
:10831000204638BD78700108FD770008F97700081D
:108320001D780008217800082578000835780008B5
:108330004D7800083D780008457800084978000825
:108340002DE9F04F056903892A78B3FBF2F38BB06E
:1083500002FB03F302EB4208039143454FEA42015B
:1083600005930791C0F2868095F801B04689B6FB67
:10837000FBF60BFB06F6B34504467BDCA3EB080AD1
:108380000121A6EB0B074AFA01F9B9FBF2F947FA0A
:1083900001F2B2FBFBF29145B8BF9146828806928A
:1083A000C36CC28804929847B9F1000F57D04FEAC6
:1083B0004B030993002302930BEB4B03CDF8209062
:1083C000C146B8461F46049BCDF800B008EBD872F2
:1083D00003EB6202069BE56B0AEBDA7103EB6101CA
:1083E00020464B46A847226D204690470398FDF74C
:1083F0008FFB079B03EB0902059B93423D463CDA4A
:10840000029FAE42C84607F10107DDF8209042DB2B
:10841000B94524D0069BDDF824B002970AEBDA7A3E
:1084200003EB6A0A049B0095721B02EBD27203EB0A
:108430006202514643462046E76BB847236D20460B
:1084400098470398FDF764FB029B01331A46029399
:108450000BEB05039E42A8BF1D469145E2DCE36C91
:108460000021204698470096DDE90423E56B069934
:108470002046A8470BB0BDE8F08F029BBE4203F137
:10848000010391460293089A0ADA9A42E7D0059BC3
:10849000A3EB090A97E7B94518BF5D46BAD1DEE7F5
:1084A0009A42DCD0099BBB46A6EB07081F44EEE7C7
:1084B0002DE97043DB0084B043EA412343EA821391
:1084C00000228DF80C20BDF828202B4C2B4D43F4B6
:1084D0008043134359EC108B64268DF80E30C3F3A0
:1084E000072300968DF80D30E08103AA0323802135
:1084F0002846FCF72FFC1EA3D3E90023404649463B
:10850000F8F7BAFCF8F790FF0096E2899FED1C6A35
:108510009FED1C7A07EE900A06EE902AF8EE677A35
:10852000F8EEE66A27EE877A66EEA76A0346C6EE9D
:10853000267A2846636005238DF80C3003AA0323AE
:108540008021BCEEC77AFCEEE77A84ED027A17EE62
:10855000905A1FFA85FCA4F802C08DF80EC04FEAAD
:108560001C2C8DF80DC0FCF7F5FB04B0BDE8708342
:108570000000000065CDDD40D80700203803002052
:108580007F96984FCDCCCC3C70B5174C84B0642608
:10859000022503AA00960123802120468DF80C5065
:1085A000FCF7D8FB03AA2B46812100962046FCF756
:1085B0001BFDBDF80C305BBA9BB2C3EB431003EB61
:1085C0008000F8F7DFFB06A3D3E90023F8F754FC9B
:1085D000F8F74AFF00EE100A04B070BDAFF3008058
:1085E000F168E388B5F8E43E3803002030B585B083
:1085F000012564242B4603AA80211E4800948DF88F
:108600000C50FCF7A7FB022303AA1A48009481210F
:10861000FCF7EAFCBDF80C305BBA4FF6FD729BB27A
:10862000934203D99FED140A05B030BD04212B46B7
:1086300003AA8DF80C10009480210E48FCF78AFBE9
:1086400003AA0223009481210A48FCF7CDFCBDF85F
:108650000C300A490A4A49685BBA9BB201FB03F332
:10866000A2FB03239B0C00EE103AB8EEC00A05B043
:1086700030BD00BF3803002000000000D8070020F4
:1086800083DE1B4370B5154B154C84B064250095F3
:108690008DF80E001882000A06268DF80D0003AA38
:1086A0000323802120468DF80C60FCF753FB03AABE
:1086B00001230095802120468DF80C60FCF74AFBD1
:1086C00002238121009503AA2046FCF78DFCBDF80A
:1086D0000C0040BA80B204B070BD00BFD8070020C3
:1086E000380300200000000030B5454C238A42F2D8
:1086F0000202934285B028D01FD944F2020293426D
:1087000003D048F2020293422FD1E38907EE900A88
:1087100007EE103AF8EE677AB8EEC77A67EE277A76
:1087200017EE900AF8F750FB31A3D3E90023F8F7CE
:10873000A3FBF8F779FE80B217E040F602029342FD
:1087400039D041F2020293420FD107EE900AF8EEBF
:10875000677A17EE900AF8F737FB27A3D3E90023CF
:10876000F8F78AFBF8F760FE80B26424030A072555
:108770008DF80D308DF80E0003AA0094032380219C
:1087800020488DF80C50FCF7E5FA03AA0123009469
:1087900080211C488DF80C50FCF7DCFA0223009471
:1087A00003AA81211748FCF71FFCBDF80C0040BA52
:1087B00080B205B030BD07EE900AF8EE677A17EE8A
:1087C000900AF8F701FB104B0022F8F755FB024620
:1087D000A0680D461446F8F7D5FA02460B46204627
:1087E0002946F8F773FCF8F71FFE80B2BDE700BF1B
:1087F000000000007BDAD93F9A9999999999E93F4D
:10880000D80700203803002000408F402DE9F041B8
:10881000214BD0F89C501B6884B00E46144603B31D
:10882000B5F80AC01188D7889288DFF87480184696
:1088300067442B896244B4F802C01944BFB2634450
:108840004FF0000C89B292B29BB2C8F804C0CDE9D7
:1088500000760AF073FC114AD8F8041013680B4430
:108860001360A28821886388E48868890134A41A87
:1088700002442889A4B201335B1A01446868CDE937
:10888000004601249BB292B289B20294FBF7E9FD43
:10889000002004B0BDE8F081AC020020CC360020FE
:1088A000001000E070B5D0F89C6033685D68AA42A3
:1088B00028BF2A46144629B1084619680CF0AFFBB8
:1088C00033685D681A682D1B2244C3E900252046E1
:1088D00070BD00BFD0F89C301B6870B514465A6854
:1088E0001868174DA2422DBF5A685C680022121BFF
:1088F00082B05A6089B100234FF480360193C5F8E5
:108900008060BFF34F8FBFF36F8F224601ABFEF73E
:1089100053F82E60019802B070BD4FF48036C5F850
:108920008060BFF34F8FBFF36F8F41692144FEF723
:1089300009F92E6000280CBF2046002002B070BD4F
:1089400000E100E070B5B0B000240690ADF81E2044
:1089500028489DF8D8200460BDF8D050ADF81C1010
:108960001C46002A31D0012A02D0052030B070BD4B
:10897000359A21491268039205AB359A00935268E3
:10898000049208AE03AA059242F6E0631B4A304601
:1089900000F03AF80028E9D1BDF83C30BDF83E209F
:1089A000A34201DCAA4209DDB4EB530F02DBB5EBB5
:1089B000520F1DDAB4EB930F14DA0320024610496C
:1089C000304600F043FC30B070BD3599059105ABE1
:1089D00008AE0093094A0B4942F6E063304600F0C6
:1089E00013F8D7E7B5EB920FB4BF03200220E5E7F9
:1089F0000120E3E7CC360020A5880008EC07002022
:108A00000D880008D58800082DE9F04F91B0834605
:108A10000E4614461A98A02200275946124303D046
:108A200001F8017B013AFBD1734ACBF89C00127824
:108A3000CBF89860B3F5806FCBE924438BF888209E
:108A400071D3A3F58063CBF8943004F58063CBF841
:108A50009030CBF80840002C67D03D464FF6D878D0
:108A600008E02378DBF8986043EA0525ADB2454578
:108A700033460BD0012221465846B047012807F162
:108A80000107EED0022011B0BDE8F08FCDF804B0A0
:108A900001980422214698470428F3D1628823884C
:108AA00052BA92B25BBA022A9BB240F24B82190AC6
:108AB000FF2940F04782911CA2F10209DAB2DA2ABA
:108AC0000F4400F04B8234DCA2F1C00398B21928A5
:108AD00000F23A82494A012383401A400ABB042823
:108AE00000F09280D80740F12F82B9F5806F00F234
:108AF0009A83019D4A46D5F89830284621469847E2
:108B00004845BFD1B4F803305BBAAB83B4F8013049
:108B10005BBAEB836379EB7403F0FD02012A00F08A
:108B2000C2820820AFE7CBF80870032011B0BDE87F
:108B3000F08FDB2A15D0DD2A40F00682B9F5806F70
:108B4000A1D8019D4A46D5F8983028462146984735
:108B5000484597D123885BBA6B83019BD3F8983043
:108B600096E7B9F5806F8ED801984A46D0F89830CC
:108B7000214682469847484584D1B9F1400F40F2DA
:108B8000E181DFF880E004F1020818F8023C0F2BC5
:108B9000404600F2D781DAF89420FF2AC5D9DAF8E6
:108BA0009060A2F58072CAF8942006F58072CAF827
:108BB0009020002EB9D003F003031433104A4AF872
:108BC000236018F8013C5B03336002F13F0C12F89C
:108BD000011F10F8013B3EF81150624505FB03F3FD
:108BE00046F82130F3D1B9F14109B6D0B9F1400FBF
:108BF00008F14108C9D8A5E101000020EEEE00020D
:108C000088EF010808EF0108B9F5806F3FF63BAF28
:108C100001984A46D0F898302146984748457FF455
:108C200031AFB9F1100F40F28D810697019F079483
:108C3000A64625462B7813F0EE0C40F08381D7F83A
:108C400094200F2A7FF671AFD7F89010103AC7F82A
:108C5000942001F11002C7F8902000293FF465AF7D
:108C60001A0903F00F03059302EB430307EB830399
:108C7000049219626A780A70A87848701044EA78F9
:108C80008A7010442A79CA7010446A790A711044B3
:108C9000AA794A711044EA798A7110442A7ACA7111
:108CA00010446A7A0A721044AA7A4A721044EA7A24
:108CB0008A7210442A7BCA7210446A7B0A73104479
:108CC000AA7B4A731044EA7B8A730244287CC873E7
:108CD00000EB020E4FEA4E02D7F89460033222F006
:108CE0000302B2423FF621AFD7F890A0B61A0AEBC2
:108CF0000204C7F89460C7F89040BAF1000F3FF43F
:108D000014AF4A1ECDE90A16CDE90C42CDE908950B
:108D1000C3F830A001F10F0B90466046CDF838E063
:108D20001D460F9718F8014F04F1FF3E002C50D05C
:108D3000BEF1020F40F2B28100231A46811C61F39A
:108D40000F02CDE9028EC11C60F30F0300F101098F
:108D500061F31F42A7080AEB4C0169F31F4301EBC3
:108D6000C70703F104080026B64668F30F06C3F3ED
:108D70000F4808F1040868F31F460B603346161DC0
:108D800066F30F0EC2F30F464A600436083166F3ED
:108D90001F4EB9427246E4D1DDE9028E24F003038E
:108DA0001844A1070CEB030280B2AEEB03030CD016
:108DB000411C2AF8120089B2520033B152440230E9
:108DC000012B518080B200D090801EFA89F0A4441B
:108DD00080B24000D84580B2A4D1DDF82090DDF803
:108DE00038E00F9FA9F1110BF3452B46DDE90A1678
:108DF000DDE90C42099DC0F0A5800EF1030020F0D2
:108E000003008642FFF491AE361A2044C7E92406D7
:108E10001C64049805F11103BEF1000F00F00582F7
:108E2000002800F06C810EF1FF30052805D905F10E
:108E30001200201A022800F2D3810EF1110CAC446A
:108E40001846651E10F8016B05F8016F6045F9D1F1
:108E5000D7F8946003EB0E05B6F5006FFFF465AE2E
:108E6000D7F89090A6F5006609F50063C7F89460FE
:108E7000C7F89030B9F1000F3FF457AE059B07EBF0
:108E800083034FF0FF36C3F86C9048464FF40073ED
:108E90001B4303D040F8046B013BFBD10026CDE916
:108EA000085B09314FF4807CCDF80CA093467546E1
:108EB0000A971BF8012F62B3039BCDF808B006F1A7
:108EC000004E0EF1FF3EA1EB0B0803EB4E0E771E9A
:108ED0000123274403FA08FA3EF8023F17F8010F6E
:108EE00003FA08F3C3F3090309EB430340EA0C0058
:108EF000D3465BEA0B0B04D023F8020BBBF1010B4A
:108F0000FAD1E31B013B3344D342E5D1DDF808B08D
:108F100016440CF5807CBCF5306FCAD10A9F059BC6
:108F2000049ADDF824B007EB4303AE461344BBEBD1
:108F30000E09089D83F8656000F08581B9F1100F76
:108F40003FF678AE06209EE501984A46D0F8983064
:108F50000021984748453FF400AE93E5B9F5806F8E
:108F6000DDF804B03FF68FADDBF898304A46214675
:108F70005846984748457FF485ADBBF81C30002B18
:108F8000E0D0BBF81E30002BDCD09BF813202378F8
:108F900093427FF4C6AD002B3AD0A27812B1112AC9
:108FA0007FF4BFADDBF82020002ACBD0DBF82420F3
:108FB000002AC7D09BF8102014325BF82220002A28
:108FC000C0D0012B24D0227912B1112A7FF4A9AD8F
:108FD000DBF82820002AB5D0DBF82C20002AB1D0FD
:108FE0009BF8112014325BF82220002AAAD0022B11
:108FF0000ED0A27912B1112A7FF493AD9BF8122002
:1090000014325BF82220002A9CD0032B7FF489AD18
:109010009BF80F309BF80E2013FB02F3002B91D02E
:10902000DB0103F14000B0F5807FDBF8942038BF0E
:109030004FF48070B2EB400F4FEA4001C0F0FD806A
:10904000CBF88400DBF89000CBF87C00521A0025A6
:109050000144CBF89420CBF89010CBF88050002836
:109060003FF463AD03F580739A42C0F0E380D21AF7
:10907000CBF894200B44C7F30902CBE92313144423
:1090800042B1DBF89830C2F58062214658469847D5
:10909000CBF80000CBF804400020F4E473466246AD
:1090A00000F1010984E6E279112A04D0A2F121013C
:1090B00001293FF636AD0198110902F00F028173C4
:1090C000C273227A0274032A3FF62BAD012B3FF4C0
:1090D00044ADA27A112A7FF424ADE27A4274032AC5
:1090E0003FF61FAD032B7FF438AD637B112B7FF46C
:1090F00018ADA37B8374032B7FF62FAD11E50EF122
:1091000011000544661E13F8010B0B283FF61AAF39
:109110009D4206F8010FF6D1D7F89460B6F5806F3E
:10912000FFF403ADD7F89090A6F5806609F580634B
:10913000C7F89460C7F89030B9F1000F3FF4F5AC70
:10914000059B07EB83034FF0FF36C3F87490484646
:109150004FF480731B4303D040F8046B013BFBD1F9
:109160000026CDE9085B09314FF0100CCDF80CA0BA
:10917000934675460A971BF8012F5AB3039BCDF807
:1091800008B006F1004E0EF1FF3EA1EB0B0803EB19
:109190004E0E771E0123274403FA08FA3EF8023FD9
:1091A00017F8010F03FA08F3C3F309034B4440EA2D
:1091B0000C00D3465BEA0B0B04D003F8010BBBF1A8
:1091C000010BFAD1E31B013B3344D342E6D1DDF876
:1091D00008B016440CF1100CBCF1B00FCBD19DE6D9
:1091E0004FEA9E08184626464FEA880503EB880991
:1091F00050F804CB46F804CB4845F9D1AE453FF4CE
:1092000027AE067804F828606E1CB6457FF620AEBF
:10921000023590F801C004F806C0AE457FF618AEDE
:109220008078605514E604202DE41D4600283FF4A4
:1092300075AF11E6CBF88C5077E40023CBE92030F2
:10924000CBF87C3071E4DDE9067486E42DE9F04F5B
:1092500099B0032A0090129101F2B6801346817BE7
:10926000C27B4373D400CB00C28B109300234361B5
:109270000383002A00F0168119460F93838B0C910B
:1092800009912146002B00F00781002308931191DA
:10929000009B5A8B32B10C994B1C8A429BB200F056
:1092A00095840C93009CD4E91F23A07BE17BD31809
:1092B00010FB01F10493C1F10103D4F88C00079372
:1092C0004B1E0D910A900E930E9B079A0D99134415
:1092D000994200F2E980002A00F06384009BDB7C65
:1092E000032B00F06F8420234FF080110A9A1B4358
:1092F00003D042F8041B013BFBD1079B0A9A0133C0
:109300008032032B07930A92DED10099089ECC7B12
:1093100091F80EA08B8B0494082212FB0A600FFABE
:1093200084FCE40098421AFB02F205940098029231
:109330008CBF9C1B1446099E059AC08BCD6FD1F83B
:1093400080109619864284BF099E801B009E96F865
:109350000D9098BF104634FA09FECB4600F08C8081
:1093600030FA09F0079000F08780089A22FA09F392
:109370009BB2099AADF85830013B7344ADF85A30AE
:1093800022FA09F39BB2ADF85C30013B0344B9F11A
:10939000030F05EB0108ADF85E3000F0438696F848
:1093A00088300193012B40F25984D6F88C40039702
:1093B000059D029E019FC446002304EB0312102D5D
:1093C00002D1082B28BF80320021102E02D108299B
:1093D00008BF703232F9020B022F04D180F308006B
:1093E0000CF8010B07E0A0F3C50040EA801040EA4A
:1093F000C0202CF8020B0131B142E6D30133AB425D
:10940000DBD3039FB9F1000F40F0E586029B23FAFE
:109410000BF39E4523D2009A92F8881001F0FD02CA
:10942000012A00F0FF8319B90EEB4E0E03EB430344
:10943000079A012A13D0C4464646012576449C4427
:10944000324661467446244305D011F8010B02F8F8
:10945000010B013CF9D1079A0135AA42EED1009DDA
:10946000129C16AA41462846A04710F0FF0340F080
:109470008F86D5F88010AB8B002940F38383089941
:10948000109801440098089100229942C0F8802069
:10949000FFF4FEAE1199C28B0998084482420990EC
:1094A0003FF6F0AE002010E1002302939B460099A6
:1094B0000B7B0D6E03F01F064FF0FF32B24013F02E
:1094C0001008D1E9000425EA020516D14346894671
:1094D000A8461D4699F86430002B00F0BB8006F1C9
:1094E000080345462D020F2B45F0FF0588BF1E4699
:1094F00003D82D0245F0FF051036009B02991D662A
:10950000C3E9000403EB8101A6F10A024B6F01914C
:1095100025FA02F29B5CFF2B00F08B82009AA6EBEF
:109520001316F1B203F00F06134603EB4B0C117345
:10953000BCF91480002E40F0C482009E049A06EB11
:109540000B0300251B7C143356F823100B6803FB18
:1095500008F31B1242F8043B13463F22124303D088
:1095600043F8045B013AFBD14FF00108CDF82CB071
:109570000691C146354636E00AF108034FEA08284D
:109580000F2B564648F0FF0888BF1E4604D84FEA06
:10959000082848F0FF081036C5E90004019BC5F80B
:1095A0006080A6F10A0228FA02F2DB6E33F812306C
:1095B0004FF6FF7293426CD0A6EB1322D2B213F097
:1095C000FF062A7300F0A38009EB161BBBF13F0FC7
:1095D0007AD816F00F0640F0BE80BBF13F0F0BF1BA
:1095E000010900F00C8195F80CA02B6E0AF01F0603
:1095F0004FF0FF32B2401AF0100A23EA0208CBD132
:109600005346B2461E4695F86430002BB4D150B98B
:10961000AC68D5F898304FF48062214628469847C8
:10962000002800F0FF8114F8013B01381A466EB1A2
:109630000BB185F86430FF220AF1080ABAF10F0F66
:1096400042EA082800F2EC810026DCE7FF2BF3D188
:109650000126D8E758B9D9F80840D9F898304FF41E
:109660008062214648469847002800F0DB8114F8C4
:10967000013B01381A46002D69D00BB189F86430DE
:10968000FF2208360F2E42EA082800F288820025C1
:1096900020E7029ACDF80C9005EBC20305EB4202DD
:1096A000596A92F866C05A6B5B6C02EB4C026344D9
:1096B00001F10A0E01F1100BF2461EF801CBBCF1CC
:1096C000000F05D1DE45F7D1062019B0BDE8F08FB7
:1096D00006EB0109A9EB0E099C4428FA09F9CDF81B
:1096E00014E003E00133634500F0A08132F802EB9F
:1096F000F145F7D1C1F101018A44A6EB0A02D2B2C9
:109700002A731E78DDF80C90002E7FF45DAF009B6D
:10971000DDF82CB093F88830023B012BC84640F2AC
:109720007C82B8F1010F76D1049B0A991B68002B4B
:10973000B8BFFF331B1280331AB242EA0342202320
:109740001B4303D041F8042B013BFBD1D5E5FF2B94
:1097500097D10125BEE602F01F094FF0FF3303FA4F
:1097600009FA4E4528EA0A0A40F21E824FF0000824
:109770004346A0461C4695F86430002B00F02B8130
:1097800009F108034FEA0A2A9E4244464AF0FF0ABA
:1097900098BF994605D94FEA0A2A4AF0FF0A09F10B
:1097A0001009A9EB060985F80C9009F01F09C5F806
:1097B00060A02AFA09FABAF1000FC5E9000452467E
:1097C000C0F20986013E0123B34013EA0A0F04D117
:1097D0005B00C3F1010303EB0A02AB4B13F80B1060
:1097E000069B53F8213002FB03F3049A1B12BBF1D2
:1097F0003F0F42F821300BF101097FF4F4AE009BDA
:10980000DDF82CB093F88830023B012B03D8BBF174
:10981000000F7FF472AD009B5B7B032B84D0049917
:109820000A984FF0080C51F8042BCB6BCC6FD1F891
:10983000BC504FF4B55E5E1B0EFB06F6ED18C5EB93
:109840002636171BF31902EB0408BC1B08EB0502B4
:10985000A8EB0505D1F8DC60CF69D1F89C80D1F880
:109860005C9007EB060A09EB080E0EEB0A0BAAEB5D
:109870000E0A02EB0B0E41F804ECA2EB0B02C1F84E
:10988000DC204FF4B55202FB0AFEA7EB060AA8EB58
:1098900009090AEB090641F6905202FB06F6361357
:1098A00042F6CF1202FB09F2A6EB2238A8EB0B0816
:1098B000C8EB2E3741F2511202FB0AF2A6EB223618
:1098C000F61B03EB0802CA61A3EB0802C1F8BC2037
:1098D000E219CA63E21BC1F89C20AA19CA65AA1B37
:1098E000CA67BCF1010C9ED14FF0080C203951F829
:1098F000202B51F8183C51F8104C51F8085C02F537
:1099000000424FF4B55E5E1B0EFB06F6ED18C5EB8C
:109910002636171BF31902EB0408BC1B08EB0502E3
:10992000A8EB050551F8046C51F81C7C51F80C8C1F
:1099300051F8149C07EB060A09EB080E0EEB0A0B14
:10994000AAEB0E0A02EB0B0E4FEA2E2E20F810EBBC
:10995000A2EB0B02121220F8022C4FF4B55202FBBC
:109960000AFEA7EB060AA8EB09090AEB090641F66D
:10997000905202FB06F6361342F6CF1202FB09F2B2
:10998000A6EB2238A8EB0B08C8EB2E3741F2511298
:1099900002FB0AF2A6EB2236F61B03EB08021212B8
:1099A00020F80E2CA3EB0802121220F8042CE21966
:1099B000121220F80C2CE21B121220F8062CAA1905
:1099C000121220F80A2CAA1B121220F8082CBCF143
:1099D000010C8CD191E448B9D5F80880D5F89830BD
:1099E0004FF48062414628469847D8B198F8003035
:1099F0001A468CB10BB185F86430FF2242EA0A2A7C
:109A000009F1080900244E4508F1010800F1FF3072
:109A10003FF6B1AE4446C4E6FF2BEFD10124F2E796
:109A20005646B9E5022019B0BDE8F08FDDF814E024
:109A300048E60299009A02EBC10302EB4102D3F817
:109A400020A092F865101A6B1B6C0AF10A0E02EB4B
:109A500041020B44F1461EF8011B0AF1100CD846D6
:109A600039B9E6453FF430AEF1461EF8011B002936
:109A7000F7D006EB0A0BABEB0E0B194425FA0BFBE8
:109A8000CDF80C9005E000BF88EF010801338B4250
:109A9000E7D032F8029BCB45F8D1DDF80C90009A64
:109AA000CAF1010AD144A6EB0906F1B21173C3460B
:109AB0001E78134603EB4B0CBCF91480002E3FF4C8
:109AC0003CAD4FF0FF3A0AFA01FA8E42894625EA88
:109AD0000A0A40F26B8421460025CDF80CC01C46D2
:109AE00094F864303BB3DDF80CC00C4609F108096A
:109AF0004FEA0A2A4E454AF0FF0AF7D8009AA9EB26
:109B00000603137303F01F032AFA03F3002BC2E9C1
:109B10000004C2F860A01946C0F23583013E01225C
:109B2000B2401A4203D15200C2F10102D118884456
:109B3000ACF8148001E558B9A168D4F898300591C3
:109B40004FF4806220469847059900283FF46AAF99
:109B50000B781A4695B10BB184F86430FF2242EAC3
:109B60000A2A09F1080900254E4501F1010100F119
:109B7000FF30B5D8DDF80CC00C46BFE7FF2BEED1A7
:109B80000125F1E70899109C00982144D0F8842021
:109B900008919942C0F88020FFF47AAB7AE44546F8
:109BA000ABE40292934682E4A9EB060985F80C9097
:109BB00009F01F09C5F860A02AFA09FAC5E90004EE
:109BC0005246FFE501239346029370E4009A92F80F
:109BD000644055681168002C00F0DD82002344F4D5
:109BE0007F4482F8643024F027039BB24FF6D07292
:109BF00093427FF469AD0F9A84EA020313F00703DE
:109C00007FF462AD013292B20F92009A13735361E6
:109C1000138301230C93FFF745BBBBF1000F7FF4C7
:109C20006CAB7EE5079901294FEA43034FEA4E09E1
:109C30003FF415ACC44646464E449C443146644607
:109C400075462D4305D034F8020B21F8020B013D77
:109C5000F9D1079901329142EED100E4049B002B27
:109C600000F09980BAF1020F4FEACC0300F0C982EC
:109C70000B93CDE90D8E4FEACA034FEACA1B03933B
:109C8000002344460193D946009BD3F88C20049BC3
:109C9000022B964600F0B18102EB0903019902EB19
:109CA000011EBAF1000F67D0A3460025CDF818A019
:109CB000CDF8289033F9026B009AB3F97EC092F880
:109CC00088203EF9028B803EACF1800C002A00F027
:109CD0001781DDF818A0DDF828902D2202FB0CF288
:109CE00008EB6212A2F3C502172101FB0CF10B2055
:109CF00000FB0611A8EB6111A1F3C501712000FB67
:109D000006F008EBA010A0F3C50040EA811040EA7D
:109D1000C22B039A24F802BB0135AA4218BF023BAA
:109D20002AD033F9026F3EF902BBB3F980C0803EFE
:109D3000ACF1800C2D2202FB0CF20BEB6212A2F3B1
:109D4000C502172101FB0CF10B2000FB0611ABEB48
:109D50006111A1F3C501712000FB06F00BEBA0100F
:109D6000A0F3C50040EA811040EAC228029A24F814
:109D7000028B0135AA42D4D8019B0B9A01339A4237
:109D8000019309F110097FF47FAFDDE90D8E009B8F
:109D900093F80D90CB46B9F1000F3FF437AB009B21
:109DA00093F8883001934FEA490301210393019A04
:109DB000029B01FA09F15B1A002A40F01D8203EBB5
:109DC000430303220498CB4600283FF41FABBAF1AB
:109DD000000F3FF444AB01EB410505EB030A029B86
:109DE00002FB01F202FB03FC0492AAEB41020B927C
:109DF000019ACDE90D8E0335AAEB010B43460026EF
:109E0000E64644461046CDE9134EA4460022159678
:109E10006446E1B1B0B3012800F09B80022800F055
:109E2000C7804FF0000EF146A046002038F8026BC4
:109E300006F01F06B644064601308142F6D14E4573
:109E40005C4409F1010000F0CE808146ECE7002877
:109E500052D0012800F09C8002288E4600F0C0807D
:109E60001FFA8EF0840144EAC024204323F8020B39
:109E70000498844402980A44904230D9009890F89B
:109E80008800C5E786468046064601920693E31C95
:109E9000621913F8039CC84413F8029C0333CE44A0
:109EA00013F8049C9A424844F3D10136B142544419
:109EB000EDD1039C019A069B28FA04F8039C83F8D1
:109EC0000080E04098700498844402980A442EFA76
:109ED00004FE904283F801E003F10303CED8159EFF
:109EE000059ADDE9134E0E44B242744440F2938069
:109EF000009A92F8880086E7884608468E46DDE795
:109F00002D2000FB0CF008EB601080F3080A1720EE
:109F100000FB0CF10B2000FB0610A8EB601080F397
:109F20000809712000FB06F008EBA01080F308027E
:109F300084F800A084F801908BF80220039A013580
:109F4000954204F1030431D1DDF818A0DDF8289022
:109F500012E70026B646B046B14606920A9320465E
:109F60000022019430F8023BC3F3841408EBD32899
:109F700003F01F031E44134601329142A644F1D15F
:109F8000019C4B455C4409F1010230D09146E6E763
:109F900088460E468E460398C64046EAC8262EFAE4
:109FA00000FE46EA8E1623F8026B61E7A34681E6BF
:109FB0000020DDF82CE0019201EB0C0881462246DE
:109FC00012F8016B42453044FAD109F101094945C3
:109FD000744402EB0E08F2D1039C019A20FA04FEAD
:109FE00003F801EB44E703982EFA00FE38E70398E4
:109FF000069A0A9B28FA00F8CDE7019A51465308C1
:10A000002033072A0EEB031340F2B58001928A46F3
:10A010000EF1800242E6009BDDE90D8E93F80DB053
:10A02000FFF7F4B90599029AD6F88C3001FB02F2D9
:10A0300003EB420133F91220B1F98060A2F18009EB
:10A04000049A803E002A3FF4E1A9C346D446BAF1FF
:10A05000000F50D04FF0000CCDE903AECDF818C082
:10A06000DDF800E0DDF808C0CDF80480803300247E
:10A0700024E02D2000FB06F005EB601080F3080AB9
:10A08000172000FB06F10B2000FB0910A5EB601068
:10A0900080F30808712000FB09F005EBA01080F3A5
:10A0A00008028BF800A08BF801808BF802200BF1DE
:10A0B000030B0834A44503F1800316D99EF88820C9
:10A0C00033F9805C002AD4D0012A32D0022A4FD042
:10A0D000A5F3C50040EA801242EAC0220834A44534
:10A0E0002BF8022B03F18003E8D8DDE903AEDDF89D
:10A0F0000480DDF818C0059B0CF1080C63450DD9F0
:10A10000009BBCF1080FD3F88C300CD0BAF1000FD3
:10A11000A2D1059B0CF1080C6345FAD8009B93F87B
:10A120000DB0FFF773B903F58073BAF1000F93D147
:10A13000EFE72D2202FB06F205EB6212A2F3C50245
:10A14000172101FB06F10B2000FB0911A5EB6111A2
:10A15000A1F3C501712000FB09F005EBA010A0F3ED
:10A16000C50040EA811040EAC2282BF8028BA0E724
:10A170000BF8015B9DE7002900F029818A460192D6
:10A180000EEB021E90E55B42DBB2002B3FF4BDA854
:10A190001846FFF79ABA904602264FF4806240466E
:10A1A00049B9D8F80850D8F8983029469847014658
:10A1B00000283FF437AC15F8013B012E43EA042494
:10A1C00001F1FF31A4B213D001264FF48062404662
:10A1D0000029F0D1E5E74FEA490301210393029BEF
:10A1E00001FA09F15B1A019A032A07D00122E9E575
:10A1F000009BC3E90015F6E4012AF4D15B000222BA
:10A20000E0E5049A06933346022ACDE90A8A019CC6
:10A21000D3F88C30CDF834E0C3464FF4807C4FF057
:10A22000000900F0818003EB0C0503EB0913CDF866
:10A2300004B00026CDF80CC0082EB5F900A0B5F981
:10A2400080E008BF703306F0010233F9028BAAF1F7
:10A25000800AAEF1800E05EB4205002C6FD0DDF8D0
:10A260000CC02D2202FB0EF208EB6212A2F3C50213
:10A27000172101FB0EF10B2000FB0A11A8EB611165
:10A28000A1F3C501712000FB0AF008EBA010A0F3B8
:10A29000C50040EA811040EAC2240F2E2BF8024B81
:10A2A00006F1010430D0082CB5F90060B5F980E062
:10A2B00008BF703304F0010233F902AB803EAEF107
:10A2C000800E05EB42052D2202FB0EF20AEB621214
:10A2D000A2F3C502172101FB0EF10B2000FB0611B2
:10A2E000AAEB6111A1F3C501712000FB06F00AEB96
:10A2F000A010A0F3C50040EA811040EAC228013452
:10A30000102C2BF8028BCED1069B09F1010999453F
:10A310000CF1100C3FD0049A009B022A93F888405D
:10A32000D3F88C307FF47FAF4FEA59052035B9F16F
:10A33000070F03EB05157FF678AF803375E72D2007
:10A3400000FB0EF008EB601080F3080C172000FBF8
:10A350000EF10B2000FB0A10A8EB601080F308043C
:10A36000712000FB0AF008EBA01080F308020199AD
:10A370008BF800C00136102E8BF801408A700BF16B
:10A38000030B0DD1069BDDF80CC009F101099945BD
:10A390000CF1100CBFD1DDE90A8ADDF834E0F6E4F7
:10A3A000009ACDF804B092F8884045E7891B1973EC
:10A3B00001F01F011A46C3F860A02AFA01F3C2E9AE
:10A3C00000041946FFF7AABB0520FFF77EB901324A
:10A3D00009F1100913E6CAF10003DBB2002B3EF4C9
:10A3E00094AFD5E62DE9F843134EDFF8509096F878
:10A3F00000C00CF1010C5FFA8CFC86F800C00CEB7D
:10A400004C0C80460F46D9F800004FEA8C011546E7
:10A410001C4609F04DFF3178C9F800000C236FF09D
:10A420000B0213FB012340F80380184405724472A9
:10A430004760BDE8F88300BFD4360020D036002046
:10A44000104A70B5D368104E23F00103D3603578FD
:10A45000ADB10E4B1C785CB10D4B19464C2251F836
:10A46000044B18460AF01BFD013D00223570C26402
:10A47000044AD36843F001032046D36070BD2C46E4
:10A48000F6E700BF00440140D5360020D436002056
:10A49000D8360020044B187820B1044B18780038C7
:10A4A00018BF0120704700BFD5360020D4360020E9
:10A4B000374A3849136923F0010313610A78002AE7
:10A4C0003BD0354B1B680C2130B411FB023100240A
:10A4D0004FF0010C5A7A42B9D3E9000200691042E8
:10A4E00003D11A7A0CFA02F214430C338B42F1D1E5
:10A4F0002A4A5CB914602A4D2A482B492B4A00236A
:10A500002B7003700B60136030BC70471368A3425C
:10A51000F0D1234A13780133DBB2012B1370F3D946
:10A5200020490B7853B9214D286880B9204A137807
:10A53000132B25D901232B60E6E770471A490B68D6
:10A5400001330220072B10700ED80B60DCE70130BE
:10A55000632898BF2860D7D913482B6001240C705A
:10A56000022103601170CFE7114A13780020132BEA
:10A570000860C9D80F48591C40F823401170C3E740
:10A580000C4941F823400133012113702960BBE7D6
:10A5900000440140D4360020D03600203837002057
:10A5A00028370020303700202C3700203437002097
:10A5B000D5360020D836002030B50D4C85B0642546
:10A5C00008228DF80C20009503AA01236C21204657
:10A5D000FAF7C0FB02236C21009503AA2046FAF784
:10A5E00003FDBDF80C0040BA80B205B030BD00BF1D
:10A5F0003803002000B585B06423002144F2060C26
:10A6000000938DF80E10032303AA6C210348ADF8C4
:10A610000CC0FAF79FFB05B05DF804FB380300207F
:10A62000F0B5154D85B00C2764260DEB070200969A
:10A63000044601236C2128468DF80C70C4F12004D7
:10A64000FAF788FB0DEB0702009602236C212846DF
:10A65000FAF7CAFC8DF80E4000969DF80C408DF874
:10A660000D4003230DEB07026C2128468DF80C707A
:10A67000FAF770FB05B0F0BD380300200023C0E9F5
:10A680000023C0E9023170470346426801F01F0110
:10A690002DE9F041C1F11F009C6822FA00F08A40C8
:10A6A0005A60621A002A4FEA50009A6001DBBDE846
:10A6B000F081DE68032EA1EB040102F1200535DCF8
:10A6C00000245C60C6F103044FEAC40E06F1FF3CAF
:10A6D000002E48D01F687C1C1C603C7824025C6003
:10A6E000BCF1000F13D007F10208C3F8008097F8FF
:10A6F000018048EA04042402BCF1010F5C6006D02A
:10A7000007F1030CC3F800C0BF783C43240204FAED
:10A710000EF424FA05F5284304FA01F102EBC6050C
:10A720000026C3E902565960BDE8F0811C6827463F
:10A73000621C1A6017F8022B1F6012065A606778B5
:10A7400042EA0742E71C5A601F60A77842EA0722E4
:10A75000271D5A601F60E478224302FA01F1EA40A3
:10A76000043E1043DDE73146D8E700BF10B404686B
:10A770008368611AC3EBC103981A5DF8044B7047F4
:10A7800030B1036823B15869003818BF0120704701
:10A790004FF0FF30704700BF002800F0D9800368F9
:10A7A000002B00F0D5800A78FF2A40F0D1802DE9F7
:10A7B000F04F4C7804F0E002E02A40F0C680E20856
:10A7C00014F0180F1ABFD24302F0010202221A70CD
:10A7D00091F801C0CCF3410CCCF10409C3F804900A
:10A7E0004D78ED4305F001059D608F783F09DF60EE
:10A7F0008C78C4F381041C618E78C6F340065E61D8
:10A8000091F802E00EF0010EC3F818E091F803E0B1
:10A810004FEA9E1E83F81CE091F80380C8F30118EC
:10A82000C3F8208091F80380C8F3C008C3F82480DF
:10A8300091F80380C8F38008C3F8288091F803805A
:10A84000032C08F00308C3F82C807ED0B9F1040F64
:10A850007BD00F2F79D04FF0DE0BDFF808A10BFB78
:10A8600002FB4FF04A0818FB04B8D044BEF1010FB8
:10A87000C3F8348009D04FF00008BEF1030FC3F8CD
:10A88000208002D14FF0010801E04FF00208C0F82B
:10A89000BC8702EB4208002AC0F8D09780F8D42782
:10A8A00008EB04094FEA420A2B4ACCF1030C52F898
:10A8B0002920C0F8C02708EB0C09284A32F9199062
:10A8C00014BF01220222C0F8C42799FBF2F2C0F89B
:10A8D000C82767B3C8EB0818CCEB0C1CC4EB0414F6
:10A8E000C4444444BC443C441D4F37F91C70DFF859
:10A8F00078C0BEF1030F0CBF52460AF101023CF9C9
:10A900001440DFF868C03CF91220A21AC7EB4714C4
:10A9100007EB8407FF00C0F8B8778DB9043A3244DA
:10A92000C0F8CC2700221A630420BDE8F08F002D68
:10A93000F8D08A8852BA92B206201A63BDE8F08F26
:10A94000063A3244C0F8CC27F3E74FF0FF30F5E782
:10A950004FF0FF30704700BFFC1A0208D8190208F8
:10A96000EC19020820160208BC180208CC190208CB
:10A970002DE9F04F8DB0002800F0F787036883467B
:10A98000002B00F0F2874468002C00F0EE871F785F
:10A990001B7F002F00F0E880032B00F0AD87002321
:10A9A00008ADCDE908130022112308212846CDE97E
:10A9B0000A23FFF769FE1123049302212060284631
:10A9C000FFF762FE6060DBF8C487B8F1000F40F368
:10A9D000C480DBF8BC370093002B40F3BE80002F0F
:10A9E000CDE905840CBF042309230193A1464FF050
:10A9F000000ACDF81CB0CDE902A94C4600260C2176
:10AA00002846FFF741FE0921A0622846FFF73CFED9
:10AA10000821E0622846FFF737FE019920632846A7
:10AA2000FFF732FE6063DDE90920411E5300002973
:10AA300009934FEAD2720A91C0F23281A263904622
:10AA4000002A00F0DF8002212846FFF71DFEDDE925
:10AA50000923591E4FEA420C0029E063CDF824C0B7
:10AA60000A914FEAD27EC0F28E814FEADC6C9201ED
:10AA70004B1F002BC4F840E009920A93C0F2678391
:10AA80004FEAD2685201591F0029C4F844C0099204
:10AA90000A91C0F208834FEA527AD300A1F1030C65
:10AAA000C4F848804FF00008C4450993C4F84C80AE
:10AAB000CDF828C0C0F28E81590FDA00ACF1030343
:10AAC000002BC4F850A009920A93C0F2C3824FEA47
:10AAD0005278D2006165D91E002909920A91C0F20C
:10AAE00009834FEAD27A4FEA4209C4F85880002815
:10AAF00040F0FD80E36D6063C4E90A00C3F1140314
:10AB00002366002F00F0BD800023481E00286366E6
:10AB1000CDF824900A90C0F2F1804FEAD9714FEA43
:10AB200049030993431E002BC4F868A00A93C0F29E
:10AB30000681009BE16601369E4204F148047FF4E1
:10AB40005EAFDDE902A9059B0AF1010A9A4509F108
:10AB500090097FF450AFDDE9064B2368CBF8D83776
:10AB600004980DB0BDE8F08F032B00F0B58608AD5A
:10AB700020230891002209212846CDE90A230997BC
:10AB8000FFF782FD20230493032120602846FFF76E
:10AB90007BFDDBF8BC376060002B7FF714AF04EB64
:10ABA000031EDDE90A20DDE908632146B2F1010C4C
:10ABB0004FEAD37800F125845B00BCF10102C1F8B3
:10ABC00008804FEAD37800F179855B00B2F1010C7F
:10ABD000C1F80C804FEAD37800F14F855B00BCF1DF
:10ABE0000102C1F810804FEAD37800F126855B009E
:10ABF000C1F8148010317145D8D1CDE90A20CDE9D2
:10AC00000863E0E6A1F1050CC4E90F22BCF1000FD6
:10AC10004FEA43120992CDF828C04FEAD360C0F240
:10AC200080814FEAD26E9B02ACF10501002960647D
:10AC300009930A91C0F2C981D80E5B0109934B1F99
:10AC4000002BC4F848E00A93C0F2E081E0640421DC
:10AC50002846FFF719FDE065DDE90902D11E4FEA3C
:10AC6000C00A0029CDF824A00A914FEA5073C0F21F
:10AC7000D8804FEADA7A4FEA00192366002F7FF472
:10AC800043AF4B1E002BCDF824900A93C0F28F8265
:10AC9000D04619464FEAD97A43464FEA490934E784
:10ACA000DDF82CC0BCF1030FC0F1010900F11F0059
:10ACB00040F35D81089B597893F800E0090441EA6C
:10ACC0000E6193F803E04EEA010193F802E00433C9
:10ACD00041EA0E21089301FA09F3C140ACF1040CDA
:10ACE0000A43CDE90930CDF82CC00146A6E602287A
:10ACF00000F055820723E3650D2301E70B9A032A31
:10AD0000C1F1010E01F11F0C40F3B28008984178A7
:10AD10000378090441EA0361C3781943837841EA5F
:10AD2000032101FA0EF3043021FA0CF14AEA010A78
:10AD3000043AD90F08905B000B926046F1E60B9A3B
:10AD4000032AC0F1010C00F11F0040F3BE80A2F104
:10AD5000040E089A537892F800801B0443EA0863B3
:10AD600092F8038048EA030392F8028043EA08233A
:10AD7000043203FA0CFCC34008921943CDE90A0ED1
:10AD8000CDF824C0D5E60B9A032AC3F1010903F1DB
:10AD90001F0840F39883131F089A517892F800C057
:10ADA000090441EA0C6192F803C04CEA010192F8EF
:10ADB00002C041EA0C2101FA09F9043221FA08F132
:10ADC00008924EEA010E4FEAD96C4FEA49120B93F2
:10ADD00041464DE60B9A032AC1F1030B01F11D090F
:10ADE00040F35582131F089A517892F800C0090465
:10ADF00041EA0C6192F803C04CEA010192F802C0EA
:10AE000041EA0C2101FA0BFC043221FA09F1089203
:10AE10004AEA010A4FEACC024FEA5C710B93CC4636
:10AE20004CE60B980328C2F1030902F11D0240F31E
:10AE30001B83A0F104080898417890F800C0090429
:10AE400041EA0C6190F803C04CEA010190F802C09D
:10AE500041EA0C2101FA09F90430D1404FEAD97ACC
:10AE600008900B434FEA4909CDF82C80114647E67C
:10AE70000023C2F1030809934FEAC808002A00F032
:10AE8000528508990B78012A4FEA03230DD091F8D7
:10AE90000190022A49EA03094FEA092305D091F8F3
:10AEA000029049EA03094FEA092303FA08F323FA57
:10AEB0000CFC114403FA0EF34AEA0C0A089100EB69
:10AEC000C20CD90F00225B0036E7C2F1030E4FEA35
:10AED000CE0E002A00F02485DDF8209099F800803D
:10AEE000012A4FEA08280DD099F801A0022A4AEA5F
:10AEF000080A4FEA0A2805D099F802A04AEA080A87
:10AF00004FEA0A2808FA0EFE91442EFA00F0CDF816
:10AF1000209001430EFA0CFC03EBC2004FF0000E30
:10AF20002CE70B9A032AC1F1050E01F11B0940F32E
:10AF30002983089B597893F800C0090441EA0C6101
:10AF400093F803C04CEA010193F802C041EA0C21D6
:10AF500001FA0EFC043321FA09F10893043A08437C
:10AF60004FEADC6E4FEA4C130B92CC465CE6CCF118
:10AF70000303DB00BCF1000F00F0CF84DDF820807C
:10AF800098F800E0BCF1010F4FEA0E2E0ED098F8B1
:10AF900001A0BCF1020F4AEA0E0A4FEA0A2E05D0C0
:10AFA00098F802A04AEA0E0A4FEA0A2E0EFA03F3B4
:10AFB00023FA00F0E044CDF82080024303FA09F3BD
:10AFC00001EBCC004FF0000C8BE60B9A032ACCF17E
:10AFD00005090CF11B0C40F3858108984178037832
:10AFE000090441EA0361C3781943837841EA0321E4
:10AFF00001FA09F3043021FA0CF10890043AD80E52
:10B000004EEA010E5B010B92614617E60B9A032A8A
:10B01000C1F1050901F11B0140F38882A2F1040C82
:10B02000089A537892F800E01B0443EA0E6392F802
:10B0300003E04EEA030392F802E043EA0E230432EF
:10B0400003FA09F9CB4008921843CDE90A1CCDF860
:10B050002490FBE50B9A032ACCF1030A0CF11D0C9A
:10B0600040F36B81131F089A92F8018092F80090C8
:10B070004FEA084848EA096892F8039049EA080844
:10B0800092F8029048EA092808FA0AF9043228FAE4
:10B090000CF8089241EA08014FEAC9024FEA5978D0
:10B0A0000B93634616E50B9A032AC3F1050903F1D6
:10B0B0001B0C40F39382089B597893F800A0090475
:10B0C00041EA0A6193F803A04AEA010193F802A059
:10B0D00041EA0A2101FA09F9043321FA0CF1089333
:10B0E000043A48EA01084FEA597A4FEAC9030B9239
:10B0F0006146D3E40B9A032AC3F1030C03F11D0349
:10B1000040F34F81DDF8209099F8011099F800A0E4
:10B11000090441EA0A6199F803A04AEA010199F891
:10B1200002A041EA0A2101FA0CFC09F10409D94004
:10B13000CDF82090043A48EA01084FEADC7A4FEA59
:10B140004C090B92CDF824C019460A93CDE40B9A12
:10B15000032AC1F1050A01F11B0164DD131F089ADE
:10B1600092F8018092F800904FEA084848EA09688E
:10B1700092F8039049EA080892F8029048EA0928F0
:10B1800008FA0AF9043228FA01F808924CEA080C85
:10B190004FEA49124FEAD9680B930B4673E4BEF1AC
:10B1A000000F7FF4A7AD0823E3650C23A8E40B9AF6
:10B1B000032AC1F1010001F11F0C00F39F82C2F1CB
:10B1C000030809974FEAC808002A00F0B383DDF8A6
:10B1D00020E09EF80010012A4FEA01210DD09EF8D0
:10B1E0000190022A49EA01094FEA092105D09EF897
:10B1F000029049EA01094FEA092101FA08F929FAFE
:10B200000CF80EEB020109FA00F948EA0A0803EB10
:10B21000C20C4FEAD97A08914FEA490900220B92F1
:10B220006146434671E44FF00008CDF82480002ABF
:10B2300000F04B83DDF8209099F80080012A4FEA56
:10B2400008280DD099F801B0022A4BEA080B4FEA02
:10B250000B2805D099F802B04BEA080B4FEA0B28EF
:10B260009144CDF82090C2F103094FEAC90908FAC8
:10B2700009F929FA01F109FA0AF94CEA010C4FEA35
:10B28000D96803EBC2014FEA4912002384E7CDF8E5
:10B290002480002A00F0128308990B78012A4FEAD3
:10B2A00003230DD091F80180022A48EA03084FEAEF
:10B2B000082305D091F8028048EA03084FEA0823E2
:10B2C00011440891C2F10301C9008B4023FA09F926
:10B2D00003FA0BF34AEA090A590F0CEBC209DA0028
:10B2E00000239BE500230993002A00F0E0820898E0
:10B2F0000378012A4FEA03230DD090F801A0022A17
:10B300004AEA030A4FEA0A2305D090F802A04AEA63
:10B31000030A4FEA0A2310440890C2F10300C00058
:10B32000834023FA0CFC03FA09F34EEA0C0ED80E04
:10B3300001EBC20C5B01002265E64FF00008CDF87E
:10B340002480002A00F09D82DDF8209099F800808A
:10B35000012A4FEA08280DD099F801B0022A4BEAD9
:10B36000080B4FEA0B2805D099F802B04BEA080BFE
:10B370004FEA0B289144CDF82090C2F103094FEA1F
:10B38000C90908FA09F929FA0CFC09FA0AF941EA8B
:10B390000C014FEA597803EBC20C4FEAC9020023B3
:10B3A0007EE6002A00F06982DDF820A09AF800907D
:10B3B000012A4FEA09290DD09AF801B0022A4BEA76
:10B3C000090B4FEA0B2905D09AF802B04BEA090B9A
:10B3D0004FEA0B299244CDF820A0C2F1030A4FEAAC
:10B3E000CA0A09FA0AF909FA0CFC29FA03F948EA27
:10B3F00009084FEADC7A4FEA4C0901EBC20300224C
:10B400009FE60328C2F1010302F11F0900F39281B4
:10B41000002800F0978296F800A001284FEA0A2A37
:10B420000BD07278022842EA0A024FEA022A04D0BC
:10B43000B27842EA0A024FEA022A0CEBC002064442
:10B44000C0F10300C0000AFA00FA2AFA09F040EA43
:10B4500008000AFA03F3013A88604FEAD37800F152
:10B4600075820020FFF7B1BB002800F01582DDF8DF
:10B4700020E09EF800C001284FEA0C2C0DD09EF869
:10B4800001A002284AEA0C0A4FEA0A2C05D09EF8CD
:10B4900002A04AEA0C0A4FEA0A2C8644CDF820E0C2
:10B4A000C0F1030E4FEACE0E0CFA0EFC0CFA09F9AD
:10B4B0002CFA02FC4FEAD97A43EA0C034FEA490915
:10B4C00001EBC002D0E44FF0000CCDF824C0002AFC
:10B4D00000F0DC81DDF820C09CF80030012A4FEA42
:10B4E00003230DD09CF801A0022A4AEA030A4FEA7E
:10B4F0000A2305D09CF802A04AEA030A4FEA0A236D
:10B500009444CDF820C0C2F1030C4FEACC0C03FAEE
:10B510000CF323FA08F803FA09F34EEA080E4FEA8F
:10B52000D36C01EBC2085A01002350E4002A00F05A
:10B53000BC81DDF820E09EF800C0012A4FEA0C2C07
:10B540000DD09EF801A0022A4AEA0C0A4FEA0A2C02
:10B5500005D09EF802A04AEA0C0A4FEA0A2C96444B
:10B56000CDF820E0C2F1030E4FEACE0E0CFA0EFE2B
:10B570002EFA01F108430EFA09F903EBC2014FF06C
:10B58000000C62E5CDF82480002A00F0888108993B
:10B590000B78012A4FEA03230DD091F801A0022A6B
:10B5A0004AEA030A4FEA0A2305D091F802A04AEAC0
:10B5B000030A4FEA0A2311440891C2F10301C900AA
:10B5C0008B4023FA09F903FA0EF340EA09004FEA27
:10B5D000D36E0CEBC2095B010022C5E4002A00F027
:10B5E0004981DDF820A09AF80030012A4FEA0323B0
:10B5F0000DD09AF801B0022A4BEA030B4FEA0B2355
:10B6000005D09AF802B04BEA030B4FEA0B239244A1
:10B61000CDF820A0C2F1030A4FEACA0A03FA0AFAD7
:10B620000AFA09F32AFA0CFA48EA0A084FEA537AA6
:10B63000DB0001EBC20C002259E50328CCF1010329
:10B640000CF11F0C40F3BE80B146727819F804ABC0
:10B65000120442EA0A6296F803A0B67842EA0A02A5
:10B6600042EA062202FA03F322FA0CF248EA02083E
:10B6700004384E466246FFF7BBBA0328C2F1010305
:10B6800002F11F026FDD96F800C096F801904FEAB4
:10B690000C6C4CEA094C96F803904CEA090C96F8AD
:10B6A00002904CEA092C0CFA03F32CFA02FC48EA4B
:10B6B0000C08043894460436FFF791BA0328CCF1FD
:10B6C00001030CF11F0C40F3A780327896F801902B
:10B6D000120642EA094296F8039042EA090296F8F5
:10B6E000029042EA092202FA03F322FA0CF248EA33
:10B6F0000208043862460436FFF768BA089B93F8DC
:10B70000018019784FEA084848EA0168D97841EA87
:10B710000808997848EA012808FA00F0043328FA62
:10B720000CF848EA0A08043A08934FEA40094FEA3D
:10B73000D07A74E5327896F801C0120642EA0C42DB
:10B7400096F803C042EA0C0296F802C042EA0C22C4
:10B7500002FA03F322FA09F2043848EA0208CC4656
:10B760000436FFF72ABA002800F0F68096F8009019
:10B7700001284FEA09290DD096F801A002284AEACB
:10B7800009094FEA092905D096F802A04AEA0909F1
:10B790004FEA09290CEBC00C0644C0F10300C000BD
:10B7A00009FA00F929FA02F242EA080209FA03F357
:10B7B0000A61BCF101024FEAD37800F1D380002086
:10B7C000FFF715BA002800F0D58096F80090012800
:10B7D0004FEA09290DD096F801A002284AEA090982
:10B7E0004FEA092905D096F802A04AEA09094FEA6A
:10B7F0000929C0F1030A4FEACA0A09FA0AF929FA23
:10B800000CFC064448EA0C0809FA03F302EBC00CEE
:10B8100062460020FFF7ECB9002800F0978096F808
:10B82000009001284FEA09290DD096F801A00228BE
:10B830004AEA09094FEA092905D096F802A04AEA1E
:10B8400009094FEA092902EBC0020644C0F10300CE
:10B85000C00009FA00F929FA0CFC4CEA080009FAC0
:10B8600003F3B2F1010CC8604FEAD37874D400201E
:10B87000FFF7B4B913469246DBE6914692469446EA
:10B88000BBE56165D91E0A91904634E4063BC4F8D5
:10B8900040E00A9394465BE48146824610E60A390A
:10B8A00060640A91C646FFF791BB914665E64B1F5F
:10B8B000C4F848E00A931046FFF7A9BB8B1FC4F8F1
:10B8C00050A00A931146FFF7C6BB591FC4F844C0E5
:10B8D0000A919046FFF7E8BB08AD112308910022BA
:10B8E00009212846CDE90A230997FEF7CDFE112349
:10B8F00004930521FFF749B9002308ADCDE90813EA
:10B900000022092308212846CDE90A23FEF7BCFEC0
:10B91000092304930121FFF751B86346FFF750BB99
:10B920009446FFF7F9BA431EC4F868A00A9311467B
:10B93000FFF706BA881EC4F864A00A901946BA46F2
:10B94000FFF7DDB9C1F80880023A8046C1F80C80E3
:10B9500002F1FF3C4FF00008C1F810800CF1FF32FB
:10B960004FF000080020034650E74FF0FF330493E8
:10B97000FFF7F6B8034649E710B310B50446006870
:10B9800008B108F0DFFB606808B108F0DBFBA068D5
:10B9900008B108F0D7FBE06808B108F0D3FB2069D4
:10B9A00008B108F0CFFB606908B108F0CBFBA069D3
:10B9B00008B108F0C7FB2046BDE8104008F0C2BB44
:10B9C000704700BF2DE9F04701214FF4FE6008F0F9
:10B9D00095FB002842D004460121382008F08EFB58
:10B9E000012106464FF4A47008F088FB01210546AA
:10B9F0004FF48E7008F082FB0121814641F2102045
:10BA000008F07CFB012180464FF4527008F076FB71
:10BA1000012107464FF4D95008F070FB01218246FE
:10BA200042F2042008F06AFBC4E90065C4E9029808
:10BA3000C4E9047AA06176B16DB1B9F1000F0AD002
:10BA4000B8F1000F07D037B1BAF1000F03D010B131
:10BA50002046BDE8F0872046FFF78EFF0024F7E779
:10BA60002DE9F04F87B08846109C052C17461E46DE
:10BA700000F3F984C4F1060B031F00F17C0153F8B5
:10BA8000042F42FA0BF28B421A60F8D1C16F0268A0
:10BA9000C46B056C531A0A44CC4981FB03C3611B78
:10BAA0005B002C44CA4D85FB01C115194901121BCD
:10BAB0000560C84C84FB02525200C2635A180264EB
:10BAC0005B1A84FB0323816F4268846B456C5B00C7
:10BAD000C367531A0A44C04981FB03C3611B5B005F
:10BAE0002C44BE4D85FB01C11519C900121B4560D0
:10BAF000BB4C84FB0252520082635A1842645B1AA8
:10BB000084FB0323416F8268446B856C5B00836711
:10BB1000531A0A44B34981FB03C3611B5B002C44E5
:10BB2000B14D85FB01C11519C900121B8560AF4CD1
:10BB300084FB0252520042635A1882645B1A84FBEF
:10BB40000323016FC268046BC56C5B004367531A23
:10BB50000A44A74981FB03C3611B5B002C44A54D2C
:10BB600085FB01C115198900121BC560A24C84FB1D
:10BB70000252520002635A18C2645B1A84FB032308
:10BB8000C16E0269C46A056D5B000367531A0A44FB
:10BB90009A4981FB03C3611B5B002C44984D85FBD4
:10BBA00001C115198900121B0561964C84FB0252D4
:10BBB0005200C2625A1802655B1A84FB0323816E2D
:10BBC0004269846A456D5B00C366531A0A448E4914
:10BBD00081FB03C3611B5B002C448C4D85FB01C1C1
:10BBE00015194900121B4561894C84FB02529200D1
:10BBF00082625A1842655B1A84FB0323416E826994
:10BC0000446A856D9B008366531A0A44814981FB0F
:10BC100003C3611B5B002C447F4D85FB01C11519DB
:10BC20004900121B85617D4C84FB025292004262E6
:10BC30005A1882655B1A84FB0323016EC269046A89
:10BC4000C56D9B004366531A0A44754981FB03C3C3
:10BC5000611B5B002C44734D85FB01C11519490024
:10BC6000121BC561704C84FB0252120102625A1809
:10BC7000C2655B1A84FB0323CDE901B0CDE90387DC
:10BC80001B0100F1A002DFF8A8A10366059600F1F0
:10BC90002003009253F8042C53F8205C53F8147CD2
:10BCA00053F8100CA91A1544DAF8602082FB014100
:10BCB0003C1ADAF864204900074482FB0404E81BBC
:10BCC000DAF86820E4003D4482FB00700F1B40005E
:10BCD000214482FB074753F8082C53F81C9C53F867
:10BCE00018CCDAF86C60A9EB02047F00914453F899
:10BCF0000C2C86FB0484ACEB020864009444DAF854
:10BD0000702082FB08E8A9EB0C0E4FEA4808E144DA
:10BD1000DAF874C08CFB0E2EA4EB08024FEA8E0EEC
:10BD200044448CFB0282414E9200A5EB090886FB3D
:10BD300008C8A0EB0E0C86FB0CBC70444D4400EB15
:10BD40004C0043F8205C43F8180C4FEA48054FEAD2
:10BD50004C0043F8140C43F81C5C081B86FB005095
:10BD6000BD1A40003A4486FB057502EB45022144AA
:10BD70001144024443F8082C00EB4500009A43F8B4
:10BD8000101C6D0043F80C0C43F8045C2033934204
:10BD90000AF1180A7FF47EAFDDE90387059EBB1B1D
:10BDA00003F0070303F58063DDE901B0BA009900F1
:10BDB000002E00F04D8308EB01060468346202F5A2
:10BDC000885248F82340002334E000BF51C213409A
:10BDD000FB22855172464F40BD45B340CF200B6DCD
:10BDE000103CE1426D2DFA419057D941449F914852
:10BDF0002134F943968DFC5E630ECB52C41BCC46B6
:10BE0000971AD84A2E40E264F09C9D4AB31D7D7C6F
:10BE1000A924E2431137AE4F26CF6F6BC1923C6E1F
:10BE2000A71E6056EBF64C5F044E9E519A79825ADB
:10BE3000C8EF0108A1F57C61194408EB02034468CE
:10BE40001C6248F80240456F446E2C44456C254402
:10BE5000C3F82051C3F80051476B456A3D44C3F80D
:10BE60002052C3F80052456D2C44C3F82043C3F858
:10BE70000043456F4769C46EC3F82074C3F800746B
:10BE80002C44456D2544C3F82055C3F80055C76AB6
:10BE9000456B3D44C3F82056C3F80056C56C2C448E
:10BEA000C3F82047C3F80047C56EC46F2C44C5686B
:10BEB000C3F82058C3F80058C56C2544C3F820596E
:10BEC000C3F80059C76BC56A3D44C3F8205AC3F88C
:10BED000005AC56D2C44C3F8204BC3F8004BC4690D
:10BEE000C56FC3F8204CC3F8004CC46D2C44C3F894
:10BEF000204DC3F8004DC46BC3F8204E08EB01027F
:10BF0000C3F8004EC3F8205FC3F8005F44681462B2
:10BF100048F80140456E846F2C44456C2544C2F8B6
:10BF20002051C2F80051476A856B3D44C2F8205247
:10BF3000C2F80052856D2C44C2F82043C2F8004379
:10BF40008469C2F82044C2F80044856F846E2C4492
:10BF5000856D2544C2F82055C2F80055876B856A67
:10BF60003D44C2F82056C2F80056856C2C44C2F8F5
:10BF70002047C2F800478468C2F82048C2F8004849
:10BF8000856E046F2C44856C2544C2F82059C2F894
:10BF90000059876A056B3D44C2F8205AC2F8005A1E
:10BFA000056D2C44C2F8204BC2F8004B0469C2F85E
:10BFB000204CC2F8004C056F046E2C44056D2544DE
:10BFC000C2F8205DC2F8005D056A076B3D44C2F807
:10BFD000205EC2F8005E006C0444C2F8204FC2F834
:10BFE000004FBBF1000F00F030823568CBF11F002D
:10BFF0004FF0004445FA00F724FA0BF4013CB7EB8C
:10C00000E57F4FEAE57C18BF84EA0C0505FA0BF5DD
:10C01000356235601D6845FA00F6B6EBE57F4FEAFC
:10C02000E57718BF87EA040505FA0BF51D621D6068
:10C03000D3F8005145FA00F6B6EBE57F4FEAE57715
:10C0400018BF84EA070505FA0BF5C3F82051C3F8B9
:10C050000051D3F8005245FA00F6B6EBE57F4FEAFF
:10C06000E57718BF84EA070505FA0BF5C3F82052F7
:10C07000C3F80052D3F8005345FA00F6B6EBE57F5B
:10C080004FEAE57718BF84EA070505FA0BF5C3F810
:10C090002053C3F80053D3F8005445FA00F6B6EB2A
:10C0A000E57F4FEAE57718BF84EA070505FA0BF547
:10C0B000C3F82054C3F80054D3F8005545FA00F6ED
:10C0C000B6EBE57F4FEAE57718BF84EA070505FA86
:10C0D0000BF5C3F82055C3F80055D3F8005645FAC0
:10C0E00000F6B6EBE57F4FEAE57718BF84EA07056F
:10C0F00005FA0BF5C3F82056C3F80056D3F80057DD
:10C1000045FA00F6B6EBE57F4FEAE57718BF84EA1B
:10C11000070505FA0BF5C3F82057C3F80057D3F805
:10C12000005845FA00F6B6EBE57F4FEAE57718BF11
:10C1300084EA070505FA0BF5C3F82058C3F8005840
:10C14000D3F8005945FA00F6B6EBE57F4FEAE577FC
:10C1500018BF84EA070505FA0BF5C3F82059C3F8A0
:10C160000059D3F8005A45FA00F6B6EBE57F4FEADE
:10C17000E57718BF84EA070505FA0BF5C3F8205ADE
:10C18000C3F8005AD3F8005B45FA00F6B6EBE57F3A
:10C190004FEAE57718BF84EA070505FA0BF5C3F8FF
:10C1A000205BC3F8005BD3F8005C45FA00F6B6EB01
:10C1B000E57F4FEAE57718BF84EA070505FA0BF536
:10C1C000C3F8205CC3F8005CD3F8005D45FA00F6C4
:10C1D000B6EBE57F4FEAE57718BF84EA070505FA75
:10C1E0000BF5C3F8205DC3F8005DD3F8005E45FA97
:10C1F00000F6B6EBE57F4FEAE57718BF84EA07055E
:10C2000005FA0BF5C3F8205EC3F8005ED3F8005FB3
:10C2100045FA00F6B6EBE57F4FEAE57718BF84EA0A
:10C22000070505FA0BF5C3F8205FC3F8005F58F85F
:10C23000013043FA00F5B5EBE37F4FEAE37618BF30
:10C2400084EA060303FA0BF3136248F80130D2F8CC
:10C25000003143FA00F1B1EBE37F4FEAE37518BF19
:10C2600084EA050303FA0BF3C2F82031C2F8003167
:10C27000D2F8003243FA00F1B1EBE37F4FEAE37505
:10C2800018BF85EA040303FA0BF3C2F82032C2F8A0
:10C290000032D2F8003343FA00F1B1EBE37F4FEA0A
:10C2A000E37518BF84EA050303FA0BF3C2F82033E1
:10C2B000C2F80033D2F8003443FA00F1B1EBE37F67
:10C2C0004FEAE37518BF84EA050303FA0BF3C2F8DB
:10C2D0002034C2F80034D2F8003543FA00F1B1EB53
:10C2E000E37F4FEAE37518BF84EA050303FA0BF313
:10C2F000C2F82035C2F80035D2F8003643FA00F112
:10C30000B1EBE37F4FEAE37518BF84EA050303FA54
:10C310000BF3C2F82036C2F80036D2F8003743FAE1
:10C3200000F1B1EBE37F4FEAE37518BF84EA050340
:10C3300003FA0BF3C2F82037C2F80037D2F80038FE
:10C3400043FA00F1B1EBE37F4FEAE37518BF84EAEB
:10C35000050303FA0BF3C2F82038C2F80038D2F80C
:10C36000003943FA00F1B1EBE37F4FEAE37518BF00
:10C3700084EA050303FA0BF3C2F82039C2F8003946
:10C38000D2F8003A43FA00F1B1EBE37F4FEAE375EC
:10C3900018BF84EA050303FA0BF3C2F8203AC2F887
:10C3A000003AD2F8003B43FA00F1B1EBE37F4FEAE9
:10C3B000E37518BF84EA050303FA0BF3C2F8203BC8
:10C3C000C2F8003BD2F8003C43FA00F1B1EBE37F46
:10C3D0004FEAE37518BF85EA040303FA0BF3C2F8CA
:10C3E000203CC2F8003CD2F8003D43FA00F1B1EB2A
:10C3F000E37F4FEAE37518BF84EA050303FA0BF302
:10C40000C2F8203DC2F8003DD2F8003E43FA00F1E8
:10C41000B1EBE37F4FEAE37518BF84EA050303FA43
:10C420000BF3C2F8203EC2F8003ED2F8003F43FAB8
:10C4300000F0D917B0EBE37F18BF84EA010303FAD9
:10C440000BF3C2F8203FC2F8003F07B0BDE8F08F01
:10C4500001F5885308EB03060468346248F803408A
:10C460004FF48853E6E44FF0000BFFF70FBB00BF1B
:10C47000002800F091812DE9F04F07688FB0044645
:10C48000002F00F08681D0F804B0BBF1000F00F05F
:10C490008081D0F808A0BAF1000F00F07A81C66858
:10C4A000002E00F076810D460169002900F07181AF
:10C4B000D0F8BC3701F546724FF000084FF0000984
:10C4C000002BCDE90C89069240F3938005EBC5085B
:10C4D0004FEA0818029208F12802C5EB45135A44A6
:10C4E00006F5905000920AEB83029B00019207939D
:10C4F00009903B4602463046089100F0D1FAD4F844
:10C50000BC37089906F58059012BC9F8080270DD7F
:10C51000079B3E335344019308F170035B4400933F
:10C5200006F5905201F54C73029304323B4606F532
:10C53000106000F0B5FAD4F8BC370899C9F80C02BD
:10C54000022B56DD079B09987C335344019308F175
:10C55000B8035B44009306F5905201F552730293C1
:10C5600008323B4600F09CFAD4F8BC370899C9F869
:10C570001002032B3DDD079A0A9606F5D85008F500
:10C58000807302F1BA080AEB080206F590595B4481
:10C59000079001F55870CDE908BA0B9509F110091B
:10C5A00025464FF00308064692469B460C46CDE9C9
:10C5B00001A6A9F10402CDF800B03B460798214638
:10C5C00000F06EFA49F8040F079BD5F8BC2708F174
:10C5D000010803F51063424507930BF1480B0AF17C
:10C5E0003E0A06F11806E2DCDDE908BA0A9E0B9D58
:10C5F00021463A6A002A66D006F58054D4F80832FB
:10C60000002B64DDD4F80C32002B60DD02F0010356
:10C61000521000F0B5805BB1D1F830237B6B002A5B
:10C6200040F09D80D1F84423013233F9121004E028
:10C63000D4E980319942B8BF19460DF1300842461D
:10C64000304605F069FA3A6AD3071AD5521005EB5D
:10C65000C5030BEB0311C5EB45133D78D1F88800FA
:10C66000D4F800120AEB83033E33002D69D1019206
:10C67000069A0092CDE902083A46304605F082FA61
:10C680003A6A02B30C9B002B72D07CDB00225B0069
:10C69000114602F10102FAD50D9BC4F80812002BD5
:10C6A0006CD073DB00225B00114602F10102FAD567
:10C6B000D4E98023934206F59056B8BF1346C4F8D8
:10C6C0000C12C6E9003300200FB0BDE8F08FD4F89B
:10C6D0000002002817DD331FDFF8C48003EB800C55
:10C6E0006FF0404E03E09C45C3F800800BD053F838
:10C6F000040FB0F1404FF6DDB0F1804FA8BFC3F892
:10C7000000E09C45F3D1D4F8040200287FF77EAF07
:10C7100006F6FC03DFF8888003EB800C6FF0404ED8
:10C7200004E0C3F8008063453FF470AF53F8040F92
:10C73000B0F1404FF5DDB0F1804FA8BFC3F800E085
:10C74000F1E70292069A00920AF1F802CDE9030895
:10C75000019230463A4605F0C1FB3A6A91E7D1F8BA
:10C76000402303EB4203B3F9301001EB410164E7CE
:10C770000D9B1F21002BC4F8081292D11F2197E7AF
:10C780000DF1300863E74FF0FF3185E74FF0FF31DF
:10C790008EE74FF0FF3097E74FF0FF30704700BF54
:10C7A000010000C02DE9F04F8446AD4803F00305B9
:10C7B0009B1000EB851B1C2B1846A8BF1C20DBF828
:10C7C0000440033089B020EAE07004410594DBF8AE
:10C7D000084004410694DBF80C400441A14807944A
:10C7E0001F2B50F825A04FF000009846A8BF4FF02F
:10C7F0001F0883420490C0F29B80CDF800A0C14680
:10C800001CE025F00F044CB325F03F0474BB964C9C
:10C81000103D54F82550009C85FB04642546A9F181
:10C820000304002C75DB45FA04F4002B40EA0400F5
:10C83000B8BF6442013A41F8044B14D05CF8043BA1
:10C8400023F0004424F0030423F00045002CD8D149
:10C8500008AC04EB850555F8104CE6E75BF825407D
:10C8600044FA09F4E1E709B0BDE8F08F6C04B4F1D3
:10C87000006F58DB02254FF0000AB4F1005F01DAC7
:10C88000A400AA46B4F1804F02DA64000AF1010A5A
:10C89000764D774E774FAC42774DC8BF3546774ED1
:10C8A0000295D8BF3E46764F0196764E764DC8BF6C
:10C8B0003E460396754E764FD8BF374606F1105662
:10C8C000A6F50306A6F60216CCBFB646AE46019EF6
:10C8D000A04686FB0858029D4544A04685FB086893
:10C8E000C64425468EFB05852F4487FB0454039ED2
:10C8F0002644684C54F82A4086FB0454009DE4000A
:10C9000084FB0565644C54F82A40A9EB0404002C10
:10C9100089DA66426FF0004444FA06F7AF4284DBDE
:10C9200005FA06F481E76C054FF0040A0625A4E732
:10C93000C146D0460DE008AC04EB850555F8104C17
:10C94000002B40EA0400B8BF6442013A41F8044BAE
:10C9500089D05CF8043B23F0004424F0030423F066
:10C960000045002CE7D023F0004424F00F042CB93C
:10C970005BF82540C9F10005AC40E1E723F0004435
:10C9800024F03F049CB9384C103D54F825504446DF
:10C9900085FB04642646A9F103056D426FF000444F
:10C9A00044FA05F7B742A8BF06FA05F4C8E76C04D5
:10C9B000B4F1006F50DA04266C0500960625B4F138
:10C9C000005FBCBFA4000095B4F1804F03DA009D66
:10C9D000013564000095254D274E294FAC42244D6A
:10C9E000C8BFAE46234DD8BFB646244ED8BF2E464C
:10C9F000244DD8BF2F46254D0297254FD8BF2F462F
:10CA00000197214D254FD4BFAA46BA46254686FB3D
:10CA100005757544264685FB06E65644254686FB85
:10CA200005E5019F3D4485FB0464029F194D3C448C
:10CA3000009F55F8275084FB0565ED00444685FBB3
:10CA40000464154D55F82750B9EB0505264658BF27
:10CA50002C417FF575AFA0E7002602250096AEE7D2
:10CA600088F1010888F20108C8F001089979825A12
:10CA7000A4F633D3A9BDA02928482EB06321851080
:10CA8000B477F5FE591858FF1BAA57598D496C23E6
:10CA9000F0CEC22788F00108A8F001088B40E946D3
:10CAA0002DE9F04F91B005931A9B1C9E5B6906908F
:10CAB000022B08910A9200F043810D230293162263
:10CAC0001A9B1A991B6C8968A64FDDF828901C9652
:10CAD00001335B000093059B4FF0000E1B6ACDF8FD
:10CAE0001CE0CDE903E25B081B9B03F1FF3A049BCA
:10CAF000744608BF02319C427546C1F1D20B0991C0
:10CB000031D0059B069A5B6B1AF801EFCDF804B0A3
:10CB100002EB850103EB440233F91430B2F90260F1
:10CB2000F61A1A9BDB6B04F101083246084613B172
:10CB300097F800C0E644009B0EFB03B3FFF732FEFC
:10CB40003544002800F0C880039B079403430393F7
:10CB5000D9F80030AB4207F1010740F3D6804446D4
:10CB6000049B9C42CDD11C9EDDF81CE0DDF80C90AE
:10CB70000999C6F814E00023C6E9023333607360F4
:10CB80003361029B0B2B00F3B080C1F1D203019300
:10CB9000029B1B9A0E93CDE90C3303EB4303163330
:10CBA000D31804931A9BCDF80C9024330B93AC4606
:10CBB0001C96059B029A5B6B079203EB42030132C2
:10CBC0000292B3F93020B3F92E30DDF82C90089D95
:10CBD000DDF81080CDF824C0A2EB030B069B03EB1D
:10CBE0008C0A56464FEA8B04DA460CAFB346019ADC
:10CBF00059F8043F18F8011F02EBC303009A3046AE
:10CC000002FB013352462946FFF7CCFD002800F015
:10CC10008F80079B47F8043B039B034303930FABB1
:10CC20009F4226442544E2D15B46DDF824C0D3462A
:10CC3000BBF1000F9A460BEB4B039C441ADD08989E
:10CC40000BF18041031F013900EBCB021C4400EBC8
:10CC50008101043A53F8040FCAF8000051F8040F98
:10CC6000CAF8040052F8040FCAF80800A3420AF1F7
:10CC70000C0AEFD1049B033304930A9B1B686345A2
:10CC800002DD029B0D2B94D10A9B1C9EC3F800C0B1
:10CC90001A9BDDF80C909A69DDE90C31002A0CBF73
:10CCA0000122022232608B420E9A7360B8BF0B469B
:10CCB0009342B8BF1346B9F1000FC6E902123361BF
:10CCC00032D04CDB00235FEA4909184603F1010327
:10CCD000F9D511B0BDE8F08FD9F80030AB4207F1BB
:10CCE00001077FF740AF44463AE7B9F1000F1BD088
:10CCF000B9F1000F33DB00235FEA4909184603F15D
:10CD00000103F9D511B0BDE8F08F1C9EDDF80C9041
:10CD100074610023C6E90233336073603361029BA0
:10CD20000B2B7FF735AFE3E71F2011B0BDE8F08F85
:10CD300004370FABBB42264425447FF458AF73E75A
:10CD40001A9B9A694AB1059B1B78002B4FF003038D
:10CD5000029314BF06220822B2E60292B0E64FF018
:10CD6000FF30B6E798F201082DE9F04F97B0CDE912
:10CD70000332209E0B91002800F038810568002DB9
:10CD800000F034814468002C00F03081194683683B
:10CD9000002B00F02B81C2680A92002A00F0268145
:10CDA0000029C0F22381219B2199686B06EBC60202
:10CDB00003EBC303120102EBC3022244C900936BCD
:10CDC0000891F100002B40F0CD82089A219D8B192B
:10CDD0002A441B0103EBC2032344D3E91723013286
:10CDE0001344013330F9122030F9137008980F9171
:10CDF0008B1928441B0103EBC005254403EBC0033A
:10CE0000ED6A20966D00B5F5107FA8BF4FF4107540
:10CE1000AF42A8BF2F464033AA42A8BF2A46E31814
:10CE2000139206930A9A219B149702EB830303F54E
:10CE3000805B00231293049BCBF8005202EB00208E
:10CE4000CDE90D450C9012AA0B981B681595019021
:10CE500094465946DCF800405CF8040F069D001B20
:10CE600055F8042F0695002840F3F580AC4F07EBEA
:10CE7000C2055B422E79AB4D03F0070355F82280C3
:10CE800057F8322005921A46002B00F04B82019D84
:10CE900015F8017BC3F1200307FA03F3002E00F01D
:10CEA000BE800C9F07EB840402949F4F039C012ECD
:10CEB00007EB4807A4EB020E00F0A782A6F10208D8
:10CEC000B8F1010F00F29280059CC4F1200409948E
:10CED000059CCDE910C101340794029CB9464FF07E
:10CEE0000008BEF10F0F50DD95F801C015F802BB28
:10CEF000C2F118010BFA01F1C2F1100B0CFA0BFC94
:10CF0000103241EA0C010A2AAEF1100E43EA010385
:10CF1000E7DDCC460295BCF8001001F00F01C1F12D
:10CF2000200923FA09F909F101093CF819905FEA8F
:10CF3000193A60D0C9F303110F29A2EB0A0203FAD0
:10CF40000AF3C9F303295BD029B103F0004C013A7D
:10CF50004CEA01015B00B9F10F0F3BD0B9F1000FB2
:10CF60003BD1424542DB0238A44600284CF8081B5E
:10CF7000C4F8049040F307836446BC460A2ACADC1E
:10CF8000BEF10F0F029DE146AEDC0EEB020CBCF1D0
:10CF9000000F2BDDBEF1000F40F3D3812978C2F1E1
:10CFA000180801FA08F1BEF1080F41EA030100F385
:10CFB000F38101350CF1FF3E4FF0004343FA0EF3CD
:10CFC0000CF10B020B404FF0000E4FF00B08CC465B
:10CFD0000295A0E7032E00F06381013A03F0004CB4
:10CFE000424549EA0C094FEA4303BCDA4FF0FF30EF
:10CFF00017B0BDE8F08F0CEB490C521A8B40BDE71F
:10D00000032E00F0FE8003F00041B9F10F0F02F192
:10D01000FF3241F00F014FEA43039FD1DDE7089B48
:10D02000219D2B4404EB831301380A9C400804EB38
:10D03000830332460130344601328242C3E9004460
:10D0400003F10803F8D3DDF80CE00022049BCDF8CF
:10D050000CE01B681344019A02EBE3020192049A6C
:10D0600003F00703136015AA62457FF4F3AE039A39
:10D07000209E8B46DDE90D450F99002A00F069825C
:10D080005B42219803F00702089B314403440901E5
:10D0900001EBC3010C442549E36E51F82390244968
:10D0A00051F823001146002A40F07D81019E039B28
:10D0B000C5F50F7C0CF1010CBCF1000FA3EB0104D2
:10D0C00040F377820C9BDFF86CA0CDF814B04FF0E2
:10D0D000000E03EB8503C0F120087746A346BBF1A1
:10D0E0000F0F40F368813546747815F8026BC1F173
:10D0F000180006FA00F0C1F11006B4402043BC4508
:10D10000ABF1100B42EA000201F1100151DD0929D7
:10D1100040F37981CDF808B003F11000AB4618E078
:10D1200010F3010810F4010890F40108B8F20108A6
:10D13000B0F20108C0F201080437674540E9024334
:10D1400040E90456034634DA092900F1100040F39F
:10D15000578122FA08F34B441AF803301C0913F0E4
:10D160000805A1EB131102FA04F205D002F0004504
:10D17000013945F00105520013F0040605D002F014
:10D180000046013946F00106520013F0020405D0B2
:10D1900002F00044013944F00104520013F001038D
:10D1A00005D002F00043013943F0010352007145FC
:10D1B000C2DADDF814B0DBF800321F44B7F5107F97
:10D1C000CBF800720DDA219B089818440A9B07EBF4
:10D1D0008010C7F5107703EB8000BA00002107F03C
:10D1E00078FE0499039A0B6801981A44134602F0DA
:10D1F00007020A600B9A00EBE303981A17B0BDE828
:10D20000F08F079902EB0E0CB9F1000F18BF013136
:10D2100061453FF7EBAE8A421DDAA1EB020A0AF143
:10D22000FF3A029D4FEADA0A0AF1010BAB44C2F160
:10D23000180C15F8011B01FA0CF15D4543EA0103D6
:10D24000ACF1080CF5D10832AEF1080E029502EBF4
:10D25000CA02AEEBCA0EBEF1000F09DA724402F147
:10D26000FF3C4FF0004141FA0CF10B404FF0000E33
:10D270000999059DDDF824C023FA01F10F31A2EBD5
:10D28000050203FA05F34FD003F0004CB9F10F0F7C
:10D2900002F1FF3241EA0C014FEA43037FF45EAE34
:10D2A000079D0EEB020CAC45FFF6A0AE954240F395
:10D2B0005581DDF824C0079D05F1FF3BABEB020B68
:10D2C000029D02974FEADB0B0BF1010AAA44C2F15F
:10D2D000180915F8017B07FA09F7AA4543EA07037D
:10D2E000A9F10809F5D10832AEF1080E029F0295A6
:10D2F00002EBCB02AEEBCB0EBEF1000F0ADA7244AA
:10D3000002F1FF394FF0004E4EFA09FE03EA0E0318
:10D310004FF0000E059D23FA0CFC0CF10F09521B77
:10D32000AB401BE6019DB9E5B9F10F0F7FF416AED6
:10D33000079D02EB0E094D453FF758AE9542BADC0A
:10D34000E8E70CF1FF310CF10B024FF0004C4CFA06
:10D3500001FC03EA0C034FF0000E4FF00B08CC4623
:10D360000295D8E5D36B022B7FF42FAD136C002B05
:10D3700040F0F880D26DA3F1AA33013283FB02534F
:10D38000A3EBE27300EB4303219DB3F92E204FF48E
:10D39000107702EB420229E56B78C2F1100293404C
:10D3A0001943023506E6019E16F8013BC2F1200240
:10D3B00003FA02F27BE60BEB010000287FF7F9AEDF
:10D3C000BBF1000F40F3BC803478C1F11805AC40CC
:10D3D000BBF1080F42EA040200F3B480751C411E41
:10D3E0004FF0004444FA01F1BC4502EA010200F1A9
:10D3F0000A017FF7DEAE4FF0000B4FF00A0E89E610
:10D400005D46DDF808B02E4669E66B4C34F818A08E
:10D41000029C0AF00F0AA9466546CAF1200A844612
:10D420004FF0000B2846BEF10F0F61DD99F8016047
:10D4300019F8025BC2F1180805FA08F5C2F11008E4
:10D4400006FA08F6103235430A2AAEF1100E43EA06
:10D450000503E8DD04F108060CF1FF3424F00104B3
:10D46000ACF10208A8EB0408CDF8089007E0C44529
:10D4700046E9025406F108062FD00A2A27DD23FACE
:10D480000AF4013437F81440250BAB4014F0F00FC8
:10D49000A2EB1432C4F3031503F0004903D049EAA8
:10D4A00005055B00013A14F4706FC4F3032918BF3B
:10D4B00002F1FF3203F0004416BF44EA09044C466F
:10D4C0005B005A45ACF1020CB146D0DA8EE5BCF1F6
:10D4D000000F4C46DDF80890A5DCA2EB0B0B039B7C
:10D4E000DE448446A3EB0E029342BFF4AFAD7DE56C
:10D4F0000EEB0205002D7FF779ADBEF1000F12DDB6
:10D5000099F80060C2F1180806FA08F6BEF1080F93
:10D5100043EA06031FDDC2F1100699F80120B2406C
:10D52000134309F102096A1E4FF0004646FA02F25F
:10D5300013404FF0000E05F10B024FF00B0B89E783
:10D5400035464CE7C1F110047178A1400A43B51C7F
:10D5500045E717462FE609F10109E4E7059DC5F106
:10D56000200CC9E62B78BBB9089A219D8B192A4457
:10D570001B0103EBC20323444FF41077DB6D01332F
:10D5800030F9132032E4A2EB0802039B9644DDE954
:10D5900010C1A3EB0E02A7E7B0F93420B0F9363082
:10D5A000219D9B1AB0F90C204FF4107702EB430237
:10D5B0001CE40027FFE500BF90F40108374B8268A8
:10D5C0002DE9F047D3F8387187FB02428469D3F81C
:10D5D000205185FB046422440A60D3F83C61426810
:10D5E00086FB0242C469D3F8245185FB04C422445B
:10D5F0004A600268D3F8405185FB0242046AA4469F
:10D60000D3F8284184FB0CEC62448A600268D3F8AA
:10D6100044A194468AFB0C2C026AD3F82C4184FB6B
:10D6200002E26244CA604268D3F848C18CFB02E25D
:10D63000D0F81CE0D3F8304184FB0E8E72440A61AE
:10D640008268D3F84CE18EFB0282D3F8348183697F
:10D6500088FB03931A444A61436987FB03238B6168
:10D66000036986FB0323CB61C36885FB03230B623D
:10D67000C3688AFB03234B6203698CFB03238B6221
:10D6800042698EFB02320023C1E91033C1E90E3337
:10D69000C1E90C33CA62BDE8F08700BFE820020888
:10D6A000844602F001007BBB60B3DCF88034DCF818
:10D6B0008001DCF88012DCF880235B42CCF88034F7
:10D6C000DCF880384042494252425B42CCF880014B
:10D6D000CCF88012DCF88005DCF88016CCF88023CA
:10D6E000CCF88038DCF88027DCF8803040424942B2
:10D6F00052425B42CCF88005CCF88016CCF88027EB
:10D70000CCF88030002070472DE9F04F4FF00045F5
:10D71000DD40C3F11F02013D002845D000200CF17F
:10D7200080070CF51069804657F8804C44FA02FED9
:10D730004FEAE47ABEEBE47F18BF8AEA05049C4016
:10D74000464647F8804C84EAE476A6EBE476DCF8BB
:10D750008040C4F1000E4EFA02F4B4EBEE7F4FEAC3
:10D76000EE7B18BF8BEA050E0EFA03F4C246CCF826
:10D77000804084EAE47AAAEBE47A46EA0A06304377
:10D780000E68F41746FA02FE6C40BEEBE67F0CF51D
:10D79000807C04FA03F448D0CC4541F8044B07F5EB
:10D7A0008077C1D1BDE8F08F0CF180070CF51068CF
:10D7B000864657F8804C44FA02F94FEAE47AB9EB0E
:10D7C000E47F18BF8AEA05049C40764647F8804CFF
:10D7D00084EAE476A6EBE476DCF8804044FA02FAC8
:10D7E0004FEAE47BBAEBE47F18BF8BEA05049C4068
:10D7F000F146CCF8804084EAE479A9EBE47946EA82
:10D80000090630430E68F41746FA02F96C40B9EB8A
:10D81000E67F0CF5807C04FA03F40FD0E04541F874
:10D82000044B07F58077C4D1BCE79E40CC4541F856
:10D83000046B07F580777FF477AFB3E79E40E04550
:10D8400041F8046B07F58077B3D1ABE72DE9F04FD2
:10D85000F3B04092002803F0D5820368002B03F058
:10D86000D18244684894002C03F0CC82C6680C96A0
:10D87000002E03F0C78240694290002803F0C28264
:10D8800017461A784991002A8C4601EBC1005B6B60
:10D8900014BF0621082107EBC70233F91130C44930
:10D8A000000100EBC2002044DC1781FB0353C4EBF2
:10D8B000A3031BB22393C36B3C466546FF0041970D
:10D8C000ED0006EB0227022B4FEA022A12974A9537
:10D8D00002F0128604F5906340F2262256F82330B7
:10D8E000934240F321832023199340F236281F23CB
:10D8F000F82212991344AF4A01EBC30307930B4676
:10D90000116801915168029191680391D168049165
:10D910001169059151690691D2E906E9D2E90E0132
:10D92000D2E908C7D2E90A65D2E90C4BCDE908E98A
:10D93000CDE90A01CDE90D8AD3E911820199C646E4
:10D9400081FB0E9E0298914680FB09A9AEEB090E61
:10D950004FEA4E0E0199C3F844E081FB02E280FBDE
:10D9600008E84244D3F84080039952009A64C646BE
:10D97000DA6C81FB0E9E0498914680FB09A9AEEB00
:10D98000090E4FEA4E0EC3F840E081FB02E280FB35
:10D9900008E84244D3F83C8005995200DA64C64650
:10D9A0001A6D81FB0E9E0698914680FB09A9AEEB8D
:10D9B000090E4FEA4E0EC3F83CE081FB02E280FB09
:10D9C00008E84244D3F83880089952001A65C646E0
:10D9D0005A6D81FB0E9E0998914680FB09A9AEEB1A
:10D9E000090E4FEA4E0EC3F838E081FB02E280FBDD
:10D9F00008E84244D3F8348052005A65C6469A6D0E
:10DA00008CFB0E9E914687FB09A9AEEB090E4FEAEF
:10DA10004E0EC3F834E08CFB02E287FB08E8424478
:10DA2000D3F8308052009A65C646DA6D86FB0E9EAA
:10DA3000914685FB09A9AEEB090E4FEA4E0EC3F8DD
:10DA400030E086FB02E285FB08E84244D3F82C80F4
:10DA50005200DA65C6461A6E84FB0E9E91468BFB19
:10DA600009A9AEEB090E4FEA4E0EC3F82CE084FB79
:10DA700002E28BFB08E84244D3F828800A9852005F
:10DA80001A66C6465A6E80FB0E9E0B99914681FB24
:10DA900009A9AEEB090E4FEA4E0EC3F828E080FB51
:10DAA00002E281FB08E8424452005A66079A483372
:10DAB00093427FF441AFDDE90D8ADDE94923134448
:10DAC000DDE940121B010A4403EBC203489A239884
:10DAD000429E13440C9A1B6C0F4602EB810101F528
:10DAE000805106EB8705D1F800224245B8BF424677
:10DAF000002B08BF0020C1F800222390D1F80812A3
:10DB00002B481B9102F1110106EB0A0480FB016016
:10DB1000C917C1EBA00022904198429E05F580559F
:10DB2000C11906EBC110D5F8006B2196D5F8086B2A
:10DB30001396D5F8106B2096199E00F59050002E84
:10DB40003F9043F35281DDE94927BA181201489FFB
:10DB5000029402EBC10217441B9A1897062ACCBF05
:10DB600000270127C2F107020021002F1A9208BFE7
:10DB70000A461C92129A0391CDE91E4500F1240930
:10DB8000483204EB86001D9008919246CDF814901F
:10DB90002497189AD2F83C90059A243A09925BB1DE
:10DBA000239B089A9342C8BF4FF0000904E000BFCE
:10DBB000398EE338601F0208139A2098089C5AF89F
:10DBC000041C5AF8083C0E91A042C8BF00220F92D4
:10DBD0001B9A062A40F3C881A3EB01085AF80C3CB3
:10DBE0005AF8102C5AF8286C5AF8304C5AF8405C05
:10DBF0005AF8487CA3EB0803A2EB030B591A5AF816
:10DC0000143C5AF8182C0691A3EB0B03D21A591A9C
:10DC10005AF81C3C0C929B1A5AF8202C0D91D21ADF
:10DC2000591A5AF8243C07919B1AF61A94465A1A24
:10DC30005AF82C3C04929B1B991AE41A5AF8343C6B
:10DC400010911A1B5AF8383C511A9B1A5AF83C2C5E
:10DC50001191D21A511AAD1A5AF8442C0191521B43
:10DC6000BF1A521A7910A3EB060E14910C9950109A
:10DC7000AEEB08021692C1EB6702ACEB0B070A9001
:10DC80000B971592B24FF01887FB04241794644643
:10DC9000A5EB0C0CACEB0B0C87FB0C2CAD4F8646AC
:10DCA00087FB0E2EAC49434481FB0323A8EB0606F9
:10DCB00087FB062681FB002001F1705101F54C2104
:10DCC000DDF82C8001F2CB2181FB0828A34F0BEB60
:10DCD000050287FB02B2254481FB05B50B9987FB42
:10DCE00001B1149F0C9C5B0007EB640B4000179C78
:10DCF000169FC0EB460003EB4E034900C1EB450104
:10DD00000BEB4405ABEB440B1C180B94159C520019
:10DD100004EB6706E71B02EB48025297EF185B44DF
:10DD2000A1EB020E17449B1A0B9A56930BEB0003C0
:10DD30000B44ABEB020BAC1A5093ABEB0E037444E9
:10DD4000519306EB4C030D9A53940544119C0A9889
:10DD50004F93049BDDF840804E976D1AA6EB4C065E
:10DD6000A4EB030E821A5495E018DDE906355596AA
:10DD70000E9E0B92AEEB060E754AE91A82FB08382E
:10DD8000019B5F1B069BFF1A3D4682FB05350C95E8
:10DD90008346704D85FB0B3B3746A3196E4E86FBC1
:10DDA0000323049ABC1A85FB042486FB002006F199
:10DDB000705606F54C268C4606F2CB2686FB0C2CBC
:10DDC000019F069ABA18654F87FB0252019F079D73
:10DDD0007D19374687FB0565604F87FB01610D9F05
:10DDE0000A9E06EB67060B9F5B004000520002EBA9
:10DDF0004C02C0EB4400A7EB0E0C06EB480403EB0F
:10DE00004B03A6EB48064900C1EB4501CDF86CC1B8
:10DE10001D1804EB030C33449B1A07EB6E08944463
:10DE2000A1EB020E5F930C9ACDF85CC133180B4442
:10DE3000599308EB4203761B5893651B0F9B0444D0
:10DE4000641AA6EB0E067544A8EB42075D945A9639
:10DE50005C955E97002B40F0E381B9F1000F40F034
:10DE60001D81029B3E4CDFF8FC80099ECDF804A08A
:10DE70001F4656ADCE46CC469A466A6A58F80439D3
:10DE800055F8041983FB020202EBA103306846F83F
:10DE9000043BA2EBA102414254F8083C891A81FBE1
:10DEA00003B302EB830354F8042C81FB02B2C0EBF2
:10DEB00082004AF82C307246C7F8800883EAE37281
:10DEC000A2EBE372734680EAE073A3EBE0730CF11C
:10DED000200C1A43BCF5907F49EA020904F10804BA
:10DEE000A7F18007C9D1DDF804A0089D029C09991B
:10DEF0001C9B2A462046FFF7D3FB2A460132089294
:10DF0000059A03992432234605921D9A043340EA68
:10DF1000090001439342039102930AF1480A00F079
:10DF20008D81189B1B6C34E6073381FB0321DB17C3
:10DF3000C3EBA1035A1C199203EBC3025200002B3E
:10DF400002F108084FEAC3023FF7D3ACB5E500BFC2
:10DF5000A1EBD96E8BBE0D627E1A3A16322E0E7E62
:10DF6000BC1502081C1602081A9C059E0D46254188
:10DF70002341A3EB050856F8043C56F80C1C0E95FB
:10DF8000234146F8043C56F8083C43FA04F05AF89A
:10DF90000C3C2341A3EB08025AF8103C46F8080C4D
:10DFA0002341A3EB020B5AF8143C5AF8180C2141F8
:10DFB000234146F80C1C551BA3EB0B03204156F8DC
:10DFC000102C0695C01A5D1B5AF81C3C5AF8201CF0
:10DFD0000C902241234146F8102C1B1A214156F87F
:10DFE000140C56F8182C0D95C91A5F1B5AF8243CCE
:10DFF000079725462041234134465AF8286C44F8B7
:10E00000140C5B1A2E41DF1BF61A5AF82C3C0497AD
:10E0100020468C4642FA05F154F81C2C5AF8304C34
:10E0200040F8181C2B419B1B2C41E41ADB1B10935E
:10E030005AF8343C2B41191B074650F8203C2A4122
:10E0400043FA05F05AF8383C47F81C2C109A8A1A03
:10E0500011925AF83C2C2B412A415B1AD11A059A8D
:10E060002F465AF8405C42F8200C119A3D416D1A37
:10E07000891A01915AF8442C5AF8481C3A4141FA3D
:10E0800007F70199521BBF1A521A059951F8240C2F
:10E090001A990841059941F8240CE3E50F9B654E58
:10E0A000059F03EBC30306EB031357F8240CD3F8C7
:10E0B0008C20996C044681FB0454609482FB001010
:10E0C000719057F8200CD3F88820D96C044681FB56
:10E0D0000454619482FB0010709057F81C0CD3F824
:10E0E0008420196D044681FB0454629482FB001065
:10E0F0006F9057F8180CD3F88020596D044681FBB7
:10E100000454639482FB00106E9057F8140CDA6F7D
:10E11000996D044681FB0454649482FB00106D9059
:10E1200057F8100C9A6FD96D044681FB045465941E
:10E1300082FB00106C9057F80C0C5A6F196E044655
:10E1400081FB0454669482FB00106B9057F8080C16
:10E150001A6F596E044681FB0454679482FB0010C9
:10E1600057F8042C6A90D3E91A01134680FB034345
:10E17000689381FB0232699260A909EBC90306EB3F
:10E1800003164FF000092C4B029DDDF824C00193CB
:10E19000A6F104080DF5E47E4836484656AC4F46D5
:10E1A000CDF818A004910199636A51F804A954F8B4
:10E1B000042901918AFB03B303EBA20A4CF804ABD8
:10E1C000C3EBA20A58F8042F8AFB0232049B53F8CF
:10E1D00020301A44920056F8043D8AFB03B35EF8DF
:10E1E00004AD029953444FEAC01A9B0041F80A203B
:10E1F000C5F88038BA4682EAE27AAAEBE27A3A4671
:10E2000083EAE372A2EBE37201304AEA020A0928C8
:10E2100049EA0A09A5F18005C5D1DDF818A064E630
:10E22000022B7FF43BAF0998024E60A9FFF7C6F9B5
:10E23000A3E700BFE82002081C160208199A1299E9
:10E24000249F02EBC20301EBC30112913F9901EB42
:10E2500083033F93229B9342DDE91E4540F32B86C7
:10E26000CC4B1A9A4B93002F08BF00220892D3F888
:10E2700020210592D3F82C210492D3F83821099259
:10E28000D3F844210A92D3F824210B92D3F83021F9
:10E290000692D3F83C210C92D3F848210D92D3F882
:10E2A00028210792D3F834210292D3F840210E920C
:10E2B000D3F84C210F921B9A062A41F3DE81199A5A
:10E2C00020998A4282F27A851298109200F1480AC7
:10E2D000986C3E90D3F88C00439022981193814221
:10E2E000A8BF01463D913F99CDE9444501F1240E77
:10E2F00004EB8208CDF804E0C1465AF80C0C5AF839
:10E30000186C5AF8243CCDF8B490361A9A1B5AF877
:10E31000303C991A5AF83C3C5F1A5AF8483C121A99
:10E32000DD1BBB1A5C106D109B4BD04683FB01714B
:10E3300005EB660CAD1B0CEB41061496ACEB410CE7
:10E3400083FB021204EB600101EB4206934B520087
:10E3500083FB0676924F231AB60087FB0303881AC5
:10E360009B00904981FB00205AF8084C5AF8142C65
:10E370005AF82C1C5AF8447CA2EB040E5AF8202CB4
:10E38000A2EB0E02A2EB040B891A5AF8382C521A8F
:10E39000BF1AA2EB0B0252101292149AB4181D94D9
:10E3A000921B5C19EE1A0CEB8005ACEB80001C95FF
:10E3B0007F10794D1A922C942B961B9085FB01317E
:10E3C00007EB6E03A7EB0E0CCDF860C003EB410C1E
:10E3D000CDF85CC0A3EB410CCDF858C085FB0B3BDE
:10E3E0005AF8081C129A6D4E02EB610101EB4B03C7
:10E3F0004FEA4B0B86FB03035AF8084C684F9D000D
:10E40000121B159587FB023292001492A1EB0B01AF
:10E41000644A82FB01315AF8040C5AF8103C5AF84D
:10E42000282C5AF8407C1D1A5AF81C3C5B1BD21A47
:10E430001E1A5AF8343C9B1AFF1A9B1B8C00ACEB3B
:10E44000810C4FEA630B1899149B2A94CC1A179BE2
:10E45000159929945C1A7F104F4BCDF848C0289429
:10E4600083FB021207EB650101EB420A7D1BCDF82D
:10E4700098A0A1EB420A2795CDF894A083FB06262D
:10E480000BEB600202EB4601444B760083FB01512B
:10E49000ABEB00038800424F249087FB03139F00DF
:10E4A00040491F97921B81FB0232019F3E9D57F806
:10E4B000243C90001E90194685FB012143981D467F
:10E4C00080FB053557F8202C119C2E95E36C1546E2
:10E4D00083FB0505D4F888302F95104683FB002078
:10E4E00057F81C6C236D3090324683FB0202D4F83F
:10E4F0008430319283FB062657F8180C636D224650
:10E50000044683FB0454D2F880303294054683FBE2
:10E51000050557F8140C936D3395834683FB0B5B0D
:10E52000D36F054683FB050557F8103CD06D349535
:10E530001C4680FB0454906F359480FB035357F8BE
:10E540000C0C14460546126E82FB05E584462246F5
:10E55000606F644680FB04C457F808EC506E369434
:10E56000F4461446024682FB0C0C206F024682FBE6
:10E570000E0E57F8040CA26E044682FB04A43794D6
:10E58000119CE26E044682FB04040020A24689002E
:10E59000024609E0E8200208A1EBD96E1D75A37BB5
:10E5A0009A79825A83FB202181EAE172A2EBE1721F
:10E5B000329C49F8041B38920146A20082EAE271BB
:10E5C000A1EBE271C9F87C21059C1B9A329184FB76
:10E5D000021202EB8502014682EAE271A1EBE271CE
:10E5E000C9F8FC22049D1A9A399185FB021202EBAC
:10E5F0008A02014682EAE271A1EBE2713A91099D39
:10E600001C99C9F87C2485FB0121129A059C84FB86
:10E6100002520A4402EB8302034682EAE273A3EB4E
:10E62000E273C9F8FC250A9D1D9A3B9385FB0232D3
:10E63000DDF8A0A0049C534684FB0313134403EBB2
:10E640008603064683EAE376A6EBE3762F9CC9F8B9
:10E650007C372896A300044683EAE374A4EBE374B2
:10E66000C9F87C302F944FEA8B03834683EAE37B1F
:10E67000ABEBE37B2B9DC9F8FC310B9E2B4686FB55
:10E68000032303EB8C03024683EAE372A2EBE372FB
:10E69000C9F87C332B922B46069D85FB032303EBA5
:10E6A0008E03024683EAE372A2EBE372DDF8B0E088
:10E6B000C9F8FC340C993C92734681FB0323DDF8C6
:10E6C000A4C0624686FB02123499134403EB810313
:10E6D000064683EAE376A6EBE376C9F87C360D9925
:10E6E0002996734681FB0323624685FB0212309E06
:10E6F000134403EB8603024683EAE372A2EBE37260
:10E70000319EC9F8FC370146B30083EAE371A1EBFF
:10E71000E371359CC9F8FC300646A30083EAE37632
:10E72000A6EBE376C9F87C32079C1A9B84FB035363
:10E73000379C864603EB840383EAE37EAEEBE37EFD
:10E74000C9F8FC33029C1B9B84FB0353369C054693
:10E7500003EB840383EAE375A5EBE375C9F87C3525
:10E760000E9C1D9B1A9584FB0353079C554684FB06
:10E7700005C52B44339D844603EB850383EAE37C84
:10E78000ACEBE37CC9F8FC360F9C1C9B84FB035369
:10E79000129D029C84FB05A52B442E9D03EB850353
:10E7A00083EAE370A0EBE370389C329DC9F87C38B3
:10E7B0002543399C25433A9C25433B9C2543289C73
:10E7C00025432F9C25432B9C45EA0B0525433C9C68
:10E7D0002543299C254315430D43179A15992A9CD7
:10E7E00035438A18189E14993144169EA619921022
:10E7F000B61047F8242C47F81C6C249A269E1A9CC5
:10E800009319B21A92101F9E47F8042C279A9B1056
:10E8100047F8183CB3189B10921B47F8143C1E9EF7
:10E82000259B45EA0E059210254347F8082CF2185F
:10E8300045EA0C0589109210054347F8201C2D98D5
:10E8400047F8102C9B1B109C9B1047F80C3C224651
:10E85000089BA7F12401FEF723FF07F12402039987
:10E86000019223463D9A0133054329439342039184
:10E87000109308F1480AFFF640AD229ACDF848807F
:10E880009342DDE9444580F2FD82129B4B9A03F1ED
:10E89000480807F124030193139B03EBC30302EB26
:10E8A000031B109BCDE9394504EB830AD946D2E11D
:10E8B000019FD9F8483057F824EC724683FB0212C6
:10E8C0002B92D9F88C30724683FB021257F8203C09
:10E8D00018469646D9F84C30024683FB0212319214
:10E8E000D9F88830024683FB0212349257F81C2C68
:10E8F000D9F85030114683FB01013591D9F88430A5
:10E9000083FB021257F8183C1C462146D9F85430B4
:10E9100083FB01012C91D9F88030214683FB010152
:10E9200057F8143C36911846D9F8581081FB00402E
:10E930003290D9F87C1081FB030357F8101CD9F8EA
:10E940005C000C4680FB04543794D9F8780080FBB7
:10E95000014157F80C0C06463446D9F8600080FB9C
:10E9600004543546D9F8740080FB056557F8080C47
:10E97000389505462E46D9F8640080FB06C6B34696
:10E98000D9F8700080FB056557F8046C3395B446E0
:10E99000D9F8685085FB0C0CD9F86C5085FB06063D
:10E9A0002B980027800080EAE077A7EBE0774AF811
:10E9B000040B2C982B978000002780EAE077A7EBC8
:10E9C000E0772C97CAF87C01059F149887FB0050CC
:10E9D00000EB8400002480EAE074A4EBE074CAF841
:10E9E000FC02049D15982D9485FB004000EB8600E9
:10E9F000002680EAE076A6EBE0762E96CAF87C0444
:10EA0000099E119886FB0040169C87FB04642044F5
:10EA100000EB8100002180EAE071A1EBE0712F9111
:10EA20000A9E1299CAF8FC0586FB0101179885FB1E
:10EA30000040014401EB8201002581EAE175A5EB6C
:10EA4000E1753095319DCAF87C17AA00002582EA4D
:10EA5000E275A5EBE275329ECAF87C203195B200D2
:10EA6000002682EAE276A6EBE2761D9DCAF8FC213A
:10EA70000B9C32962A4684FB021202EB8B024FF06B
:10EA8000000B594682EAE271A1EBE271CAF87C23DD
:10EA90001D912A46069D85FB0212339E02EB8602DB
:10EAA0005E4682EAE276A6EBE2761C9FCAF8FC2478
:10EAB0000C9833963A4680FB0212259E314684FB21
:10EAC00001010A4402EB830282EAE27BABEBE27BC8
:10EAD0000D9CCAF87C263B4684FB0323324685FB0B
:10EAE0000212349C134403EB8403002583EAE3758C
:10EAF000A5EBE375359CCAF8FC37A300002483EA34
:10EB0000E374A4EBE374379ACAF8FC300026930050
:10EB100083EAE376A6EBE376CAF87C32079F159B7F
:10EB20001C9687FB0323002103EB8C0383EAE3712C
:10EB3000A1EBE371CAF8FC33029E149B86FB03230E
:10EB4000389A002603EB820383EAE376A6EBE376AA
:10EB5000CAF87C350E98129B80FB0323179A87FB1B
:10EB600002C23698134403EB80034FF0000C83EA93
:10EB7000E37CACEBE37CCAF8FC360F98119B80FB7E
:10EB80000323169A029F87FB0202134403EB8E03B2
:10EB90004FF0000E83EAE37EAEEBE37EDDE92B72FD
:10EBA0003A432D9FCAF87C383A432E9F1E9B1C98EF
:10EBB0003A432F9F3A43309F3A43319F3A43329F23
:10EBC0003A431D9F3A43339F3A4342EA0B022A439A
:10EBD000019D9B1045F8243C1F9B9B1045F8203C51
:10EBE000249B9B1045F81C3C189B9B1045F8183C37
:10EBF000269B9B1045F8143C279B9B1045F8103C26
:10EC0000289B9B1045F80C3C299B9B10224345F800
:10EC1000083C2A9B02430A439B10324345F8043CBC
:10EC2000DDE91A10109E089B42EA0C0242EA0E042B
:10EC30003246FEF735FD05F1240203990192334671
:10EC4000229A01330443214393420391109308F124
:10EC5000480880F2158158F80C1C58F8186C58F8C0
:10EC6000242C58F8300C58F83C3C58F8484C804F4D
:10EC7000761A921B801A1B1AE51A019C521A9B1ACB
:10EC8000243CCDE91A4A6D105B1087FB004005EB70
:10EC9000660C0CEB4004AD1B1194ACEB400C87FBF5
:10ECA000020203EB610000EB4206724F520087FB49
:10ECB0000646714C5B1AB60084FB03139B006F4938
:10ECC0001493801A81FB002058F8083C58F8142C43
:10ECD00058F82C1C58F8444CA2EB030E58F8202C82
:10ECE000A2EB0E02A2EB030B119B33441293119B78
:10ECF0009B1B149E1593891AAB1958F8382C1C933A
:10ED0000AB1B521A1D930CEB8003A41A1193A2EBB8
:10ED10000B02ACEB8003641055481493521080FB37
:10ED2000013104EB6E0C0CEB4103A4EB0E041693C3
:10ED3000ACEB410C80FB0B3B58F8086C02EB660017
:10ED400000EB4B034FEA4B0B87FB03134A49921B23
:10ED50004FEA830E81FB0232484DA0EB0B0092007C
:10ED600085FB003058F8103C58F8046C58F8045CE7
:10ED700058F8281C9E1B58F81C3C9B1BA3EB050B4A
:10ED8000C91A58F8343C58F8405C5B1AED1AA3EBEA
:10ED90000B035B101893169B73441E93169BA3EBF7
:10EDA0000E031793A3181F93A31A25930CEB80034C
:10EDB0002493ACEB80032E4816936D10034680FB22
:10EDC000012105EB660404EB4100AD1BA4EB4104FB
:10EDD00083FB0B2B58F8043C189E06EB630202EBF6
:10EDE0004B014FEA4B0B87FB0161189E224FF31A30
:10EDF000890087FB0363214FA2EB0B029B0087FB7B
:10EE000002624618411A2A91E918EB1A299304EB79
:10EE100082032793A4EB82032893139B1896022B5B
:10EE200026917FF445AD1A9860A9FEF7C7FB609B59
:10EE300070982B933490639B62982C933590619BD0
:10EE4000659831933790649B6B98329338906A9BA6
:10EE50006E983393669C699E6C996F9ADDF89CB1AD
:10EE60006D9BDDF8A0C1DDF8C4E1369098E500BFE8
:10EE7000A1EBD96E1D75A37B9A79825A83FB202161
:10EE8000DDE939452299199A8A42A1EB0203ACBF08
:10EE900000210121002902F101003F9903EBC30287
:10EEA0004FEA820203F1FF3304BF242200231144FE
:10EEB00003443F911993199B219A934281F28D87C4
:10EEC000139B1998022B209B41F05B83984281F29F
:10EED0005483219A9342A8BF134600F180411B4AF4
:10EEE0003293013904EB810E916C3391D2F88C107E
:10EEF0003491D16C3591D2F888103691116D3791DB
:10EF0000D2F884103891516D3991D2F880103A912D
:10EF1000916D3B91D16F3C91D16D3D91916F3E913F
:10EF2000116E3F9B3F91516F4391516E4491116F10
:10EF30004591CDE94B45916ED26E4691243347926F
:10EF4000019082464FF0000902E000BFE82002086D
:10EF500053F8241C339C1A46084684FB00300E46A6
:10EF60000290349981FB063652F8203C359D1E965E
:10EF70001C4685FB041436999C4681FB0C3C52F8D8
:10EF80001C3C379F1D4687FB0515389F194687FB9C
:10EF9000013152F8183C399E04911F4686FB071731
:10EFA0003A9E194686FB013152F8143C3B98059174
:10EFB0001E4680FB06163C980696194680FB0131DA
:10EFC00052F8103C3D9807911E4680FB06163E986D
:10EFD0000896194680FB013152F80C3C3F98099184
:10EFE0001E4680FB061643980A96194680FB01319F
:10EFF00052F8083C44980B911E4680FB0616459833
:10F000000C96194680FB013152F8043C46980D914C
:10F010001E4680FB061647980E96194680FB013166
:10F0200002980F9183004EF8043FC846484610935B
:10F0300083EAE370A0EBE3704AF300011F9081EADA
:10F0400084030AF001002F941C18CEF880404E462D
:10F05000119484EAE476A6EBE4763095AD0042F8AC
:10F06000249C2096CEF800514C46129585EAE57412
:10F07000A4EBE57481EA8703C61831972294CEF891
:10F0800080614F46139686EAE677A7EBE6772497EA
:10F09000069F42F8209CBF00CEF800724D461497A0
:10F0A00087EAE775A5EBE775089C259581EA840357
:10F0B000C418CEF880424D46159484EAE475A5EB59
:10F0C000E47526950A9D42F81C9CAD00CEF80053CD
:10F0D0004C46169585EAE574A4EBE57427940C9CE0
:10F0E00081EA8403C318CEF880334C46179383EA31
:10F0F000E374A4EBE3740E9D2894AC0042F8189CD2
:10F100004E46CEF80044189484EAE476A6EBE47602
:10F110000F9D299681EA8503C518CEF880544B4689
:10F120001A9585EAE573A3EBE5732A930D9B42F8E4
:10F13000149C9B00CEF800354E461B9383EAE37681
:10F14000A6EBE3760B9C2B9681EA8403C418CEF8D9
:10F1500080454F461C9484EAE477A7EBE477099D49
:10F1600042F8109CAC002C97CEF800464B461D94FC
:10F1700084EAE473A3EBE473079D2D9381EA85058C
:10F180000544CEF880564F4685EAE577A7EBE5774C
:10F19000059B42F80C9C9E002E97CEF80067CB464C
:10F1A00086EAE67BABEBE67B049F81EA87040444B6
:10F1B000CEF8804784EAE478A8EBE478129F109BAD
:10F1C00042F8089C3B43149F3B43169F3B43189FC8
:10F1D0003B431B9F3B431D9F3B433343119E43EAED
:10F1E0008C033343139E3343159E3343179E33439F
:10F1F0001A9E33431C9E33432B434FEA8C05234313
:10F20000CEF800584C4685EAE574A4EBE5741E9EE2
:10F2100081EA86010144CEF88018484681EAE1700F
:10F22000A0EBE1701943DDE91F1741EA07032299BA
:10F2300042F8049C43EA0103249943EA0103259917
:10F2400043EA0103269943EA0103279943EA0103AC
:10F25000289943EA0103299943EA01032A9943EAD9
:10F2600001032B9943EA01032C9943EA01032D99E9
:10F2700043EA01032E9943EA010343EA0B0343EAFD
:10F28000080343EA040343EA0003039840EA030047
:10F290000390019818BF5046019032980AF1010A74
:10F2A000824502F12403FFF653AE3F920F9A699212
:10F2B0000E9A68920D9A6A920C9A67920B9A6B92C8
:10F2C0000A9A6692099A6C92089A07996592059A29
:10F2D000319B049F6D916E920699309A6491DDE99D
:10F2E0004B4563936F976292CDF8C0C12F9B61939A
:10F2F000219B029871969A45609080F25A810AF19A
:10F300008043013BCDE91F4504EB8309DDF8FC8018
:10F3100060AB1E9300261E994046FEF74FF9609B96
:10F32000649D619863996F9F9B001A4649F8043F5A
:10F330003446679B0D9282EAE274A4EBE2744AF3CE
:10F34000000C8CEA80000AF0010E00EB0E020E9415
:10F35000C9F8802030460A9282EAE270A0EBE2709F
:10F36000629A0F909000C8F800603446C9F8000116
:10F370000B9080EAE074A4EBE0748CEA81017144A4
:10F380001094C9F8801132460C9181EAE172A2EB27
:10F39000E172AD00C8F804601192C9F8005231461C
:10F3A00085EAE571A1EBE571129165998CEA81021C
:10F3B0007244C9F88022314682EAE271A1EBE2711F
:10F3C000669813918100C8F808603046C9F80013A8
:10F3D000029181EAE170A0EBE1708CEA830373444F
:10F3E0001490C9F880333446049383EAE374A4EBA1
:10F3F000E374689BC8F80C609B001594C9F800344E
:10F400003046059383EAE370A0EBE370699B1690A6
:10F410008CEA83037344C9F88034344683EAE37486
:10F42000A4EBE3746A98C8F8106080001794C9F8D8
:10F4300000053146069080EAE071A1EBE0716B9C1B
:10F4400018918CEA840101EB0E0B5946C9F880B57E
:10F450003446B346079181EAE174A4EBE1746C98F9
:10F460001A948000C8F814603446C9F80006089061
:10F4700080EAE074A4EBE0746D991B948CEA81043B
:10F480007444C9F88046314684EAE471A1EBE47122
:10F490006E981C918100C8F818603046C9F80017B2
:10F4A000099181EAE170A0EBE1708CEA870777446B
:10F4B0001D90C9F8807787EAE77BABEBE77B0B9879
:10F4C0000D99C8F81C6001432943029D0A982943FD
:10F4D000059D2943069D2943089D2943099D2943EC
:10F4E000709D41EA850101430C9801431143049A40
:10F4F00011431943079B19432143AA0041EA07031B
:10F50000C9F80028314682EAE271A1EBE271719DEF
:10F510008CEA850C0CEB0E02C9F88028304682EA92
:10F52000E270A0EBE2701A43DDE90E4343EA040304
:10F53000109C119AC8F8206043EA040343EA0203CE
:10F54000129A159C43EA0203139A43EA0203149A9F
:10F5500043EA0203169A43EA0403179C43EA0203B0
:10F56000189A43EA04031A9C43EA020343EA040399
:10F570001B9C1C9A43EA040343EA02031D9A43EAD4
:10F58000020343EA0B03039A43EA010343EA00033D
:10F5900042EA0302019B039218BF53460193219B49
:10F5A0000AF1010A9A4508F12408FFF6B4AEDDE934
:10F5B0001F452199199A4B1E9B1A8A42A8BF002306
:10F5C0000132134419931A461F2A13462FDCC2F145
:10F5D000200021D0DDE940120A4403EB8211429B56
:10F5E000460803EB810101EBC60606F5106601F53E
:10F5F00010610022A1F51063C3E9002280338B4221
:10F60000FAD103F10801B142F4D1C3070FD5199B18
:10F6100020F0010003441993199A002304EB820996
:10F620001A4649F823202033B3F5107FF9D1039906
:10F63000002901F0C083C1F2D483002349001A4697
:10F6400003F10103FAD5DDE949130B44DDE940017B
:10F650001B01014403EBC10348990198C5F8000B55
:10F6600019440020CB6BC5F8083B239BC5F8103B21
:10F67000C5F8182B73B0BDE8F08F199B209A934200
:10F6800081F290831299DDF86880109301F1480BA4
:10F690004B99886C4490D1F88C0045902298824216
:10F6A000A8BF02464392CDE946453F9A04EB830A40
:10F6B000CDF804A002F1240E8A465BF8443CE34FE7
:10F6C00043FA08F34BF8443C5BF8483C43FA08F330
:10F6D0004BF8483C5EF8243C43FA08F34EF8243CCF
:10F6E0005BF8403C43FA08F34BF8403C5BF83C3C89
:10F6F00043FA08F34BF83C3C5EF8203C43FA08F32D
:10F700004EF8203C5BF8383C43FA08F34BF8383CA1
:10F710005BF8343C43FA08F34BF8343C5EF81C3C8D
:10F7200043FA08F34EF81C3C5BF8303C43FA08F30C
:10F730004BF8303C5BF82C3C43FA08F34BF82C3C7C
:10F740005EF8183C43FA08F34EF8183C5BF8283C86
:10F7500043FA08F34BF8283C5BF8243C43FA08F3DF
:10F760004BF8243C5EF8143C43FA08F34EF8143C82
:10F770005BF8203C43FA08F34BF8203C5BF81C3C58
:10F78000019E249643FA08F34BF81C3C5EF8103CAB
:10F7900043FA08F34EF8103C5BF8183C43FA08F3C0
:10F7A0004BF8183C5BF8143C43FA08F34BF8143C54
:10F7B0005EF80C3C43FA08F34EF80C3C5BF8103C46
:10F7C00043FA08F34BF8103C5BF80C3C43FA08F39F
:10F7D0004BF80C3C5EF8083C43FA08F34EF8083C42
:10F7E0005BF8083C43FA08F34BF8083C5BF8043C30
:10F7F00043FA08F34BF8043C5EF8043C43FA08F57E
:10F800004EF8045C5BF80C1C2F955BF8185C5BF8F9
:10F81000242C5BF8300C5BF83C3C5BF8484C6D1AD0
:10F82000521B801A1B1A521AE41A9B1A64105B109E
:10F83000F14687FB006004EB6507641B159407EB3A
:10F8400040041194A7EB4007804C84FB020203EBB9
:10F85000610000EB42057E4C520084FB05657D4C47
:10F860005B1AAD0084FB03139B007B491493801A41
:10F8700081FB0020119B5BF8084C5BF8142C5BF8B3
:10F880002C1C16942B441C93119B5BF8446CCDF8F4
:10F8900048B05B1B1F93DDE91435A2EB040C5BF849
:10F8A000202CEB18A2EB0C02891A141B2D935BF889
:10F8B000382C149B521AEB1AB61A2E93121B07EB14
:10F8C0008003A7EB80007610604F1D9352101E90AE
:10F8D00087FB013106EB6C03A6EB0C0CCDF844C0A2
:10F8E00003EB410CA3EB41012046CDF850C015912C
:10F8F00087FB0030169F564D02EB670101EB40037A
:10F90000440085FB03039B0052481693D21B80FBE7
:10F91000023292001792091B4F4A82FB01315BF8B9
:10F92000040C5BF8103C5BF8282C5BF8406C1C1A4C
:10F930005BF81C3C1B1BD21A1D1A5BF8343C9B1A4B
:10F94000F61A5B1B5F108B002B93159BA3EB810BAF
:10F95000119B1799CDF860B0591A2C9116996346EE
:10F96000591A1B917610394981FB023206EB640368
:10F9700003EB420B341BCDF898B0A3EB420B25945C
:10F98000CDF89CB081FB053507EB600202EB450129
:10F990002F4C6D0084FB01313B1A8F002D4C2897B2
:10F9A00084FB031398002C492990521B81FB0232DF
:10F9B0005EF8243C97002A971946449F87FB012153
:10F9C000459F184687FB00305EF8202CDAF84C3053
:10F9D0003090174683FB0707DAF8883031971046D6
:10F9E00083FB00205EF81C5CDAF8503032902F4622
:10F9F00083FB0707DAF8843033972C4683FB042413
:10FA00005EF8180CDAF854303494024683FB024254
:10FA1000DAF880303592044683FB04045EF8140C57
:10FA2000DAF8583036948346024683FB0242DAF80D
:10FA30007C30379283FB0B0B5EF8103CDAF85C00ED
:10FA40001E4680FB0646DAF8780007E0A1EBD96E87
:10FA50001D75A37B9A79825A83FB2021389680FBFF
:10FA600003435EF80C6CDAF86000344680FB0474E3
:10FA7000DAF87400324680FB02625EF8087CDAF83D
:10FA8000640039923E4680FB06C6DAF8700080FBBF
:10FA900007C72F9DDAF868002A4680FB02C2DAF811
:10FAA0006C002F92AC46054685FB0C0C00208900AB
:10FAB000054681EAE175A5EBE1753A95019D359A18
:10FAC00045F8041B92002946054682EAE275A5EB3B
:10FAD000E2753595C1F87C21059D1E9A019185FB43
:10FAE000021202EB8402044682EAE274A4EBE2749E
:10FAF0003B94019C049DC4F8FC221F9A85FB0212D2
:10FB000002EB8C02014682EAE271A1EBE271C4F8D9
:10FB10007C24099D1D9A3C9185FB02121899059D34
:10FB200085FB01410A4402EB8302034682EAE27349
:10FB3000A3EBE273019C3D930A9D1C9BC4F8FC253A
:10FB400085FB03231B9A049D85FB0212349D1344FD
:10FB500003EB8503054683EAE375A5EBE37534956E
:10FB6000319DC4F87C37AB00054683EAE375A5EB0D
:10FB7000E3753195379DE367AB00054683EAE3758E
:10FB8000A5EBE375DDF8B8C03795C4F8FC310B9DE3
:10FB9000634685FB032303EB8603064683EAE3768D
:10FBA000A6EBE3762E96C4F87C33069E634686FB6E
:10FBB000032303EB8703064683EAE376A6EBE376AB
:10FBC0002D9F3E96C4F8FC340C9E3B4686FB0323D7
:10FBD000DDF8B0C0624685FB0212134403EB8B03D1
:10FBE000834683EAE37BABEBE37BC4F87C360D9D75
:10FBF0003B4685FB0323069E624686FB0212329D2E
:10FC0000134403EB8503024683EAE372A2EBE3723B
:10FC1000339FC4F8FC370546BB0083EAE375A5EBC8
:10FC2000E375389EC4F8FC302C95B3002546044695
:10FC300083EAE374A4EBE374C5F87C32079F1F9B4F
:10FC40002D9487FB03132F9C064603EB840383EA62
:10FC5000E376A6EBE376C5F8FC33029C1E9B84FB9F
:10FC60000313399C03EB8403044683EAE374A4EB97
:10FC7000E374C5F87C351C9B0E9D85FB03131B9913
:10FC800087FB0151369D0B4403EB8503054683EA50
:10FC9000E375A5EBE37501990F9FC1F8FC361D9B39
:10FCA00087FB03131899029F87FB01C10B4430990E
:10FCB00003EB810C8CEAEC70A0EBEC70359F3A9969
:10FCC0002D9B39433B9F39433C9F39433D9F3943EB
:10FCD000349F3943319F3943379F39432E9F3943EE
:10FCE0003E9F394341EA0B0111432C9A11431943BA
:10FCF000149A2B9B41EA060716995618119A1799E0
:10FD000027435118019C159AC4F87CC889104EF8F5
:10FD1000201C1A442699299C2F43289D92104EF8A6
:10FD20001C2C4A1B92104EF8042C4B19259A9B1040
:10FD30004EF8183C1319121BB6109B1092104EF877
:10FD4000246C4EF8143C4EF8082C0743249827994D
:10FD50002A9C0A190B1B109C92109B104EF8102C19
:10FD60004EF80C3CAEF12401089B2246FDF798FCAE
:10FD70000399439A129E2346013338430143934229
:10FD80000391109306F1480B09F1240EFFF695AC90
:10FD9000229A9342DDE94645C846BFF673A8129BF6
:10FDA0004B9A03F1480B139B03EBC30302EB0319BC
:10FDB000109BCDF8E89004EB830ACDE93B45DDF8D4
:10FDC0006890CDF804A008F12408DAE158F8242C52
:10FDD0003A9F1046BB6C83FB02122C92D7F88C30F2
:10FDE000024683FB021258F820CC3492FB6C624628
:10FDF00083FB02123192D7F88830624683FB0212ED
:10FE000058F81C3C944619463A6D82FB0101359125
:10FE1000D7F8842082FB031358F8182C1446214687
:10FE20007A6D82FB01012D91D7F88020214682FB5B
:10FE30000101369158F8141CBA6D0D4682FB010180
:10FE40003291FA6F294682FB010158F8102C379144
:10FE50001046F96D81FB00503890B96F81FB0202AA
:10FE600058F80CEC396E704681FB00507546796F7E
:10FE700081FB0565AE4658F8085C7C6E2E4684FB17
:10FE80000616B2463C46396F81FB0565119FA46E8C
:10FE90003E4684FB06163A9C3996E46E3E4684FB49
:10FEA000061611962C990027890081EAE177A7EBC5
:10FEB000E177019E2C9746F8041B2D993446890062
:10FEC000002781EAE177A7EBE1772D97C6F87C114F
:10FED000059F169987FB016101EB8001002081EAF3
:10FEE000E170A0EBE170C4F8FC1226461799049C5F
:10FEF0002E9084FB0101119801EB8001002081EA22
:10FF0000E170A0EBE170C6F87C14099C1599119082
:10FF1000019684FB0101189887FB0060014401EB06
:10FF20008201002281EAE172A2EBE172019E2F922E
:10FF30000A9F129AC6F8FC1587FB02121A99049CB4
:10FF400084FB01010A4402EB8302002482EAE2748A
:10FF5000A4EBE2743094319CC6F87C27A300002403
:10FF600083EAE374A4EBE374329FF3673194BB003C
:10FF7000002783EAE377A7EBE3771D98C6F8FC3107
:10FF80000B9C3297034684FB032303EB8A034FF059
:10FF9000000A514683EAE371A1EBE371C6F87C33B2
:10FFA0001D910346069880FB032303EB850355460A
:10FFB00083EAE375A5EBE3753395C6F8FC340C9D35
:10FFC000149B85FB0323259F3A4684FB0212379C32
:10FFD000134403EB840383EAE37AAAEBE37AC6F8DB
:10FFE0007C360D9D149B85FB03233A4680FB021251
:10FFF000134403EB8C03002483EAE374A4EBE3745F
:020000040801F1
:100000001494359CC6F8FC37A300002483EAE374FB
:10001000A4EBE3743898C6F8FC3035468300002022
:1000200083EAE370A0EBE370C6F87C32079F179B6E
:1000300087FB0323399A002103EB820383EAE371F0
:10004000A1EBE371C6F8FC33169B029E86FB0323EB
:10005000002603EB8E0383EAE376A6EBE376C5F88E
:100060007C35129B0E9D85FB03231A9A87FB02C2E7
:10007000369D134403EB85034FF0000E83EAE37EC5
:10008000AEEBE37E019A0F9DC2F8FC36159B85FB13
:100090000323189A029F87FB02C2349D134403EB8B
:1000A0008505002285EAE572A2EBE572DDE92C7395
:1000B00047EA030C2E9B329F4CEA030C119B4CEA3F
:1000C000030C2F9B4CEA030C309B4CEA030C319B36
:1000D0004CEA030C1D9B4CEA070C4CEA030C339BC7
:1000E0004CEA030C149B4CEA0A0C4CEA030C4CEA55
:1000F000040C4CEA000C249B4CEA010C4CEA060C64
:10010000019E9B10C6F87C5848F8243C1E9B9B100F
:1001100048F8203C1F9B9B1048F81C3C269B9B10DA
:1001200048F8183C279B9B1048F8143C289B9B10D0
:1001300048F8103C299B9B1048F80C3C2A9B9B10CC
:1001400048F8083C2B9B9B1048F8043CDDE91B1049
:10015000109D089B4CEA0E0C4CEA02042A46FDF75F
:100160009FFA0399229A40EA040319432B4601336C
:100170009342039110930BF1480B08F1240880F28D
:1001800016865BF8443CD84F43FA09F34BF8443CDD
:100190005BF8483C43FA09F34BF8483C58F8243CD8
:1001A00043FA09F348F8243C5BF8403C43FA09F36E
:1001B0004BF8403C5BF83C3C43FA09F34BF83C3CC1
:1001C00058F8203C43FA09F348F8203C5BF8383CE7
:1001D00043FA09F34BF8383C5BF8343C43FA09F333
:1001E0004BF8343C58F81C3C43FA09F348F81C3CE3
:1001F0005BF8303C43FA09F34BF8303C5BF82C3C9D
:1002000043FA09F34BF82C3C58F8183C43FA09F32D
:1002100048F8183C5BF8283C43FA09F34BF8283CB3
:100220005BF8243C43FA09F34BF8243C58F8143C9F
:1002300043FA09F348F8143C5BF8203C43FA09F30D
:100240004BF8203C5BF81C3C43FA09F34BF81C3C90
:1002500058F8103C43FA09F348F8103C5BF8183C96
:1002600043FA09F34BF8183C5BF8143C43FA09F3E2
:100270004BF8143C58F80C3C43FA09F348F80C3C92
:100280005BF8103C43FA09F34BF8103C5BF80C3C6C
:1002900043FA09F34BF80C3C58F8083C43FA09F3CD
:1002A00048F8083C5BF8083C43FA09F34BF8083C73
:1002B0005BF8043C43FA09F34BF8043C58F8043C5F
:1002C00043FA09F348F8043C5BF80C0C5BF8184C53
:1002D00011935BF8243C5BF8301C241A1A1B5BF862
:1002E0003C3C891A5E1A5BF8483C121A9D1BB31AF3
:1002F000A8F124061B96019E1C966D105B1087FBCF
:10030000016105EB640606EB410EA6EB41012D1BD6
:10031000159187FB021203EB600101EB4206734F5C
:10032000520087FB0646724C1B1AB60084FB03037F
:10033000881A9B006F4981FB00205BF8084C5BF832
:10034000142C5BF82C1CA2EB040C5BF8202CA2EB09
:100350000C02A2EB040A891A5BF8382C5BF8444CB7
:10036000521AA41AA2EB0A02521018920EEB0602BD
:100370001292AEEB06021792EA181492EA1A159B33
:100380001D9203EB80021592A3EB80026410564885
:10039000169280FB013104EB6C03A4EB0C06A3EB7B
:1003A00041021E961F9203EB410680FB0A3A5BF85E
:1003B000082C189C04EB620101EB4A034FEA4A0A3D
:1003C00087FB03034A4DA21A4FEA830C85FB0232D6
:1003D000A1EB0A009200474981FB00305BF8045C06
:1003E0005BF8103C5BF8281CA3EB050E06EB0C0435
:1003F0005BF81C3C2494A6EB0C041E9E1A94A3EB01
:100400000E03A3EB050AB418C91A5BF8343C5BF879
:10041000405C1E94B41A1F9A25945B1A02EB800468
:10042000ED1AA2EB8002A3EB0A032F4E1F946D106E
:100430005B10189286FB012105EB6E0404EB410072
:10044000A5EB0E05A4EB410486FB0A2A5BF8042CFD
:1004500003EB620202EB4A014FEA4A0A87FB0161A1
:100460005BF8046C224F9B1B890087FB0363214FC1
:10047000A2EB0A029B0087FB02624618411A2B91ED
:10048000E9182791E91A2A9104EB8201A4EB820270
:100490002992139A2696022A28917FF497AC1B98EA
:1004A00060A9FDF78BF861993191649932916D994A
:1004B0003791629935916599609B389168992C9331
:1004C0003991639B6E992D933691699B7199119324
:1004D00066986C9A6F9BDDF89CA16A9DDDF8C0C19F
:1004E000DDF8ACE13491DDE4A1EBD96E1D75A37BA1
:1004F0009A79825A83FB2021036C002B40F062849E
:100500003046409E429D00EB860000F5805005EB92
:10051000C21202F590523F92D0F80022082AB8BFCA
:100520000822C0F80022D0F808021B9005EB0A044C
:1005300002F1110005EB860505F58055A1FB0010C1
:1005400081082291D5F8001B2191D5F8081B139141
:10055000D5F8101B2091002A40F34A841B9A23935C
:10056000062A4FF00003C2F10701CDE919310393C8
:10057000CCBF00270127FDF773BE01908246FEF72E
:10058000BEBE984280F22384219A1E494B91934229
:10059000A8BF134600F18042013A04EB820C0A46E0
:1005A000896C3D91D2F88C103E91D16C3291D2F889
:1005B00088103391116D3491D2F884103591516DBA
:1005C0004791D2F880104691916D4591D16F449139
:1005D000D16D4391916F36933F9B3F91116E3C914A
:1005E000516F3B91516E3A91CDE94C45116F399164
:1005F000916ED26E389124333792019086464FF037
:10060000000A01E0E820020853F8241C3D9C1A4629
:10061000084684FB00300E4602903E9981FB063668
:1006200052F8203C32981E961C4680FB04143399E5
:10063000984681FB083852F81C3C34981D4680FBD4
:100640000515359904951F4681FB073752F8183C6C
:1006500047981E4680FB06164698194680FB0131D6
:1006600052F8143C459D0591184685FB00100690F4
:10067000449D184685FB003052F8103C0790439D7E
:10068000184685FB00103F9D0890194685FB0131F7
:1006900052F80C3C3C9D0991184685FB00103B9D8F
:1006A0000A90194685FB013152F8083C3A9D0B919E
:1006B000184685FB0010399D0C90194685FB0131C9
:1006C00052F8043C389D0D91184685FB0010379D6B
:1006D0000E90194685FB013102980F9183004CF86A
:1006E000043FD14651461D9383EAE371A1EBE371C8
:1006F0001F914EF3000181EA84030EF001002F9454
:10070000C418CCF8804053461C9484EAE473A3EBED
:10071000E473049D2093AB0042F824AC5546CCF81A
:10072000003183EAE375A5EBE37581EA860422953F
:1007300025183196CCF8805156461B9585EAE5760A
:10074000A6EBE5762496069E42F820ACB600CCF8DF
:10075000006254461A9686EAE674A4EBE674259481
:10076000089C81EA84040444CCF8804255461894DD
:1007700084EAE475A5EBE47526950A9D42F81CAC65
:10078000AD00CCF800535646179585EAE576A6EB02
:10079000E57627960C9E81EA86042618CCF88063BD
:1007A0005446169686EAE674A4EBE67428940E9CEA
:1007B00042F818ACA400CCF800445546159484EADD
:1007C000E475A5EBE47529950F9D81EA850606443D
:1007D000CCF88064554686EAE675A5EBE6752A9561
:1007E0000D9D42F814ACAD00CCF80055544614955C
:1007F00085EAE574A4EBE5742B940B9C81EA8404F0
:100800000444CCF880455546129484EAE475A5EB7F
:10081000E4752C95099D42F810ACAD00CCF800565B
:100820005446119585EAE574A4EBE5742D94079C74
:1008300081EA84050544CCF88056544685EAE5747F
:10084000A4EBE5742E94059C42F80CACA400CCF803
:100850000047D346109484EAE47BABEBE47B81EA67
:10086000870404443097CCF8804784EAE479A9EB04
:10087000E4791D9F42F808AC3B431A9F3B43179F06
:100880003B43159F3B43149F3B43119F3B43109FAA
:100890003B431C9F43EA88033B431B9F3B43189FFA
:1008A0003B43169F3B433343129E33432B434FEA54
:1008B00088052343CCF80058544685EAE574A4EB38
:1008C000E5741E9E81EA86010144CCF880185046EA
:1008D00081EAE170A0EBE1701943DDE91F1343EAFF
:1008E0000103229942F804AC43EA0103249943EA44
:1008F0000103259943EA0103269943EA0103279955
:1009000043EA0103289943EA0103299943EA0103D1
:100910002A9943EA01032B9943EA01032C9943EAFC
:1009200001032D9943EA01032E9943EA010343EAA7
:100930000B0343EA0903039943EA040343EA000370
:1009400041EA03010391019918BF7146019136995B
:100950000EF1010E8E4502F12403FFF655AE3F92D3
:100960000F9A69920E9A68920C9A67920B9A6B9200
:100970000A9A0D9B6692099A05996A936C92079B55
:10098000089A309F65926D93049A069B6E913199F7
:100990006493DDE94C4563916F976292CDF8C08115
:1009A0002F9B6193219B029871969E456090BEF6A5
:1009B00000AE139B4B9A03EBC30302EB031A3F9B5E
:1009C000CDE9334503F124090EF18043013B04EBEB
:1009D000830C002759F8242CDAF84830104683FBA2
:1009E0000010DAF88C303090114683FB012159F861
:1009F000202CDAF84C300291154683FB0515DAF805
:100A000088300495904683FB082859F81C2CDAF8A6
:100A10005030164683FB0616DAF8843031961446B9
:100A200083FB042459F8182C0594DAF85430144642
:100A300083FB0414DAF880303294114683FB0121E1
:100A400059F8142CDAF858300691154683FB051531
:100A5000DAF87C300795114683FB012159F8102CF8
:100A6000DAF85C300891154683FB0515DAF8783022
:100A70000995114683FB012159F80C2CDAF86030F6
:100A80000A91154683FB0515DAF874300B9511466B
:100A900083FB012159F8082CDAF864300C911546D3
:100AA00083FB0515DAF870300D95114683FB0121A3
:100AB00059F8042CDAF868300E91154683FB0515B9
:100AC000DAF86C300F95114683FB012180004CF859
:100AD000040F1091BB463A46169080EAE072A2EBF2
:100AE000E072049D1F924EF3000282EA85030EF02D
:100AF00001015818CCF880003B46179080EAE0735B
:100B0000A3EBE073B60049F8247C2093CCF8006195
:100B10003846189686EAE670A0EBE67082EA84030F
:100B2000CC182290CCF880413E461A9484EAE476B0
:100B3000A6EBE476079D49F8207CAC002496CCF81F
:100B4000004238461B9484EAE470A0EBE470099EEE
:100B5000259082EA8603CB18CCF880323C461C9361
:100B600083EAE374A4EBE3740B9D2694AC0049F88C
:100B70001C7C3D46CCF800431D9484EAE475A5EB4B
:100B8000E47527950D9D82EA8503CD18CCF8805336
:100B90003B461E9585EAE573A3EBE5730F9E28930C
:100BA000B30049F8187C3E46CCF80034119383EA30
:100BB000E376A6EBE3762996109E82EA86040C443F
:100BC000CCF88044384684EAE470A0EBE4700E9DD3
:100BD0002A90A80049F8147C3D46CCF800051290F4
:100BE00080EAE075A5EBE0750C982B9582EA80030E
:100BF0000B44CCF880353E46139383EAE376A6EBAC
:100C0000E3762C960A9E49F8107CB300CCF80036A7
:100C10003846149383EAE370A0EBE370089D2D90AF
:100C200082EA85035818CCF880063E46159080EA83
:100C3000E076A6EBE076069849F80C7C85002E96C7
:100C4000CCF800573B4685EAE573A3EBE5732F9399
:100C5000059B82EA83000844CCF8800780EAE07BA9
:100C6000ABEBE07B189E169B49F8087C33431B9E38
:100C700033431D9E3343119E3343129E3343149ED0
:100C800033432B43179D43EA88032B431A9D2B4381
:100C90001C9D2B431E9D2B43139D23432B43159DCE
:100CA0004FEA88042B430343CCF80048384684EAD3
:100CB000E470A0EBE470029C82EA84020A44CCF85F
:100CC0008028394682EAE271A1EBE2711A43DDE93C
:100CD0001F2342EA0303229A249C279D299E49F858
:100CE000047C43EA0203259A43EA0403269C43EA70
:100CF000020343EA0403289A43EA050343EA020392
:100D00002A9A2B9D43EA060343EA02032C9E2D9A5E
:100D100043EA050343EA06032E9E43EA02032F9AA1
:100D200043EA060343EA020343EA0B03039A43EA56
:100D3000000343EA010342EA0302019B039218BF46
:100D400073460193219B0EF1010E9E4509F1240982
:100D5000FFF640AE109B69930F9B68930E9B6A93BE
:100D60000D9B67930C9B6B930B9B66930A9B6C93F9
:100D7000099B6593089B6D93079B6493069B6E93F9
:100D8000329B6393059B6F93319B6293049BCDF8D9
:100D9000C081DDE933456193029B7193309B609381
:100DA000FEF707BCDDF8FC801093FEF7F8BFDDE925
:100DB0003B45FEF767B81F22FEF745BC3F9F1092E8
:100DC000FDF763BD239A1992531EFDF7B5B8124B78
:100DD0004B93199B01939E46EBE501931A46FEF750
:100DE000F3BB4FF0FF32FEF72EBC239BFFF7B3BBE4
:100DF000219A2393002A4FF0000307DD03931993F0
:100E0000FEF75EB84FF0FF30FEF734BC20200393AE
:100E100019930193FEF7DEBBE8200208FAF7D2BD72
:100E200008B1FAF7A9BD70472DE9F04F89B00493D6
:100E3000002800F0E2810D46096816468146F9F760
:100E4000ABFC071EC0F2D6812968394429604846A8
:100E5000F9F78EFD021EC0F2E58133682868B918E3
:100E6000591A00EB020EC5F800E03160D9F8B83726
:100E7000002B00F08480D9F8B03743B1D9F8B447DB
:100E80004846F9F77DFC2044C9F8CC073168129B2D
:100E9000002B00F0E080D9F8D837C9F8CC17002B28
:100EA00040F09981002940F39681C9F8DC17D5F804
:100EB000008033685B1A414429603360D9F8C42745
:100EC000D9F8DC4700239A4207934FEAC40440F361
:100ED0004881039309F2DC75D9F8BC37002B40F345
:100EE000E4804FF0000A5746079E0595AB46C24680
:100EF00018E0A6452FDC0398019700904846FBF7C1
:100F000033FF011EC5EBC10507F101078A44C0F29A
:100F1000FA80079ED9F8BC373544BB42A8EB0504DC
:100F200040F3C180039B00935146234607AA0197D3
:100F3000484600F09BF9079D5BF804EFC6EBC0063E
:100F400006EB050C8244002807AAAEEB0C035146C1
:100F5000A4EB0C08CDDAD9F8C817D9F8C427D9F80A
:100F6000BC37049801FB02F203FB02F2521000218D
:100F7000F1F72AFD6FF0070009B0BDE8F08FD9F84E
:100F8000B037002B7FF47AAF0123C9F8B03731684E
:100F90000129A0EB070C73461DDD01F1FF3A002487
:100FA00002E00134A24516D0184613F8018BB8F1BF
:100FB000FF0FF6D190F8018008F0E008B8F1E00FDB
:100FC000EFD19CF80030FF2B1BD00334091B012903
:100FD00000F10303E1DC4FF0FF32D9F8C437D9F850
:100FE000C807C9F8B427D9F8BC2700FB03F303FBF3
:100FF00002F2049852100021F1F7E6FC6FF00200B3
:10100000BAE790F801809CF801309845DDD19CF852
:101010000280837888EA0303032BD6D818F0020FE6
:1010200018BF00F1FF30A0EB0E04D9F8C437D9F88F
:10103000C807C9F8B447002C00FB03F1D3DB3B1908
:101040001344D9F8C02702FB03F3DB0093FBF1F351
:10105000C9F8B83714E7D9F8CC07884200F3D08034
:10106000D9F8DC37D9F8D82793427CDB9B1A09F1F1
:101070001C0808EB0301404603F011FFD9F8D8071C
:10108000D9F8CC272968404403F0C9FFD9F8CC2708
:10109000D9F8D8371344C9F8DC372B6813442B60D0
:1010A00033689B1A09E7059DD04603994846FBF72C
:1010B000DFF900287DDBD9F8BC17002937DD039F55
:1010C000002603E0D9F8BC17B14230DD324639467C
:1010D0004846FCF7BBFB002806F10106F2DAD9F816
:1010E000C817D9F8C427D9F8BC37049801FB02F215
:1010F00003FB02F252100021F1F766FC6FF00A00C8
:1011000009B0BDE8F08FD9F8C817D9F8C427D9F8C5
:10111000BC37049801FB02F203FB02F252100021DB
:10112000F1F752FC6FF0080009B0BDE8F08F039BA7
:10113000D9F8C82703FB02F2049B02FB01F103EB81
:101140004101484601F058F800287DDB039B01333C
:101150001A460393D9F8C437934205F108053FF7BF
:10116000BBAE002008E7024609F11C0029681844BC
:1011700003F055FFD9F8CC27D9F8DC370498129939
:101180001344C9F8DC372B6813442B6033689B1A6F
:101190003360D9F8C427D9F8C847D9F8BC3704FB5D
:1011A00002F203FB02F25210F1F70EFC6FF00100A5
:1011B000E2E6D9F8C817D9F8C427D9F8BC3704989B
:1011C00001FB02F203FB02F252100021F1F7FCFBDB
:1011D0006FF00900D0E6D9F8C817D9F8C427D9F8B4
:1011E000BC37049801FB02F203FB02F2521000210B
:1011F000F1F7EAFB6FF00500BEE66FF00400BBE616
:10120000D9F8C817D9F8C427D9F8BC37049801FB16
:1012100002F203FB02F212995210F1F7D5FB4FF0E4
:10122000FF30A9E6D9F8C817D9F8C427D9F8BC37D0
:10123000049801FB02F203FB02F252100021F1F7C5
:10124000C3FB6FF0060097E6D9F8C817D9F8C42792
:10125000D9F8BC37049801FB02F203FB02F25210EA
:101260000021F1F7B1FB6FF00B0085E62DE9F04F9F
:1012700097B0209D219C01910290002800F00884E5
:1012800006689046002E00F0038441680091002912
:1012900000F0FE838768002F00F0FA83D8F8002062
:1012A0001344D91D48BF03F10E01C910019A0AA8C1
:1012B000F9F7E4F9D8F80010002940F05F8105EB58
:1012C000C50304EBC4021B0103EBC203009AE00058
:1012D000134432780490E800596BD3F83CA0039093
:1012E000002A40F0A280BE4A02EB4100BAF1020F90
:1012F00012F8116090F8019000F0E782002D00F0E4
:101300003283230100990833CA18CB58002B00F010
:101310006D81C4EB4413C5EB451107EB810057F811
:1013200013C040F813C05B0003EB810104330431A8
:10133000FB5A7B524FEA441E4FEA451C5368002B70
:1013400040F0B082AEEB04035B00ACEB0501581D2E
:1013500000EB81000A3307EB000B03EB8103CDE9BF
:10136000057207EB030A219467465C46F346314653
:101370000AA8F9F789F904F8010FA245F7D1BC468C
:10138000069A219C059FDE469368002B40F07682EA
:10139000AEEB04035B00ACEB050103F10A0000EBCC
:1013A00081000F3307EB000A03EB81032194FE1841
:1013B00054460592E346F24649460AA8F9F764F90D
:1013C00004F8010FA642F7D1059A219CDC46D646C7
:1013D000D368002B40F04082AEEB04035B00ACEB23
:1013E000050203F10F0101EB8201143307EB010A3F
:1013F00003EB82032194FE185446E346F246494625
:101400000AA8F9F741F904F8010FB442F7D1219C79
:10141000DC46D646ACEB0503AEEB04029B0003EBC7
:10142000420315330022FA5286E0336A13F0010BAF
:1014300002D0012C00F0EE81B1F5C87F80F2A280CD
:10144000684A0B1182FB0320CE17C6EB600606EB41
:1014500086029B1A0F930323C1F38100CDE9073362
:10146000194005221191002110900E96944696463F
:101470004FF00609184606930591BAF1020F00F0E5
:101480009881CDE9129ECDE914C2BBF1000F40F066
:10149000D480EB002B44E20022441B0103EBC20387
:1014A000009A1344059A5A660DF138090DF1480B5C
:1014B000C5EB45118900C4EB441201EB42014FEA30
:1014C000451C4FEA441ECDE90618CDE908CE4FF081
:1014D000000A7B182095059355462194DA46CB46A1
:1014E0005AF8048BB8F1000F11DD069BDBF80040C1
:1014F0002B4407EB0309059BEE18464421460AA836
:10150000F9F7C2F809F8010BB145F7D1454416AB1C
:101510009A450BF1040BE3D1DDE92054DDE908CE57
:10152000ACEB0503AEEB040E9B0003EB4E0315334F
:101530000022DDF81C80FA52039B049A01992B4487
:1015400022441B0103EBC203009A1A4404EB450535
:10155000936A029A05F5FC750AA842F82530D8F876
:101560000020F9F703F9D8F80030184400F0070319
:10157000C8F80030C01017B0BDE8F08F0AA8F9F71E
:1015800083F89CE6B1F5FA7FC0F2F080164AA1F527
:10159000FA71EB00A2FB01262B44E20022441B015E
:1015A00003EBC203009A134476081A6C0E9606EBFE
:1015B0004603CB1A0021CDE910110F930AB1CDE9F2
:1015C0000F63002206230121CDE9072294464FF044
:1015D0000A0E4FF00B091846069305914DE700BF20
:1015E000201B020867666666ABAAAAAAC4EB441170
:1015F0004900C5EB4513481E01F1050A00EB8300C5
:1016000007EB000B4FEA441E0AEB830A4FEA451C26
:10161000CDE90572BA44219467465C46F3463146EB
:101620000AA8F9F731F804F8010FA245F7D1BC4632
:10163000069A219C059FDE4680E6012C4FF00009AA
:101640007FF427AF009AC7F8F890EB000DF1380946
:101650002B4402EB0313CE460693BEE80F000DF1B8
:10166000480BC7F8FC00C7F80011C7F80421C7F8F9
:101670000831DC46BCE80F00C7F81421C7F8183160
:10168000DDE90523BAF1020FC7F80C01C7F8101104
:10169000C3F8AC207FF40CAFEB002B44E2002244F3
:1016A0001B0103EBC203009A13441B6C002B40F098
:1016B000A18118464FEA441E4FEA451CACEB0501D8
:1016C000AEEB0406890009EB830A0BEB830B01EBFD
:1016D0004603FA18CDE90528CDE907CE20952194D7
:1016E00055465C469A4654F8042B002A22DD00EB4E
:1016F0004003534402EB000B07EB0308059B2E68E5
:101700000BEB4B09994431460AA8F8F7BDFF314667
:1017100088F817000AA8F8F7B7FF314688F81800CC
:101720000AA8F8F7B1FF08F1030888F81600C845C1
:10173000E9D1584616AB9C4205F10405D3D1DDE949
:101740002054DDE907CEDDF81880ACEB0503AEEBE5
:1017500004029B0003EB420303F134023A443B448E
:10176000002183F83D10A2F80710E5E6CA4AA1F56A
:10177000C8718B10A2FB0326B60806EB86029B1AE3
:1017800001F003010F93002303221091119305939D
:1017900002210423BAF1020FCDE907310E964FF072
:1017A000070C4FF0050E4FF00609104606927FF425
:1017B00068AE4FF0030E4FF00009EA00E1002A4442
:1017C00001EB040C1201009902EBCC020A44126CEA
:1017D0001AB10793062370460693069BCDE9123093
:1017E000079B1493089B1593BBF1000F02D0012CAB
:1017F0003FF428AFEB002B44E20022441B0103EB33
:10180000C203009A1344059A5A660DF138090DF186
:10181000480B41E7B1F5B47F01F001094FEA6102DD
:10182000C0F21381F32A00F33D81B43AC2F381037D
:1018300016110F9302F003020023BAF1020F0E9665
:101840001092119300F0518105930623CDE91233D4
:10185000149303231593F5E6AEEB04035B0003F149
:101860001001ACEB050207EB82007E58465003EBFB
:1018700082023B443A441B7D1375CBE5AEEB040377
:101880005B0003F10B00ACEB050107EB810657F899
:1018900000A046F800A003EB81013B443944DB7B08
:1018A000CB7395E5AEEB04035B00981DACEB050133
:1018B00007EB810657F800A046F800A003EB810172
:1018C0003B4439449B7A8B725EE51B6C002B6BD1D9
:1018D0004FEA441E4FEA451C03EB430BACEB0503F8
:1018E000AEEB04019B0003EB41029344BB4402F1C5
:1018F000120ACDE90572BA44219467465C46F34664
:1019000031460AA8F8F7C0FE3146E0750AA8F8F794
:10191000BBFE314620760AA8F8F7B6FE0334A07560
:10192000A245EDD1BC46069A059FDE46BE18344658
:10193000E346764649460AA8F8F7A6FE494684F8E3
:1019400029000AA8F8F7A0FE494684F82A000AA848
:10195000F8F79AFE033484F82800A245EAD1219CC6
:10196000DC46B646F1E6C4EB44135B0003F1FF3AF4
:10197000BA4403F10A0B2194BB4454469A463146BB
:101980000AA8F8F781FE04F8010FA345F7D15346E2
:101990001433219C1F4449460AA8F8F775FE0BF83A
:1019A000010F5F45F7D1C7E5C4EB44135B00C5EBFE
:1019B000451203F1FF3B03F1070A0BEB820BBB441B
:1019C0004FEA441E0AEB820A4FEA451CBA440597C7
:1019D000219467465C46F34631460AA8F8F754FE60
:1019E00004F8010FA245F7D1BC46219C059FDE46B5
:1019F000032371E7C4EB44135B00C5EB4512591E8A
:101A0000053301EB820103EB820307EB010A4FEA86
:101A1000441EFB184FEA451C0597CDF81880219409
:101A20001F465446E046F24631460AA8F8F72CFE17
:101A300004F8010FBC42F7D1C446059F219CDDF894
:101A40001880D6460320012338E6144BC91783FBC0
:101A50000236C1EBE60606EBC601114B0E96A2EB71
:101A6000810283FB0213A3EBE2730F9303EB4303A7
:101A7000A2EB4302BAF1020F4FF000031092119350
:101A800029D0159305930723CDE912331493D9E593
:101A90004FF0FF306FE500BFCDCCCCCC398EE338B2
:101AA000ABAAAA2A1B4BF43AA3FB0236760806EB34
:101AB0004603D21ABAF1020F4FF00003CDE91033FA
:101AC0000E960F921BD0159305930823CDE9123380
:101AD00005231493B6E504201A46089306904FF0A8
:101AE000050E03460592079067E60320059304233D
:101AF00006939E46CDF820A0034607905DE61A4661
:101B0000089305210323042006914FF0060E059249
:101B1000079352E6ABAAAAAA2DE9F043B1F1000857
:101B20002CDD0025A0F1040C00F6FC0E2E46294603
:101B30002F465CF8043F5EF8044F03EB04091B1BBF
:101B4000CCF80090CEF80030DCF80040384684EA4B
:101B5000E470A0EBE4700643384683EAE370A0EB40
:101B6000E3700131884545EA0005E2D1D2E900136E
:101B700031432B43C2E90013BDE8F08300252E4614
:101B8000F4E700BF2DE9F04F8FB0189CDDF86C90A2
:101B9000D4F818800690B8F1000F40F08480566B9E
:101BA000E26A199D64697D48571CC5EBC50E36F97C
:101BB00017C0A24200EB8E0AA1EB0C014FEAC50050
:101BC00080F28881002940F385811A4423440293DE
:101BD000734BCDF86C90034406EB470B03934446DC
:101BE0004646504612F8013F072B4AD050F8237062
:101BF0008369A3EB070E5B46BBF90290B3F9003093
:101C0000A9EB0309B9F1000F0BF1020B41DD069BB3
:101C10000CF18045013D03EB8505CDE9000CA1EBFE
:101C200009090B46AA4600E0B1B35AF8040F8446EE
:101C30008EFB0C5C4FEA8C05CAF80059B44685EA65
:101C4000E57CACEBE57C44EA0C0487FB00508000AB
:101C5000CAF80000354680EAE075A5EBE075013969
:101C6000494548EA0508DFD1029DAA42DDE9000C9A
:101C700012D089B16344A3EB010C12F8013F072B8A
:101C8000B4D1474B199D53F83570039BD3F804E04A
:101C9000B1E7029B9A42A5D1DDF86C90C9E90084B6
:101CA0000FB0BDE8F08F08F1FF30012806D90024FD
:101CB000A046C9E900840FB0BDE8F08F576BA26A57
:101CC000D4F810C007EB42006245B0F9300000EBD9
:101CD000400B1998A1EB0B053049C0EBC00001EB9C
:101CE0008001199802F101060CF101044FEAC000CD
:101CF000DDDA022DDBDD06EB460604EB440403EBE4
:101D0000060C033B23440D93254BCDF86C90002427
:101D10001832034407EB420E0C93A04626460F46AA
:101D20009CF81730072B00F0AC8057F82330059350
:101D30001A46BB699B1A04939CF81830072B00F0D5
:101D4000AD8057F8233003931A46BB699B1A029360
:101D50009CF81930072B00F0AE8057F82390BB6930
:101D6000A3EB090301937346BEF902A0B3F9003057
:101D7000AAEB030ABAF1000F0EF1020E40F3A380A2
:101D8000069B09950AEB4A0ACDE907CBCDE90A7E05
:101D9000A5EB0A0A03EB8B03009406E0B0200208CF
:101DA000A01F0208022D7FF777AF1A68049F114623
:101DB00087FB01018900C3F80019B64681EAE17E7C
:101DC000AEEBE17E059880FB021292001A60B446E9
:101DD00082EAE27CACEBE27C5A68029F114687FB08
:101DE00001018900C3F80419304681EAE170A0EBD3
:101DF000E170039F87FB021292005A60314682EA2B
:101E0000E271A1EBE2719A68019C174684FB07B767
:101E1000BF00C3F80879B34687EAE77BABEBE77B03
:101E2000009C40EA0E0040EA0B000443009489FB4A
:101E3000020292009A60304682EAE270A0EBE27001
:101E400041EA0C01033D0143554548EA010803F10D
:101E50000C03A7D1DDE907CB0D9BDDF82CE09C45F9
:101E6000DDE909073FF418AF022D0CF1030C7FF7F1
:101E700013AF9CF817305844072BA0EB050B7FF4E9
:101E800054AF154B199A53F8323005930C9B5B688D
:101E900004939CF81830072B7FF453AF0E4B199A1C
:101EA00053F8323003930C9B5B6802939CF8193013
:101EB000072B7FF452AF084B199A53F832900C9BC2
:101EC0005B6801934FE70D9B9C453FF4E5AE0CF139
:101ED000030C25E74446E1E6A01F02082DE9F04F78
:101EE000A1B088462B992C9D2A9E2E9F1C460B68DC
:101EF00005EB4303BE4D05EB8313019301F110097C
:101F00004FF0000C4FF0010E8A465AF8043FDAF801
:101F100010100EFA03F3002903F1FF3348DD012905
:101F200000F0648108AD4FEA510B45F82C3005EB09
:101F30008C05BBF1010F6B602ED0BBF1020FC5E920
:101F4000023329D0BBF1030FC5E9043324D0BBF120
:101F5000040FC5E906331FD0BBF1050FC5E90833EF
:101F60001AD0BBF1060FC5E90A3315D0BBF1070F34
:101F7000C5E90C3310D0BBF1080FC5E90E330BD007
:101F8000BBF1090FC5E9103306D0BBF10A0FC5E953
:101F9000123301D0C5E91433CD0708D521F001056E
:101FA00065440DF1800B0BEB850545F8603C8C44D6
:101FB000CA45AAD1B169D2F834B0002940F0868070
:101FC000F56A7369049301266B1C04EB0509CDE9DE
:101FD0001D66C4F1010408AE3BF9132005940BEB18
:101FE0004303844C2E9706EB850B2C9D04EBC50414
:101FF00006940446A8EB020810468C465A460E4644
:10200000A346059C049D4C44A54252DB19F8014FA0
:1020100052F8045FA54252D0671C019DE4074FEAC5
:10202000670705EB870555BF019C019D246855F89E
:1020300027402D68B3F902E01F460233B7F900705C
:10204000AEEB070EC645A8BFC646BEF1000F2DDD9C
:102050000EEB000A0BEB8000CDF808800BEB8A0733
:102060008046CDF80CE058F8040B85FB00E08000BA
:10207000C8F8FC08B64680EAE07EAEEBE07E58F891
:10208000040C4CEA0E0C864684FB0E0E4FEA8E00C2
:1020900048F8040CB64680EAE07EAEEBE07EB84538
:1020A00041EA0E01DFD1DDE9028E5046B8EB0E08A1
:1020B000A7D12E9FC7E9001C21B0BDE8F08F2C9D51
:1020C0004C4C54F83540069D6D68B3E704F1170396
:1020D000484A2C9C02934FF0000C02EBC4020123EF
:1020E000354614936146049200F5106A66466446CC
:1020F0002E97EF6955F8042F039213460BEB470216
:102100004FF0030E128E12FB0E4207F1010E7345C3
:1021100059DB08ABCDE9054B03EB87091837019B69
:1021200007950BEB4708029D0EEB4E042C5D59F80A
:10213000045FA54253D0671C7F10E40703EB8705BB
:1021400046BF1D4653F827401C682D68B8F9027039
:10215000C3460EF1010EBBF900B0A7EB0B07002F31
:1021600008F1020828DD07EB47071744CDF804E023
:10217000A34650F8224085FB04E4A4004AF822401C
:10218000B64684EAE47EAEEBE47E50F822404CEAA8
:102190000E0CA6468BFB0E4E4FEA8E0440F82240F2
:1021A000B64684EAE47EAEEBE47E0332BA4241EA0C
:1021B0000E01DED1DDF804E0039C7445B3DADDE9FD
:1021C000054B079D0193029B01340133032C0293BD
:1021D0008FD12E9FC7E9001C21B0BDE8F08F2C9D48
:1021E000044C54F83540049D6D68AFE76546D8E669
:1021F000B01F0208A01F0208002800F08380C268F8
:10220000002A7FD02DE9F04FD0F8149085B0B9F1B5
:10221000000F74D0D0F818B0BBF1000F6FD0D0F819
:10222000BC370BF50054022BD4F800228A462CD080
:10223000364D002609F5805706F00108D7F8183BFF
:10224000009309EBC61043465946F9F709FCD4F848
:102250000032C8F1000101F4886119442A46504651
:102260000BEB8101EEF766FAD4F800220136A2EBFF
:10227000080202F00702122EC4F800220AF1400AF6
:10228000DAD1002005B0BDE8F08F4D460BF1800398
:10229000039309F510694FF0000805F5805708F021
:1022A0000106D7F8183B0093284633465946F9F7FC
:1022B000D7FBD7F81C3BD4F800220399009305F50F
:1022C00010603346F9F7CCFBD4F800320F4A714264
:1022D00001F48861194450460BEB8101EDF780FF52
:1022E000D4F800228035921B02F007024D45C4F855
:1022F00000220AF1800A08F10108D0D1C1E74FF0AD
:10230000FF30BFE74FF0FF30704700BF401B0208AF
:1023100010B4019C002020705DF8044B1870107000
:102320000870704700B500784FF0FF0E4FEAC00C00
:1023300081F800E02CF01F0C20F01F01117083F8D1
:1023400000C0019B800118705DF804FB008810B587
:102350004FEAD00C4FEA102E2EF0070E2CF0070C8F
:10236000FF240C7082F800E083F800C0029BC000DC
:10237000187010BD00884FEA102C2CF00F0C81F85B
:1023800000C0010921F00F01117000F0F0021A7075
:10239000009B0001187070474FF0FF0C81F800C0DF
:1023A0000178117042781A70009A83781370704720
:1023B00000684FEA106C81F800C0010C1170020A2D
:1023C0001A70009B187070472DE9F04F9C4697B02B
:1023D0000369CDE90E12017A0391002283468DF83C
:1023E0005420002B00F03782D3F800A0BAF1000F80
:1023F00000F0E3808DF855208DF856208DF8572099
:102400001A7A23995B689407DAE90159ACEB010069
:1024100000F1D680259900FB09F090FBF1F011073F
:102420009AF80C1044BFA9EB000000F1FF3004291A
:1024300000F24483654E765C0496654E56F8211092
:102440000891002B40F03682DDE92013994200F319
:10245000C78005FB00F30993039B002B00F04B831F
:102460000F9BCE1A0E9B03EB4606229BA1EB0308A3
:102470000DF1560307930DF155034F1C0693039975
:1024800015AB05930DF15703CDE90A3C05FB08F8A0
:1024900001F101094DE0249B98FBF3F05407099BDF
:1024A000049A0599089C44BF281A00F1FF3018448B
:1024B000DAF8003002FB00300A9B0093DDE90623C6
:1024C000A0479DF85430A8444BB333889DF856106C
:1024D0009DF85520D80800F0F800081A09FB00F014
:1024E000A1EB2021180A00F0F800101A09FB00F0F7
:1024F000A2EB20223748C900D2B201F4F86100EA09
:1025000002220A43DB009DF85710DBB2CB1A09FB0D
:1025100003F3A1EB2321C1F3C40111433180219BBB
:10252000BB4206F10206C0F29783DBF810301A7A3C
:102530000137D307AFD5229BF81A013890FBF5F38A
:1025400005FB1300AAE7239B6422ACEB030302FB09
:1025500003F3259A93FBF2F3C3F16403DBB29945CD
:1025600004D2984200F22F840B9B0693DDE92023CE
:102570009A4222DC069BC3F30741C3F30722D8B279
:10258000039B002B40F0E0830F9D209B0E9C219E1F
:102590005B1B04EB4303023404EB4604A4EB450449
:1025A0000C4DD20002F4F86205EA01210A4342EA26
:1025B000D00223F8022B9C42FBD117B0BDE8F08F6C
:1025C00090FBF9F109FB110029E700BF3C23020849
:1025D0002823020800F8FFFF0000C842DDF84CC0C5
:1025E000DBF80CB0BBF1000FE7D0DBF80850209C03
:1025F00095F800906B680C95069349462A46ED685D
:10260000002DFBD19BF80030107852682094089080
:102610000B92002B00F0B680259A249902FB02F25F
:1026200001FB012207EE902AF8EEE77AB1EEE77A95
:10263000BDEEC77AAE4617EE102A52100792DDE9BA
:1026400020129142B9DC0C4692462499229A259890
:10265000DDED077A1FED207A02EB6101239A0991E3
:10266000ACEB0202A2EB600202FB02F20A920A1B2E
:1026700005FB02EE0F986FF0630202FB05F5642282
:10268000A4EB000CF8EEE77A0E9802FB0EFE039A1C
:10269000C7EE276ACDE9045B00EB4C0C002702F182
:1026A0000108002B42D1079B9EFBF3F3C3F13203D9
:1026B0004B454EDD089A93424DDB0B9F0398BCF8C7
:1026C0000020C7F30743C7F30721FEB2C8B1100AC1
:1026D00000F0F800181A08FB00F0A3EB2020C3B2AA
:1026E000D008D20000F0F800D2B2081AB21A08FBE3
:1026F00000F008FB02F2A1EB2020A6EB2222C1B2DF
:10270000D6B2AA4AC90002EA032301F4F8610B43D6
:1027100043EAD6032CF8023B0134049BA2459E44B5
:10272000FFF64BAF059B1B78002BBCD0099B0A9A88
:10273000E31A03FB032307EE903AF8EEE77AB1EED3
:10274000E77A66EE877AFDEEE77A17EE903A4B4528
:10275000B0DC069FB2E70C9EF2683178002AADD05B
:10276000DDE9045B00E0024608468342117802DBA3
:102770008B4240F32382D06816460028F3D1CDE97E
:10278000045B9BE7DBF80420002A3FF4DCAE5A2A06
:1027900000F0658282EAE271A1EBE271B1F5B47FEB
:1027A00000F39D811546002DB8BF05F5B4755A2D6F
:1027B00040F34982A5F15B01592940F24282A5F11B
:1027C000B506592E40F21F837949C5F5B47531F825
:1027D00015506D425A3282EAE276A6EBE276B6F501
:1027E000B47F0ADD734E86FB02671744D617C6EB2B
:1027F00027264FF4B47707FB1622002AB8BF02F54C
:10280000B4725A2A40F32582A2F15B06592E40F297
:102810001E82A2F1B506592E8ABFC2F5B47231F8F4
:10282000162031F812205242249905FB01F6259911
:10283000002E02FB01F1B8BF76420029B8BF494221
:10284000711807912399ACEB010E2599AEEB610E3F
:1028500002FB0EFEF3E6D0F80CB0BBF1000F7FF4E4
:10286000C4AEDDE920239A423FF7A7AE269BC3F30F
:102870000740C3F30721DAB2039B002B40F0C88264
:102880000F9D209B0E9C219E5B1B04EB4303023497
:1028900004EB4604A4EB4504444DC90001F4F8617F
:1028A00005EA0020014341EAD20223F8022B9C42B0
:1028B000FBD182E683EAE371A1EBE371B1F5B47F6A
:1028C00000F301811E46002EB8BF06F5B4765A2EDD
:1028D00040F3AC81A6F15B01592940F2A581A6F134
:1028E000B507592F40F289823149C6F5B47631F8DF
:1028F000166076420A965A3383EAE376A6EBE376CD
:10290000B6F5B47F0ADD2B4E86FB03671F44DE1746
:10291000C6EB27264FF4B47707FB1633002BB8BF5E
:1029200003F5B4735A2B40F38881A3F15B06592E4B
:1029300040F28181A3F1B506592E8ABFC3F5B47365
:1029400031F8163031F813305B4210934FEA6903C7
:102950000B930A9BA0EB690003FB00F31193109B00
:1029600003FB00F30C93DDE9201399423FF738AEE7
:102970000F9BCE1A0E9B03EB4606229B4F1CA1EB2E
:1029800003080DF1560107910DF15501069115A9A6
:1029900005910DF157010D9103996B100131CDE9AE
:1029A000121C05FB08F8099382E000BF00F8FFFF46
:1029B00044230208B7600BB6229BFB1A013B93FB32
:1029C000F5F105FB1133520748BFEB1A099A0A9932
:1029D000DAF80000089C48BF03F1FF339B1A0C9AF9
:1029E00001FB03220B9901EBE232109901FB03F387
:1029F00011995B1A099922EAE27201EBE3334A4525
:102A000023EAE373A8BF09F1FF32AB42A8BF05F187
:102A1000FF3305FB0233049A059902FB03000D9B6B
:102A20000093DDE90623A0479DF85430ABB39DF831
:102A30005530039C30889DF856209DF857101FFA9A
:102A400083FC6346FCB14FEA102E129C0EF0F80E88
:102A5000ACEB0E0C04FB0CFCA3EB2C2C5FFA8CF300
:102A60004FEAD00CC0000CF0F80CC0B2A2EB0C0C7A
:102A7000081A04FB0CFC04FB00F0A2EB2C22A1EBD7
:102A80002020D2B2C1B2AC48D20000EA032302F443
:102A9000F862134343EAD1033380219BBB4206F122
:102AA0000206A844FFF69AADDBF810301A7A013717
:102AB000D10781D4249B98FBF3F384E79F490891C5
:102AC00000210491BDE49E4E86FB03611944DE178C
:102AD000C6EB21264FF4B47101FB1636F3E6984D90
:102AE00085FB02511144D517C5EB21254FF4B47174
:102AF00001FB152557E60F9B0E99DFF83C825B0022
:102B000083F00103DB4301EB0309229B2099CDF8FD
:102B10002890CF1A0DF1560307930DF15503069334
:102B200015AB05930DF15703DDF82090CDF820C0CB
:102B300005FB07F74E1C1C4603E0DBF810301A7A41
:102B40000136229B0599F01A12F0010F00F1FF30B7
:102B50000BBF249B90FBF5F397FBF3F005FB1300F1
:102B60005207099B049A44BF281A00F1FF30184409
:102B7000DAF80030009402FB0030DDE90623C84794
:102B80009DF854302F449BB19DF855309DF8562048
:102B90001B0443EA02235A0902F4F86208EA1323E9
:102BA00013439DF8572043EAD2030A9A22F81630BD
:102BB000219BB342C1DADDF820C011E5377ACDE9B7
:102BC000045B3D467768002D3FF478AD81423FF4C9
:102BD00075AD1B1A091AC3EB0323B3FBF1F6536857
:102BE000F6B28DF854601D4601365FFAA7F05FFA21
:102BF000A5F1411A06FB01F1A0EB21205FFA97F144
:102C00005FFA95F28A1A06FB02F2A1EB2221FAB2D0
:102C1000EBB2D31A06FB03F3A2EB232242EA012212
:102C200042EA004B5F4649E5C6F1B406454931F832
:102C300016600A965FE6C3F1B40331F813301093BF
:102C400084E6C5F1B4053F4931F81550C2E5C2F13B
:102C5000B40231F81220E7E5DDF82CC0C0E4219B76
:102C60009C423FF7AAAC9846229BDDF890E0E71A19
:102C70000F9BA4EB030C0E9B03EB4C0C642303FB98
:102C800007F7039B03F1010B39E0089A93423DDB00
:102C90000B9D0398BCF80010C5F30743C5F307224A
:102CA000EEB2C8B1080A00F0F800181A0BFB00F0E9
:102CB000A3EB2020C3B2C808C90000F0F800C9B2D5
:102CC000101A711A0BFB00F00BFB01F1A2EB202094
:102CD000A6EB2121C2B2CEB21749D20001EA0323EA
:102CE00002F4F862134343EAD6032CF8023B209B1C
:102CF00001339845209307F16407FFF65EAC97FB1C
:102D0000FEF3DBB24B45C0DC069DC2E70C9EF268C9
:102D10003178002ABDD0209C00E00246084683425C
:102D2000117802DB8B4240F3B280D068164600284F
:102D3000F3D12094ADE700BF00F8FFFF1123010895
:102D4000B7600BB6442302080F9B209C0E9D864F54
:102D5000E41AAE1C05EB4404219D06EB4506039DD9
:102D6000A6EB4306013523884FEA132C4FEAD30E16
:102D70000CF0F80C0EF0F80EA1EB0C0CA2EB0E0E02
:102D8000DB0005FB0CFC05FB0EFEDBB2A1EB2C2CE3
:102D9000A2EB2E2EC31A5FFA8CFC4FEACE0E05FB77
:102DA00003F307EA0C2C0EF4F86EA0EB23234CEA95
:102DB0000E0CC3F3C40343EA0C0324F8023BA642FF
:102DC000D1D1FFF7FABB81453FF4CEAB0C9AD26864
:102DD000002A00F0C6800C9D00E00246084698429A
:102DE000117802DC994280F08780D068154600286F
:102DF000F3D120940690FFF7B9BB5C4931F8176016
:102E000076420A9677E5594931F816506D42E1E469
:102E10000F9B209C0E9D544FE41AAE1C05EB4404FE
:102E2000219D06EB4506039DA6EB4306013523884D
:102E30004FEA132C4FEAD30E0CF0F80C0EF0F80EFC
:102E4000A0EB0C0CA1EB0E0EDB0005FB0CFC05FB54
:102E50000EFEDBB2A0EB2C2CA1EB2E2ED31A5FFAC8
:102E60008CFC4FEACE0E05FB03F307EA0C2C0EF4A4
:102E7000F86EA2EB23234CEA0E0CC3F3C40343EA1F
:102E80000C0324F8023BA642D1D1FFF796BB357A5A
:102E900020942C467568002C3FF4FBAE81423FF431
:102EA000F8AE1B1A091AC3EB0323B3FBF1F6536800
:102EB000F6B28DF854601C4601365FFAA5F05FFA51
:102EC000A4F1411A06FB01F1A0EB21205FFA95F174
:102ED0005FFA94F28A1A06FB02F2A1EB2221EAB20F
:102EE000E3B2D31A06FB03F3A2EB232242EA012248
:102EF00042EA004A5546CCE62E462D7A7668209462
:102F00000696002D3FF432AB81423FF42FAB1B1AE3
:102F1000091AC3EB032393FBF1F5EDB257680135B2
:102F200034465FFAA4F05FFAA7F1411A05FB01F1FC
:102F3000A0EB21205FFA94F15FFA97F28A1A05FB61
:102F400002F2A1EB2221E2B2FBB2D31A05FB03F39A
:102F5000A2EB232242EA012242EA00460696FFF74C
:102F600005BB0695FFF702BB00F8FFFF44230208EC
:102F700010B504460C2001F0DDF800220470C0E911
:102F8000012210BD70B138B5846805462CB12046C9
:102F9000E46801F0D7F8002CF9D12846BDE83840A4
:102FA00001F0D0B8704700BF642900D970472DE9FF
:102FB000F047814610200E4690469A4601F0BAF836
:102FC000D9F8084006700027C0F8048080F808A0EF
:102FD000C7602CB916E011D8E56827465DB12C46CC
:102FE0002178B142F7D184F808A0C4F80480BDE884
:102FF000F04701F0A7B8E060BDE8F087C4600FB10A
:10300000F860F9E7C9F80800BDE8F087416070474B
:1030100070B50E4604462421012001F06FF801230B
:10302000054606708372062E25D8DFE806F01A1AC8
:10303000151504041F001021012001F05FF8002382
:10304000C5E9073368602CB12346E469002CFBD145
:103050002B62DD61284670BD1421012001F04EF87D
:10306000EDE71C21012001F049F8E8E718210120D3
:1030700001F044F8E3E701F065F80025EAE700BF56
:1030800038B338B50446236A6068E5698BB1DD6101
:1030900045B12B6208B101F055F82046BDE8384033
:1030A00001F050B80028F6D12046BDE8384001F0C4
:1030B00049B8002DF6D02B6230B101F043F820461C
:1030C00001F040F82C46DEE7204601F03BF82C46A4
:1030D000D9E7704701617047C1607047017270475E
:1030E0008172704710B49942019C02DC9C460B46E9
:1030F0006146A24202DCA446144662464068C0E92A
:103100000034029B0361C0E902125DF8044B704772
:1031100040688360009BC360C0E90012704700BF35
:1031200010B44068019C80E81E009DF80820039BB5
:1031300002745DF8044B4361704700BF2DE9F04F06
:103140009DB0BDF898500A93AA4273D85B1A013318
:103150005F0000286ED0CDE90B708A4691460C9F27
:10316000CDF824A0AA46BB7A002B53D03B78062B7F
:1031700050D8DFE813F09900990062006200070060
:1031800007003C017868D0E90113CC1A4C4541DABC
:10319000CD184D453EDD0668099A9D19AA4239DAD7
:1031A0000A9AF51AAA4235DDA9EB010103FB03FCDB
:1031B00001FB11C107EE901AF8EEE77AF5EEC07A3E
:1031C000F1EE10FA26D4F1EEE76A07EE906AF8EE17
:1031D000E77A5B0036EEA77AC1680691BDEEC77A42
:1031E000CDE9043377EEE67A17EE103AFDEEE77A92
:1031F0009342A8BF13460193099A279917EE903A74
:103200009342B8BF13460093CDE902544B4638466B
:10321000FFF7DAF8FF69002FA5D109F101031FFAC2
:1032200083F90B9A279B554613444D45DDF824A09E
:10323000279394D21DB0BDE8F08F7C686168494542
:10324000E8DCD4F80CC0CC45E4DBD4F808E0099AFB
:103250007245DFDC20680A9D8542DBDB8242B8BF15
:1032600002467545A8BF7546032B164600F05681E9
:10327000494500F05381CC4500F05081099B8342C1
:1032800040F368827545C5D12169D4E900300691C3
:10329000E1680293091AEB1A01310133CDE90055B7
:1032A00003900591049349E17C6860684845B1DC6E
:1032B000D4F81480C845ADDBA568D4F800E0D4F894
:1032C00010B0099A75452946B8BF71468B455E46D0
:1032D000B8BF0E46B2420D969CDC7545AC46A8BF01
:1032E000F446E3450A9A5E46A8BF6646B2420E9689
:1032F00090DBE2680F92904200F0D281754500F0B9
:10330000E781A5EB0E06A9EB000202FB06F2109284
:103310000F9A1292161A109A92FBF6F67644B4455A
:10332000CDE9146640F311810F9A904500F0628256
:1033300000220121CDE91221CDE910121146AB4541
:1033400000F016810F9AABEB050CA9EB020606FB09
:103350000CFCA8EB0206109A9CFBF6F60DF1700C23
:103360000CEB820C2E44119A4CF8206C0DF1700C71
:103370000CEB820CAB454CF8206CDC46A8BFAC468D
:10338000664505DB5D45B8BF5D46AE4240F30A8148
:10339000404500F03E82F34500F00482109A1CADD7
:1033A00005EB820C119A05EB8206A9EB0802AEEB45
:1033B0000B0502FB05F5F345A0EB080295FBF2F5C2
:1033C0005D444CF8205C46F8205C5E46A8BF76461B
:1033D000B54206DBF3455E46B8BF7646B54240F3DC
:1033E000068100293FF416AFDDF850C003E17C6888
:1033F000D4F804B0CB453FF70DAFE66873785B4473
:103400004B457FF707AF96F80080A06825680F90BE
:1034100008F1FF384FEAE80808F10108B8F1040F95
:103420000E953FF7F7AE00F0B7FB3378099A0D9091
:10343000109003FB00500138824229463FF7EAAE64
:103440000A9D8D42FFF6E6AE91420D46B8BF154685
:10345000AE460A9D8542A8BF0546AC46E64565696D
:1034600011953FF7D7AE109AAEEB010595FBF3F13E
:103470008A427FF7CFAEB8F1010FA9EB0B0BA5EB9A
:103480000E0E00F0CC810EEB0C0296460E9A1097B1
:10349000801A421C4FEAC80001384FF0010C12920A
:1034A0000CFA00F20F9FCDF84CA0CDF83C901846D6
:1034B000F14692462CE096F809C094452CD3D21AD6
:1034C000D3B2727800FB115103FB02B3706808FBA2
:1034D00003F3B8F1020F00EB030C00F0DF80B8F14A
:1034E000030F00F0EB80C358207C08B143EA53037C
:1034F0008B4013EA0A0F40F0B7804D4500F0C980B9
:103500000D9B3078013595FBF0F18B4240F3C18083
:103510007A5C337A9A42CED20023D2E723690693AB
:10352000ACEB010C0CF10103AEEB000ECDE9020196
:10353000CDE9006505930EF101030493099A2799DB
:103540004B463846FEF740FF64E6B142B4BF002167
:103550000121129A49004E1C90451191109600F0DD
:10356000158100220126AB45CDE912267FF4EAAE93
:103570000F9E4645A8BF46464E453FF709AF0F9EF2
:103580004645B8BF46464E45FFF602AF109A1CAE00
:1035900006EB8206119A46F8205C1CAE06EB82060A
:1035A00046F8205C0231C9B24A1C40451191109284
:1035B00000F00781F3457FF4F1AE40450546A8BF12
:1035C00045464D453FF710AF40450546B8BF454617
:1035D0004D45FFF609AF109A1CAD05EB8205119A17
:1035E00045F820BC1CAD05EB820545F820BC023136
:1035F000DDF850C0C9B2099A65460DF1700E8E1EF5
:103600000EEB810151F8241C8D42B8BF0D460EEB24
:10361000860151F8201C8C45A8BF8C4616F0FF018E
:10362000EBD196460992DDE90D21561A0A9AF44526
:10363000B8BFF4469542A8EB0001A8BF1546012B80
:10364000D4F818E006F1010601F1010102D0129B45
:10365000002B5AD00E9BCDF800C0CDE9051ECDE958
:103660000306CDE9015369E7119B0693129B05926E
:103670000493636803930E9B02932B44CDE90033BC
:10368000099A0F9B27991098FEF79EFE4D457FF4EF
:1036900037AFDDE90F97DDF84CA0BBE5C35A23E750
:1036A000484500F01681AB4500F00481002201215D
:1036B000CDE9122110911192114643E6C05C9CF8AD
:1036C00001309CF802C01B0243EA0C4303430BE7A2
:1036D00082421146A8BF014649453FF725AE8242C6
:1036E0001146B8BF01464945FFF61EAE9045CDE9EB
:1036F000145500F02C8100224FF0010CCDE9122C62
:10370000022103221191109219E60E9BDDF824800C
:10371000CDF800C0CDE9051ECDE90306CDE901C312
:1037200027994B4642463846FEF74EFEA36961682C
:10373000069363690E9A02925B1A01330391059313
:10374000CDE90055279904964B4642463846FEF788
:103750003BFE5FE522690096AEEB000EACEB010C80
:103760000EF101030CF1010CCDE90313CDE905C203
:10377000CDE90160099A27994B463846FEF724FEA9
:10378000D4F808E075457FF445AD7DE5C84500F007
:10379000FC800022404512927FF4FDAD00293FF4E9
:1037A00039AD21E640450546A8BF45464D453FF7A2
:1037B00018AE40450546B8BF45464D45FFF611AE2B
:1037C00009E748457FF410AE119A1CAD05EB82065F
:1037D000109AF34505EB820C5D46A8BF7546F3458C
:1037E00046F8205C139A12925D46B8BF75464CF8B5
:1037F000205CFCE6C84500F08B8040453FF40AADF4
:10380000F34577D000220121CDE910121292114622
:10381000C4E54845D8D000293FF4FCACE4E50E9A55
:10382000CDF848A0801A01300E97DDF834A00F9F24
:103830001090CDF83C900EEB0C0891461CE096F8E9
:1038400009C094451CD3121AD2B2707803FB1151EF
:10385000736802FB0033227C13F80B300AB143EA91
:1038600053038B401B060DD4A8451ED03378013579
:1038700095FBF3F18A4518DD7A5C307A8242DED21C
:103880000022E2E7119B0693109B05900493636866
:10389000099A27990E98CDE9029309EB0503CDE922
:1038A00000330F9BFEF790FDDEE7DDE90E79DDF8D2
:1038B00048A0AFE480454146A8BF014600224945E3
:1038C00012924FF0010111DC1391109111921146E7
:1038D00055E6C845CDE914C146D002220121CDE903
:1038E00012120321CDE91012114628E5CDE910127C
:1038F000114650E540450146A8BF414649453FF7BE
:1039000089AC00220121CDE910121292114650E734
:1039100000264FF0010C31461CAAAB4502EB86068F
:1039200001F1020102EB8C0CC9B25A46A8BF2A462B
:103930005D4546F8202CB8BF5D464A1C40454CF812
:10394000205C1191109239D00122129232E6C845C2
:103950002FD0404529D0F3451AD000220221CDE9CD
:1039600011120322109219E5AB4559464FF003029C
:10397000A8BF29465D451691B8BF5D460421139244
:1039800005221795119110921EE7B4460E46C3E723
:1039900040450146A8BF4146494506DC03220221B5
:1039A000CDE910210022129203E700221292022197
:1039B0001AE502264FF0030C3146ADE702221392BE
:1039C00002E700BF10B40378062B0CD8DFE803F041
:1039D0001E1E0E0E040404004368D3E90040214477
:1039E0001044C3E900105DF8044B704743689868C1
:1039F0001C680C44014499605868D9681C601044E4
:103A000011445DF8044B5860D960704743681C68E6
:103A100098680C4408441C601C69986058682144EC
:103A2000196184185969D8685C60104411445DF8C4
:103A3000044BD8605961704700283ED0F0B583B080
:103A40000378062B0CD8DFE803F010102A2A0404B0
:103A500004004368D3E900540D441444C3E90054FE
:103A6000C0690028ECD103B0F0BD43685C690194E3
:103A70001C681F695E68DD6804EB010C9C68C3F874
:103A800000C004EB010E019CC3F808E00F4416448B
:103A9000154414441F615E60DD605C61E0E74368CB
:103AA000D3E901561F68DC680F440E4415441444E2
:103AB000C3E901561F60DC60D2E77047002A0ADDC7
:103AC0000139024403E000F8013B904203D011F8B1
:103AD000013F002BF7D100230370704770B50378C6
:103AE00004460D46164623B10130EDF701F80130CA
:103AF0000444002E0ADD691EA21903E004F8013B0C
:103B0000944203D011F8013F002BF7D1002323701A
:103B100070BD00BF38B5037804460D4623B10130AF
:103B2000ECF7E6FF013004442B782BB104F8013B9D
:103B300015F8013F002BF9D10023237038BD00BFD9
:103B40000B782BB100F8013B11F8013F002BF9D1A4
:103B500000230370704700BF38B5057895B1441C49
:103B60002046ECF7C5FF0121023000F0C7FA0346FA
:103B700078B103F8015B25780134002DF9D10022DA
:103B80001A7038BD0121084600F0B8FA0346002833
:103B9000F5D1002038BD00BF08B5037823B101304E
:103BA000ECF7A6FF013008BD184608BD0EB42DE99C
:103BB000F04F82B00BAD55F8047B0195002868D01A
:103BC0000646A9468246002407F10108D9F80030CC
:103BD000581C1B7809F10409CDF804908BB1ECF75F
:103BE00087FF01340346BAF1010F40461C440BD055
:103BF0003B781BB1ECF77CFF013404440AF1FF3A37
:103C0000E4E7BAF1010AE1D1601C012100F076FA83
:103C10008346A0B3AA464FF000090BF10108DAF879
:103C200000502C780AF1040ACDF804A02CB39BF8BC
:103C3000003053B34046ECF75BFF431C5B4403F892
:103C4000014B15F8014F002CF9D1012E1C7016D034
:103C50009BF80030DBB14046ECF74AFF421C5A4467
:103C60003B7833B1394602F8013B11F8013F002B94
:103C7000F9D182F80090013ED1E7013ECFD15846FC
:103C800002B0BDE8F04F03B070475B46D7E75A4635
:103C9000E6E70121084600F031FA83460028EED01D
:103CA0000195ECE730B5002291B0CDE90422CDE9D1
:103CB0000622CDE90822CDE90A22CDE90C22CDE980
:103CC0000E22734B73491A6C42F400421A641A6C48
:103CD00002F400420292029A1A6B42F002021A6344
:103CE0001A6B02F002020192019A1A6B42F0010271
:103CF0001A631A6B02F001020092009AD1F80428AC
:103D000042F48002C1F804285968634A21F03F0157
:103D100041F019015960D3F884100A4042F49742E7
:103D200042F00902C3F884201A6842F080621A60E7
:103D30001A68110103D400BF1A681201FBD5544C54
:103D40005648A36823F40003A36028220223CDE988
:103D50000A2300250323CDE90C350DEB02010623D0
:103D60000122CDE90E23F1F75BFC4FF400430AA9D1
:103D70004B480A93F1F754FC236B4A4A43F400136F
:103D80002363236B03F400130393039BD368C3F3F0
:103D90000223C3F10702191D042A28BF04220629A1
:103DA00088BFDD1E4FF0FF339340DB4303F0010378
:103DB000AB403D4A1B01DBB282F810334FF4803335
:103DC00013603A4B3A48D3F8882022F06062C3F877
:103DD0008820D3F8882022F0C00242F04002C3F8C5
:103DE0008820D3F8882022F4403242F40032C3F80D
:103DF0008820D3F8882022F4907242F48072C3F8AD
:103E00008820D3F8882022F40072C3F88820D3F8E1
:103E1000882042F48062C3F88820D3F8882022F4F6
:103E2000C05242F40062C3F88820D3F8882022F4FC
:103E3000C04242F40052C3F88820D3F89C2042F0DC
:103E40000402C3F89C20D3F89C2042F00302C3F87C
:103E50009C20D3F8882022F0C07242F08072C3F810
:103E60008820D3F8882022F4C002C3F888200024D8
:103E70004AF6444200234FF4007504A9CDE9082313
:103E8000CDE90454CDE90644F1F7DAFC11B030BDB8
:103E900000380240003002403F80FF8F00040240A3
:103EA0000000024000ED00E000E100E000600240A0
:103EB000003C004070B58E4606462A492A488D5C73
:103EC000F16941F4406182B0F16103C802AC04E9D8
:103ED00003005EF8051021F001014EF805105EF8B0
:103EE0000510032A8CBF0EF10C000EF10800CC0760
:103EF0000EEB050C04D500BFDCF80040E107FAD456
:103F000008326A440C3612F8081C3F228A400260CC
:103F100056F8082C42F0020246F8082C5EF80520FC
:103F200022F4802222F006024EF80520DCF814204C
:103F300022F08002CCF814205EF8052042F018022E
:103F40004EF80520CCF80860CCF80C30069BCCF875
:103F500004305EF8053043F001034EF8053002B03E
:103F600070BD00BFFC230208586F01081A4B30B522
:103F70009C5C0B4601EB040C1849864603C983B0D0
:103F800002AD05E90300DEF8041021F00201CEF8CD
:103F90000410195921F001011951032A8CBF03F1B2
:103FA0000C0003F108001B59D90704D500BFDCF849
:103FB0000030DB07FAD402F108030DEB03023F23C4
:103FC00012F8082C93400360DEF81C3023F4806361
:103FD000CEF81C3003B030BDFC230208586F010836
:103FE000F0B5AFB000230D4607463E49164606A879
:103FF000A022CDE90033CDE90233CDE9043301F04D
:104000000EF8B5F5FA5F1CD0B5F57A5F5ED045F2D3
:1040100022639D425CD0B5F5FA4F5BD04AF644432B
:104020009D4259D04BF680339D4257D02E4B9D4236
:1040300056D02E4B9D4208BF29AB03D001202FB094
:10404000F0BD06AB012E94BFD3E90104D3E903040C
:104050000028F3D0FB69264923F48063FB61254BDC
:104060001A6822F080621A60D1F8042842F48002B3
:10407000C1F804285A68204922F03F0242F0190290
:104080005A60D3F884201140214341EA80114FF057
:104090008062C3F884101A601A68110103D400BF4B
:1040A0001C682201FBD50023039305934FF4007293
:1040B000002369463846CDE9002302960495F1F7BE
:1040C000BFFB003818BF01202FB0F0BD0BABB9E724
:1040D00010ABB7E715ABB5E71AABB3E71FABB1E76A
:1040E00024ABAFE7606F01080077010000EE02002B
:1040F00000300240003802403F80FF8F024B0A46EA
:104100000146186800F002B8D400002070B5A1FB89
:10411000025434B9294600F03FF8064628B9304623
:1041200070BD0C2202600026F9E72A46214600F005
:10413000D0FEF4E7024B0146186800F02DB800BF2E
:10414000D4000020024B0146186801F0D1BD00BF29
:10415000D400002070B50F4E0C463168054611B9E9
:1041600000F00EFF30602146284600F009FF431C96
:1041700003D14FF0FF34204670BDC41C24F003046B
:10418000A042F8D0211A284600F0FAFE0130F2D100
:10419000EFE700BF3C3700202DE9F843CD1C25F0A8
:1041A000030508350C2D38BF0C25002D064601DB14
:1041B000A94204D90C2333600020BDE8F883DFF85E
:1041C000D48000F069F8D8F800301C4644BB29467A
:1041D0003046FFF7BFFF431C044658D1D8F80040D3
:1041E0002746002F43D1002C4BD023683946304658
:1041F00004EB030900F0C4FE814542D121686D1A29
:1042000029463046FFF7A6FF01303AD023682B44F9
:104210002360D8F800305A6862BBC8F800700FE01D
:104220002268521B20D40B2A17D96119A34225609A
:1042300018BF5960636808BFC8F8001062514B602E
:10424000304600F02FF804F10B00231D20F007008A
:10425000C21A1CBF1B1AA350AFE76268A3420CBF6F
:10426000C8F800205A60EBE723466468AEE73C4696
:104270007F68B6E71A465B68A342FBD10023536010
:10428000DEE70C233360304600F00CF894E705605D
:10429000D6E700BF40370020014800F0BEBE00BF97
:1042A00084380020014800F0B9BE00BF84380020E7
:1042B000024B0A460146186800F002B8D4000020FC
:1042C0002DE9F041074614460D4621B9BDE8F041FD
:1042D0001146FFF761BF2AB901F00AFD25462846BD
:1042E000BDE8F08102F0C8F88442064602D8B4EB7B
:1042F000500FF4D821463846FFF74EFF804608B9E4
:104300004546ECE7B4422246294628BF324600F033
:1043100086FE2946384601F0EBFCF1E7F0B51F4C6C
:104320008BB005460B466E4604F1200C2068616890
:10433000374603C7083464453E46F7D121793971C1
:10434000911E2068386022294FF0000104D91970AD
:104350000B4618460BB0F0BD581E8446B5FBF2F76D
:1043600002FB175628366E440C4616F8286C0CF8DB
:10437000016F2E46B24201F101013D46EED9002205
:104380005A541919A51AAA42E3DA10F8015F0E78F7
:104390000670013201F80159F4E700BF0424020855
:1043A000FFF7BCBF2DE9FF4757EC106B002F0C4601
:1043B00019463B46BBBF07F100431F4600232D2390
:1043C0000B700D9BDDF830A0914623F02008BCBF98
:1043D00032461646B8F1460F05D0B8F1450F00D168
:1043E0000134022100E0032103AB019302AB0093EF
:1043F00047EC106B5346224600F0AAFEB8F1470F77
:10440000054619D119F0010F0ED000EB0409002266
:10441000002330463946ECF797FF08B1CDF80C90F1
:104420003022039B4B451ED3039B0E9A5B1B2846F1
:10443000136004B0BDE8F087B8F1460F00EB040943
:10444000E5D10378302B0AD10022002330463946CB
:10445000ECF77AFF18B9C4F10104CAF80040DAF8A1
:1044600000309944D3E7591C03911A70D9E7F7B586
:104470000029BABF49422D232B230929027043701A
:1044800029DD0DF107031D460A271A46B1FBF7F691
:1044900007FB1614303402F8014C0C46632C03F170
:1044A000FF333146F1DC3031941E03F8011C411C0E
:1044B0002346AB420AD30DF109039B1AAC4288BFD5
:1044C000002302330344181A03B0F0BD13F8016B44
:1044D00001F8016FEDE7302330318370C170031DA7
:1044E000F1E700002DE9F04F8DB00C46DDF8588063
:1044F00016461F46054600F00BFD03680493184658
:10450000ECF7F6FA00230A93D8F800300590073349
:1045100023F0070303F1080294F818A0D4F800B0C0
:10452000C8F80020D3E9008929F000430793CDF8AB
:104530001880C4E91289DDE906019C4B4FF0FF3277
:10454000ECF734FF70BBDDE90601984B4FF0FF320A
:10455000ECF70EFF30BB0022002340464946ECF743
:10456000FDFE10B12D2384F84330914A914BBAF1EE
:10457000470F8CBF90469846032323612BF004031A
:1045800023604FF00009009733460BAA21462846C6
:1045900000F0D2F9013040F08D804FF0FF300DB0C7
:1045A000BDE8F08F42464B4640464946ECF7FEFEDA
:1045B00040B14B46002BBCBF2D2384F843307E4ACC
:1045C0007E4BD4E763680AF0DF0206925A1C3BD1A7
:1045D000062363604BF480620023226003930AABDE
:1045E000CDE901A309AB0093616849EC108B0DF193
:1045F00023032846FFF7D6FE069B0999472B8046E2
:1046000029D1C81C02DB6368994241DDAAF1020A84
:104610005FFA8AFA0139524604F150000991FFF716
:1046200026FF0A9A1318012A8146236102DC2268B8
:10463000D20701D5013323619DF82330002BA2D08E
:104640002D2384F843309EE7069A472AC2D1002BD7
:10465000C0D10123BDE7BAF1650FDBD9BAF1660F0E
:1046600018D1002963680BDD216113B92268D007D6
:1046700002D501330B442361A1654FF00009DBE74C
:1046800013B92268D20701D50233F4E70123F2E718
:104690004FF0670A0A9B994205DB23682161D8071E
:1046A000EAD54B1CE7E70029D4BFC1F10202012281
:1046B0001344E0E723685A0507D42369424631468C
:1046C0002846B84701302BD167E7BAF1650F40F2B1
:1046D000DD80D4E9120100220023ECF735FE00282A
:1046E00033D0374A012331462846B84701303FF4DA
:1046F00054AFDDE90938434502DB2368D8070FD5FD
:10470000DDE9042331462846B84701303FF445AF80
:104710004FF0000908F1FF3804F11A0AC84509DC16
:1047200023689B0700F10381E0680B9B9842B8BFA8
:10473000184634E70123524631462846B84701302F
:104740003FF42BAF09F10109E8E7099B002B39DCA5
:104750001B4A012331462846B84701303FF41DAFBC
:10476000DDE9093959EA030302D12368D907D7D50E
:10477000DDE9042331462846B84701303FF40DAF48
:104780004FF0000A04F11A0B099B5B42534501DC10
:104790004B4693E701235A4631462846B847013035
:1047A0003FF4FBAE0AF1010AEEE700BFFFFFEF7F27
:1047B0002D24020829240208352402083124020885
:1047C00039240208A36DDDF828A05345A8BF53463D
:1047D000002B994636DC4FF0000B29EAE97904F109
:1047E0001A02A36D0693A3EB09035B4531DC099B19
:1047F0009A453ADC2368DA0737D4099BAAEB030908
:10480000069BAAEB03039945A8BF9946B9F1000F8F
:1048100033DC4FF0000829EAE97904F11A0B099B0F
:10482000AAEB0303A3EB090343457FF779AF012309
:104830005A4631462846B84701303FF4AEAE08F13B
:104840000108ECE7424631462846B8470130C2D15C
:10485000A3E60123314628460692B84701303FF4CB
:104860009CAE069A0BF1010BBBE7DDE90423314650
:104870002846B8470130C0D18FE6069A4B464244DD
:1048800031462846B8470130C3D186E6DDF828A076
:10489000BAF1010F01DCDB0736D501234246314670
:1048A0002846B84701303FF478AEDDE904233146AD
:1048B0002846B84701303FF470AED4E91201002217
:1048C00000230AF1FF3AECF73FFDC0B9534608F167
:1048D000010231462846B84701300CD15DE601237C
:1048E0005A4631462846B84701303FF456AE08F1E3
:1048F0000108D045F3DB4B4604F15002DFE64FF0F0
:10490000000804F11A0BF4E701234246E1E7012312
:104910004A4631462846B84701303FF43EAE08F1DA
:104920000108E3680B995B1A4345F0DCFCE64FF0A5
:10493000000804F11909F4E72DE9F04716469846F6
:104940008A680B69DDF820909342B8BF1346336044
:1049500091F8432007460C460AB1013333602368BF
:10496000990642BF336802333360256815F00605A7
:1049700006D104F1190AE36832689B1AAB4226DCBF
:1049800094F843302268003B18BF012392062BD4D1
:1049900004F1430241463846C84701301ED023681F
:1049A000226903F00603042B02BFE5683368ED1AA1
:1049B000A3680CBF25EAE57500259342C4BF9B1A86
:1049C000ED1800261A34B5421AD1002008E0012360
:1049D000524641463846C847013003D14FF0FF30B8
:1049E000BDE8F0870135C6E7E1185A1C302081F890
:1049F0004300224494F8451082F843100233C7E77D
:104A00000123224641463846C8470130E6D00136E8
:104A1000D9E700002DE9FF470F7E0C9E782F9146C5
:104A200080460C469A4601F1430207D8622F0AD805
:104A3000002F00F0D180582F00F0B88004F142061A
:104A400084F842703AE0A7F16303152BF6D801A170
:104A500051F823F0AD4A0108C14A01083D4A010856
:104A60003D4A01083D4A01083D4A0108C14A010882
:104A70003D4A01083D4A01083D4A01083D4A0108F6
:104A8000BF4B0108EB4A0108794B01083D4A010878
:104A90003D4A0108E14B01083D4A0108EB4A010883
:104AA0003D4A01083D4A0108814B010833681A1D3F
:104AB0001B68326004F1420684F8423001239CE016
:104AC00033682068191D3160060601D51D6803E0B2
:104AD0004506FBD5B3F90050002D03DA2D236D42B6
:104AE00084F8433058480A2311E0216833680806E7
:104AF00053F8045B02D4490648BFADB26F2F524849
:104B0000336014BF0A230823002184F84310666829
:104B1000A660002E05DB21682E4321F004012160F0
:104B20004BD01646B5FBF3F103FB1157C75D06F8F2
:104B3000017D2F46BB420D46F4D9082B0BD12368CB
:104B4000DF0708D5236961689942DEBF302306F884
:104B5000013C06F1FF36921B2261CDF800A04B46C6
:104B600003AA21464046FFF7E7FE01304AD14FF045
:104B7000FF3004B0BDE8F087236843F020032360D2
:104B80003248782784F84570236831681F0651F849
:104B9000045B02D45F0648BFADB23160D90744BFA1
:104BA00043F0200323601DB11023ADE72648E9E759
:104BB000236823F020032360F6E71646BDE7336839
:104BC00025686169181D30602E061B6801D51960C3
:104BD00002E06806FBD51980002323611646BCE776
:104BE00033681A1D32601E68626800213046EBF798
:104BF0002FFF08B1801B606063682361002384F885
:104C00004330AAE72369324649464046D04701303F
:104C1000ADD023689B0713D4E068039B9842B8BFCC
:104C20001846A6E70123324649464046D0470130A0
:104C30009DD00135E36803995B1AAB42F2DCEBE7E8
:104C4000002504F11906F5E73B2402084C2402086C
:104C5000002310B50446C0E90033C0E90433836083
:104C600081814366C2818361194608225C3000F06D
:104C700030F90D4B63620D4BA3620D4BE3620D4B9C
:104C800023630D4B24629C4206D003F168029442D8
:104C900002D0D0339C4205D104F15800BDE8104049
:104CA00000F0BAB910BD00BF194E01083B4E010813
:104CB000734E0108974E010844370020024A034909
:104CC000034800F069B800BFC8000020416801082F
:104CD000D800002041680C4B994210B5044601D021
:104CE00001F0AEFDA168094B994202D0204601F0C7
:104CF000A7FDE168064B994204D02046BDE810406C
:104D000001F09EBD10BD00BF44370020AC3700202D
:104D10001438002010B50B4B0B4C0C4A1A6020467F
:104D200000220421FFF794FF04F168000122092109
:104D3000FFF78EFF04F1D0000222BDE810401221DF
:104D4000FFF786BF7C38002044370020BD4C0108A7
:104D5000014800F062B900BF85380020014800F02A
:104D60005DB900BF8538002010B50446FFF7F0FF9D
:104D7000236A1BB1BDE81040FFF7F0BF044B23626C
:104D8000044B1B68002BF5D1FFF7C4FFF2E700BF0F
:104D9000D54C01087C3800202DE9F84307468846A9
:104DA00014460026D4E90195B9F1010905D5246816
:104DB000002CF7D13046BDE8F883AB89012B07D929
:104DC000B5F90E30013303D029463846C0470643B3
:104DD0006835E9E70EB410B59DB01FAB02900690A0
:104DE0006FF000410A48079104910A4953F8042BD7
:104DF0000591002402A9006801931B9401F0A0FB17
:104E0000029B1C701DB0BDE8104003B0704700BF8E
:104E1000D40000200802FFFF10B50C46B1F90E10B7
:104E200000F09CF80028ABBF636DA3891B1823F426
:104E30008053ACBF6365A38110BD2DE9F0411F46CF
:104E40008B89DB0505460C46164605D5B1F90E10D3
:104E50000223002200F070F8A389B4F90E1023F4A5
:104E60008053A38132463B462846BDE8F04100F01E
:104E700097B810B50C46B1F90E1000F05DF8431C60
:104E8000A38915BF606523F4805343F48053A38145
:104E900018BFA38110BDB1F90E1000F03DB88842D3
:104EA00010B501EB020402D98442234607D8431E01
:104EB000A14208D011F8012B03F8012FF8E70244B2
:104EC00001468A4200D110BD13F8014D02F8014D90
:104ED000F7E702440346934200D1704703F8011BF1
:104EE000F9E70A7870B56AB970BD9A4209D10C46E3
:104EF000054614F8013F002BF6D015F8016F9E42CD
:104F0000F7D001300378002BEFD11846ECE7000012
:104F1000004870471402002038B5064D00230446AF
:104F200008462B60EEF7F4FB431C02D12B6803B15B
:104F3000236038BD8038002038B5074D0446084648
:104F4000114600222A601A46EEF7EEFB431C02D1FE
:104F50002B6803B1236038BD8038002038B5074D79
:104F600004460846114600222A601A46EEF7B4FBB2
:104F7000431C02D12B6803B1236038BD8038002068
:104F800038B5064D0023044608462B60EEF7CEFBED
:104F9000431C02D12B6803B1236038BD8038002048
:104FA00038B5074D04460846114600222A601A46C5
:104FB000EEF7A0FB431C02D12B6803B1236038BD80
:104FC00080380020014B1868704700BFD4000020D3
:104FD00070B50D4D0D4C641BA4100026A64209D1DE
:104FE0000B4D0C4C01F048FF641BA4100026A64298
:104FF00005D170BD55F8043B98470136EEE755F8EA
:10500000043B98470136F2E7A4270208A4270208C8
:10501000A4270208A82702087047704770470A446F
:10502000914200F1FF3300D1704710B511F8014BE8
:1050300003F8014F9142F9D110BD2DE9F74F0369F3
:105040000C69A34207467EDB013C01F11408A30072
:1050500000F11405009305EB8403019358F8243004
:1050600055F8242001339A4208EB8409B2FBF3F689
:105070002ED34FF0000AC446AE46D3465CF8043B3C
:1050800098B206FB00A0020C1B0C06FB0323DEF803
:10509000002080B292B2121A5A44DEF800004FEAA1
:1050A000134A9BB2C3EB224303EB104392B242EA92
:1050B0000342E1454EF8042B4FEA234BDED2009B1E
:1050C000EB582BB9019B043B9D421A462FD33C6100
:1050D000384601F0C9F8002825DB2946002058F899
:1050E000042BD1F800C01FFA82FE1FFA8CF3A3EB49
:1050F0000E030344120CC2EB234202EB1C429BB290
:1051000043EA0243C14541F8043B4FEA2240E6D25C
:1051100055F8242005EB840322B9043B9D421A462E
:105120000BD33C610136304603B0BDE8F08F126806
:10513000043B002ACBD1013CC6E71268043B002A9D
:10514000EFD1013CEAE70020EEE70000000000009C
:105150002DE9F04FC76997B08DED040B55EC104B5E
:10516000209E079181460C9211937FB91020FEF783
:10517000E1FF0246C9F81C0020B9A94BEF21A9485C
:1051800001F086FBC0E901770760C760D9F81C30E1
:10519000196859B15A684A60012393408B604846A8
:1051A00000F030FED9F81C3000221A602B1EB9BF67
:1051B00023F00043059300233360059F9A4BBCBF47
:1051C00001223260BB4312D1119A42F20F73136075
:1051D000C7F31303234300F05A85219BDFF85CA239
:1051E000002B00F05C850AF1030300F056BD9DED35
:1051F000047B002251EC170B00238DED0A7BECF7AA
:10520000A3F8804658B1119A01231360219B13B172
:10521000219A864B1360DFF828A200F040BD9DED77
:105220000A0B14AA15A9484601F0CEF8C7F30A568E
:105230000290002E78D00B9BCDF84880C3F3130367
:10524000DDE90A0143F07F5343F44013A6F2FF3631
:1052500019460022764BEBF757FC6BA3D3E90023EA
:10526000EBF70AFE6AA3D3E90023EBF74FFC0446F1
:1052700030460D46EBF796FD67A3D3E90023EBF725
:10528000FBFD02460B4620462946EBF73FFC044651
:105290000D46ECF7A1F800220746002320462946D8
:1052A000ECF75CF840B13846EBF77CFD22462B4624
:1052B000ECF74AF800B9013F162F52D85D4B03EBCB
:1052C000C703D3E90023DDE90A01ECF747F800281A
:1052D00049D0013F00231093149B9B1B5A1E45BFCE
:1052E000C3F10103009300230023069254BF0093EF
:1052F0000693002F39DB069B0D973B440693002352
:105300000893079B092B63D8052BC4BF043B079365
:10531000079BA3F10203CCBF00240124032B63D815
:10532000DFE803F05254372BDDE914631E4406F224
:105330003243202BC1BFC3F140039F4006F212430A
:1053400024FA03F3D6BFC3F1200347EA030004FAAB
:1053500003F0EBF717FD0122A1F1F873013E129261
:1053600076E70123B7E71090B6E7009BDB1B0093BD
:105370007B42089300230D93C3E7012309930C9B01
:1053800007EB030B0BF10103012B0393B8BF0123C0
:1053900006E0012309930C9B002B28DD9B46039319
:1053A000D9F81C000021042202F114059D4226D9DF
:1053B0004160484600F0E6FC8246002842D11E4B80
:1053C000024640F2AF11DAE60023E3E70023D5E717
:1053D00001240023079309944FF0FF3B0022CDF8EE
:1053E0000CB012230C92DBE701230993F4E74FF092
:1053F000010BCDF80CB05B46CDF830B0D0E70131F1
:105400005200D1E7AFF3008061436F63A787D23FBB
:10541000B3C8608B288AC63FFB799F501344D33FA3
:105420006A240208812402080000F07F3A2402085E
:105430000000F83FD0250208D9240208662402089B
:1054400039240208D9F81C301860039B0E2B00F297
:10545000A180002C00F09E80002F33DD9C4B07F0D4
:105460000F0203EBC20393ED007BF8058DED0E7B7D
:105470004FEA271416D5974BDDE90A01D3E9082333
:10548000EBF724FECDE9040104F00F040326914D4F
:1054900054B9DDE90E23DDE90401EBF717FECDE990
:1054A000040128E00226F2E7E10708D5DDE90E0154
:1054B000D5E90023EBF7E0FCCDE90E0101366410DD
:1054C0000835E5E700F0AF807C42814B814D04F068
:1054D0000F0203EBC203D3E90023DDE90A01EBF776
:1054E000CBFCCDE90401241100230226002C40F05E
:1054F0008F80002BD3D1109BDDE90445002B00F0F9
:105500009480754B002220462946EBF727FF0028A0
:1055100000F08B80039B002B00F08780BBF1000F15
:1055200034DD20466D4B00222946EBF7A5FCCDE982
:10553000040107F1FF3801365C463046EBF732FCD8
:10554000DDE90423EBF798FC654B0022EBF7DEFA6C
:105550000546A1F15076002C6AD1DDE90401614BCA
:105560000022EBF7D1FA02460B46CDE904232A4686
:105570003346EBF711FF002840F09882DDE9040183
:105580002A4606F10043EBF7E9FE38BBDDE90A34B1
:10559000CDE90434159B002BC0F257810E2F00F388
:1055A00054814B4B03EBC70393ED007B0C9B002B0B
:1055B0008DED007B80F2E580039B002B00F3E18002
:1055C0000CD1484B002251EC170BEBF755FCDDE9F1
:1055D0000423EBF7D7FE002800F06682002425465E
:1055E0000C9B56466FEA030800272146484600F008
:1055F00009FC002D00F0BD802FB1AF4203D0394629
:10560000484600F0FFFB2946484600F0FBFBB0E0AF
:10561000E20705D5D5E90023EBF72EFC013601237F
:105620006410083562E7022665E7039CB84684E704
:10563000274B099903EBC40353E90223544400297F
:1056400054D029490020EBF741FD33462A46EBF7B9
:105650005BFACDE90E015646DDE90401EBF7BCFE2D
:105660000546EBF79FFB02460B46DDE90401EBF72D
:105670004BFA303502460B46CDE9042306F8015BB0
:10568000DDE90E23EBF76AFE002872D1DDE9042381
:1056900011490020EBF738FADDE90E23EBF75EFE47
:1056A000002840F0B480A6423FF470AFDDE90E015F
:1056B0000A4B0022EBF7E0FB084BCDE90E0100227C
:1056C000DDE90401EBF7D8FBCDE90401C4E700BF35
:1056D000D0250208A82502080000F03F0000244061
:1056E00000001C40000014400000E03F3146284606
:1056F000EBF7C2FBCDE90E0113945646DDE9040138
:10570000EBF76AFE0546EBF74DFB02460B46DDE97B
:105710000401EBF7F9F9303506F8015B02460B4658
:10572000A642CDE904234FF0000224D1AF4BDDE9BE
:105730000E01EBF7EBF902460B46DDE90401EBF74E
:105740002BFE002863D1DDE90E23A8490020EBF7EA
:10575000DBF902460B46DDE90401EBF7FFFD00280B
:105760003FF414AF139E731E139316F8013C302BB5
:10577000F8D047463BE09E4BEBF77EFBCDE90401BA
:10578000BCE7DDE904455646DDE90023204629460D
:10579000EBF79CFCEBF720FE8046EBF703FBDDE923
:1057A0000023EBF769FB02460B462046294608F129
:1057B0003004EBF7A9F906F8014B039DA6EB0A04A8
:1057C000A54202460B4633D1EBF7A0F9DDE90023F1
:1057D00004460D46EBF7E0FDC0B9DDE900232046A5
:1057E0002946EBF7B1FD10B118F0010F0ED1029967
:1057F000484600F007FB00233370119B01371F6000
:10580000219B002B00F04B821E6048E2B8463346D5
:105810001E4613F8012D392A06D19A45F8D13022B7
:1058200008F101088AF800201A7801321A70A0E7FE
:105830006F4B0022EBF720FB0022002304460D46AD
:10584000EBF782FD00289FD0D1E7099A002A00F0EB
:10585000EA80079A012A00F3CD80129A002A00F00C
:10586000C18003F23343089C009E009A1A440092C0
:10587000069A01211A444846069200F077FB054635
:1058800066B1069B002B09DDB342009AA8BF3346E0
:10589000D21A0092069AF61AD31A0693089B0BB3F3
:1058A000099B002B00F0C680002C00F0C080294628
:1058B0002246484600F012FC029A01460546484638
:1058C00000F06AFB02998046484600F09BFA089B6C
:1058D0001B1B089300F0B180089A4146484600F02F
:1058E000FDFB02900121484600F040FB0D9B044661
:1058F000002B00F0D8811A460146484600F0EEFB26
:10590000079B012B044600F39F80049B002B40F073
:105910009780059BC3F31303002B40F09380059BF6
:1059200023F000431B0D1B0533B1009B0133009393
:10593000069B01330693012308930D9B002B00F077
:10594000B881236904EB8303186900F0C3FAC0F13E
:105950002000069B184410F01F0000F08280C0F168
:105960002003042B73DD009BC0F11C000344009353
:10597000069B034406440693009B002B05DD029919
:105980001A46484600F004FC0290069B002B05DDF9
:1059900021461A46484600F0FBFB0446109B002BAC
:1059A00061D00298214600F05FFC00285BDA0023FA
:1059B00002990A22484600F047FA099B029007F133
:1059C000FF38002B00F07781294600230A22484641
:1059D00000F03AFABBF1000F05466FDC079B022B83
:1059E00049DC6BE0149BC3F136033CE70000E03F69
:1059F00000002440039B5C1E089BA34209DB1C1B88
:105A0000039B002BBFF630AF009B039A9E1A002326
:105A10002BE7089B0D9A0894E31A1A44009E039BF7
:105A20000D92002421E7089C009E099D28E7DDF8DF
:105A3000088051E7089A029950E7CDF8088051E7AD
:105A4000002379E7049B77E70023089379E793D055
:105A5000009A1C331A440092069A1A441E44069275
:105A60008AE70346F4E7039B002BB84620DC9B46FD
:105A7000079B022B1EDDBBF1000F7FF4B1AD214669
:105A80005B460522484600F0DFF9014604460298CD
:105A900000F0EAFB00287FF7A3AD5646312306F855
:105AA000013B08F101089FE5039CB8462546F4E751
:105AB000DDF80CB0099B002B00F00181002E05DD04
:105AC00029463246484600F063FB0546089B002BFA
:105AD0005CD06968484600F055F9064628B9824B03
:105AE000024640F2EF21FFF74ABB2A6902329200D8
:105AF00005F10C010C30FFF792FA012231464846BD
:105B000000F046FB0AF1010300930AEB0B03089334
:105B1000049B03F001032F4606930546009B029861
:105B2000214603F1FF3BFFF788FA03463033039029
:105B300039460298099300F097FB2A4604902146C3
:105B4000484600F0ADFBC268099B064602BB014611
:105B5000029800F089FB099B0246314648460C92A8
:105B6000099300F04FF9079B0C9A009E42EA03014B
:105B7000069B1943099B0DD1392B27D0049A002A83
:105B800001DD039B31338BF800302EE52846B9E761
:105B90000122E2E70499002904DB079801430698F3
:105BA000014320D1002AEEDD0299009301224846EC
:105BB00000F0EEFA2146029000F056FB0028009B10
:105BC00002DCE0D1DA07DED5392BDAD139238BF8C4
:105BD000003033461E46013B16F8012C392A4ED0C0
:105BE00001321A7001E5002A03DD392BEED00133B2
:105BF000C9E7009A089902F8013C8A4228D0029924
:105C000000230A22484600F01FF9AF4202904FF0ED
:105C100000034FF00A023946484607D100F014F954
:105C200007460546009B0133009377E700F00CF927
:105C30002946074600230A22484600F005F9054692
:105C4000F0E7BBF1000FCCBF5E46012656440027AB
:105C5000029900930122484600F09AFA21460290E8
:105C600000F002FB0028B4DC02D1009BDB07B0D4BB
:105C700033461E4613F8012D302AFAD0B5E49A4572
:105C8000A8D1312308F101088AF80030ADE4219B46
:105C9000DFF858A01BB10AF10803219A136050469F
:105CA00017B0BDE8F08F079B012B7FF72EAE0D9B41
:105CB000089301204DE6BBF1000F7FF7D9AE5646A1
:105CC00002982146FFF7B9F900F1300306F8013BCD
:105CD000A6EB0A029345B4DD029900230A22484646
:105CE00000F0B2F80290EBE7D92402085D24020824
:105CF00038B50546002941D051F8043C0C1F002B53
:105D0000B8BFE418FEF7C8FA1D4A136833B96360D8
:105D100014602846BDE83840FEF7C4BAA34208D94B
:105D2000206821188B4201BF19685B68091821603F
:105D3000EDE71A465B680BB1A342FAD91168501817
:105D4000A0420BD120680144501883421160E0D179
:105D500018685B68536008441060DAE702D90C23C6
:105D60002B60D6E7206821188B4204BF19685B6856
:105D7000636004BF091821605460CAE738BD00BFE2
:105D80004037002070B5C66904460D4676B910202C
:105D9000FEF7D0F90246E06120B9184B18486B2194
:105DA00000F076FDC0E901660660C660E669F3684A
:105DB00083B1E369DB6853F82500B8B9012101FA22
:105DC00005F6721D92002046FEF7A0F960B1C0E909
:105DD00001560EE0212204212046FEF797F9E369DF
:105DE000F060DB68002BE4D1002070BD026843F84E
:105DF00025200023C0E90333F7E700BF6A24020827
:105E0000EA24020870B5C66905460C4676B910202A
:105E1000FEF790F90246E86120B9094B09488F2145
:105E200000F036FDC0E901660660C6603CB1EB6972
:105E30006268DB6853F82210216043F8224070BD8D
:105E40006A240208EA2402082DE9F0410D69074698
:105E50000C461E4601F1140C0020DCF8003099B20B
:105E600002FB01611E0C0B0C02FB063389B20130F0
:105E700001EB034185424CF8041B4FEA1346ECDC6E
:105E80000EB3A368AB4219DC616838460131FFF7F5
:105E900079FF804628B902460C4B0D48BA2100F024
:105EA000F7FC2269023204F10C0192000C30FFF77A
:105EB000B6F821463846FFF7A5FF444604EB8503B4
:105EC00001355E6125612046BDE8F081D9240208D4
:105ED000EA240208B0F5803F034636BF03040020E1
:105EE0001020B3F1807F3CBF1B020830B3F1805F0C
:105EF0003CBF1B010430B3F1804F3CBF9B0002301C
:105F0000002B05DB13F0804F00F1010008BF2020BB
:105F100070470368024613F007000BD0D90721D45D
:105F2000980749BF5B089B08012013605CBF1360A2
:105F30000220704799B209B91B0C1020D9B209B9D7
:105F400008301B0A190704BF1B090430990704BF56
:105F50009B080230D90703D45B0800F1010003D08D
:105F600013607047002070472020704710B50C4622
:105F70000121FFF707FF024628B9054B054840F20B
:105F8000451100F085FC01234461036110BD00BF91
:105F9000D9240208EA2402082DE9F04F17460A69BD
:105FA0003B699A42A8BF3B468946A4BF0F46994623
:105FB0003D69D9F810A0BB68796805EB0A06B342C1
:105FC00085B0B8BF0131FFF7DDFE30B90246414B65
:105FD00041484FF4B17100F05BFC00F1140404EB94
:105FE000860E23460022734520D307F1140809F1D9
:105FF000140108EB850501EB8A030293EB1B153BAB
:1060000023F0030304331537BD4238BF0423019343
:10601000029B03918B420CD8002E03DD5EF8043DF9
:10602000002B55D0066105B0BDE8F08F43F8042B76
:10603000D9E7B1F800A0BAF1000F1FD0C446A146BD
:1060400000275CF8042BD9F800301FFA82FB9BB2C2
:106050000AFB0B333B44D9F80070120C3F0C0AFBCF
:10606000027202EB13429BB243EA0243654549F8D0
:10607000043B4FEA1247E4D8019BE750039BB3F877
:1060800002900431B9F1000F20D023684746A4469E
:106090004FF0000AB7F800B0BCF8022009FB0B2251
:1060A00052449BB243EA02434CF8043B57F8043B8A
:1060B0004FEA134ABCF8003009FB0A3303EB1243E2
:1060C000BD424FEA134AE5D8019AA35004349FE732
:1060D000013EA1E7D9240208EA2402082DE9F84389
:1060E000154612F0030207460E4607D0254C013A2A
:1060F000002354F82220FFF7A7FE0646AD103DD03E
:10610000FC697CB91020FEF715F80246F86128B941
:106110001D4B1E4840F2B31100F0BAFBC0E9014428
:106120000460C460D7F81C80D8F808404CB940F22D
:1061300071213846FFF71AFF0023C8F8080004460B
:1061400003604FF00009EB070AD531462246384676
:10615000FFF722FF314680463846FFF753FE46469A
:106160006D100BD0206838B9224621463846FFF71B
:1061700013FF2060C0F800900446E4E73046BDE815
:10618000F88300BF9C2502086A240208EA2402085A
:106190002DE9F0470C464968236903EB6218A368B0
:1061A000074691464FEA621A08F10106B3420BDB3B
:1061B0003846FFF7E7FD054648B90246284B29480F
:1061C0004FF4EF7100F064FB01315B00EEE7002358
:1061D00000F1140100F110021846534533DB206929
:1061E0002AEAEA7A04F1140319F01F0901EB8A0183
:1061F00003EB800C2BD0C9F1200E8A4600221868D0
:1062000000FA09F010434AF8040B53F8042B9C459C
:1062100022FA0EF2F3D8ACEB0403153B23F0030390
:10622000043304F11500604588BF0423CA500AB145
:1062300008F10206013E38462E612146FFF7E2FDD5
:106240002846BDE8F08742F8040F0133C5E704395A
:1062500053F8042B41F8042F9C45F9D8EAE700BF16
:10626000D9240208EA2402080A6903460069801A50
:1062700030B50ED11433143103EB820401EB8201EB
:1062800054F8045D51F8042D954203D005D24FF027
:10629000FF3030BDA342F3D3FBE70120F9E7000054
:1062A0002DE9F74F89460646114648461446FFF742
:1062B000DBFF051E12D129463046FFF763FD02467B
:1062C00028B93F4B40F237213E4800F0E1FA012364
:1062D000C0E90435104603B0BDE8F08FBCBF4B46A3
:1062E000A1463046D9F80410BABF1C460125002546
:1062F000FFF748FD024618B9314B40F24521E3E76C
:10630000D9F810702669C56009F1100309F1140568
:1063100004F1140E00F1140B05EB87080EEB860652
:106320000193D9464FF0000C019B5EF8040B53F823
:1063300004AF01931FFA8AF3194683B2CB1A000CFB
:106340006344C0EB1A4000EB23409BB243EA004396
:10635000764549F8043B4FEA204CE5D8331B153B02
:1063600023F0030315340433A64238BF04231D442D
:106370005B441E462C4644450ED308F10301491BDD
:1063800021F00301033DA84538BF00210B4453F819
:10639000041D91B117619DE754F8041BE646080CF3
:1063A0001CFA81FC714400EB2C4089B241EA0041A7
:1063B00046F8041B4FEA204CDDE7013FE7E700BF4A
:1063C000D9240208EA2402082DE9F7430F460121E7
:1063D00059EC108B1646FFF7D5FC044630B902463F
:1063E000234B244840F20F3100F052FAC9F30A550A
:1063F000C9F313030DB143F480130193B8F1000303
:1064000023D068460093FFF784FDDDE90012D0B188
:10641000C0F1200302FA03F30B43C240636101920F
:10642000019BA361002B0CBF012202222261A5B1B6
:10643000A5F2334505443D60C0F13500306020468B
:1064400003B0BDE8F0836161EAE701A8FFF761FDF1
:10645000019B636120300122E8E704EB8203A0F294
:10646000324038601869FFF735FDC0EB4210E5E7B0
:10647000D9240208EA24020851F8043C181F002B12
:10648000BCBF0B58C01870472DE9F0478E681F46F7
:10649000BE420B6882460C4690462DD8B1F90C20BE
:1064A00012F4906F26D06569096905EB4505A3EBE9
:1064B000010905EBD5757B1C4B446D109D4238BF1F
:1064C0001D46530527D52946FDF766FE064660B3EF
:1064D00021694A46FEF7A3FDA38923F4906343F0A4
:1064E0008003A381266165614E44A5EB0905266002
:1064F000A5603E46BE4200D93E462068324641462F
:10650000FEF7CDFCA3689B1BA36023683344236084
:106510000020BDE8F0872A46FDF7D2FE0646002897
:10652000E0D121695046FFF7E3FB0C23CAF80030A5
:10653000A38943F04003A3814FF0FF30E9E7000057
:106540002DE9F04F98468B891B069DB007460D46F6
:10655000144610D50B6973B94021FDF71DFE286064
:10656000286130B90C233B604FF0FF301DB0BDE80F
:10657000F08F40236B610023099320238DF829308D
:10658000CDF80C803023DFF89C818DF82A304FF055
:10659000010923469A4613F8012B0AB1252AF9D19D
:1065A000BAEB040B0BD05B46224629463846FFF770
:1065B0006BFF013000F0A780099A5A4409929AF8BB
:1065C0000030002B00F09F8000234FF0FF32CDE918
:1065D00005230AF1010A049307938DF853301A93A7
:1065E0005446052214F8011B4E48EAF731FA049A82
:1065F000D8B9D00644BF20238DF85330110744BFCB
:106600002B238DF853309AF800302A2B15D0079A97
:10661000544600204FF00A0C214611F8013B303B54
:10662000092B4BD9B0B1079214E0A0EB080309FA8B
:1066300003F313430493A246D2E7039B191D1B687F
:106640000391002BBBBF5B4242F00202079307930A
:10665000B8BF049223782E2B0AD163782A2B32D12B
:10666000039B1A1D1B68039243EAE37302340593EC
:10667000DFF8C0A0217803225046EAF7E9F938B1E3
:10668000049BA0EB0A004022824013430134049390
:1066900014F8011B24488DF828100622EAF7D8F9CF
:1066A000002836D0214B1BBB039B073323F0070385
:1066B00008330393099B334409936AE70CFB0232C6
:1066C0000C460120A8E700230134059319464FF03A
:1066D0000A0C204610F8012B303A092A03D9002B66
:1066E000C6D00591C4E70CFB012104460123F0E765
:1066F00003AB00932A460E4B04A93846FDF7F2FE81
:10670000421C0646D6D1AB895B063FF52DAF0998F2
:106710002CE703AB00932A46054B04A93846FEF745
:1067200079F9EDE7432502084D250208E544010803
:106730008964010849250208B1F90C202DE9F041CE
:10674000160705460C4654D44B68002B02DC0B6C34
:10675000002B48DDE66A002E45D0002312F480525B
:106760002F68216A2B6030D0626DA389590705D547
:106770006368D21A636B0BB1236CD21A0023E66AEA
:10678000216A2846B047431CA38906D129681D29E0
:106790002BD82A4ACA40D60727D500226260D904DE
:1067A0002269226004D5421C01D12B6803B96065BF
:1067B000616B2F60B9B104F14403994202D02846BD
:1067C000FFF796FA002363630DE001232846B047E4
:1067D0000246501CC9D12B68002BC6D01D2B01D0FE
:1067E000162B1ED12F60002022E043F040031BB285
:1067F0001BE00F69002FF6D093070E6808BF4B69A6
:106800000F6018BF0023A6EB07088B60B8F1000FDC
:10681000E9DD216AA66A43463A462846B047002881
:1068200008DCB4F90C3043F04003A3814FF0FF3093
:10683000BDE8F0810744A8EB0008E7E7010040202D
:1068400038B50B6905460C4613B90025284638BDF6
:1068500018B1036A0BB9FEF787FAB4F90C30002BB4
:10686000F3D0626ED00704D4990502D4A06DFEF770
:10687000D4FB28462146FFF75FFF636EDA07054623
:10688000E4D4A3899B05E1D4A06DFEF7C7FBDDE747
:106890001FB514461A46094B1B680546D8684CB10B
:1068A000074B0091CDE9013406492B4600F02EF844
:1068B00000F03EF8044B1C46F3E700BFD400002074
:1068C0005E2502086B2502089925020882B001B9ED
:1068D00001A942B14BB113780B601278101E18BF9A
:1068E000012002B070471046FBE76FF00100F8E7A7
:1068F0000346084641B1FF2A04D98A221A604FF0A4
:10690000FF3070470A700120704700000EB403B5D5
:10691000014603AB054853F8042B0068019300F0CF
:1069200037F802B05DF804EB03B07047D4000020E4
:1069300008B5062000F000FA0120ECF7C7FE9368C6
:10694000013B002B10B4936008DA9469A34201DB89
:106950000A2903D15DF8044B00F032B91368581CC2
:106960001060197008465DF8044B7047F8B506468C
:106970000F461446D518AC4201D1002007E014F8A8
:10698000011B3A463046FFF7DAFF431CF3D1F8BD4E
:106990002DE9F04F0D469DB014469846064618B1B5
:1069A000036A0BB9FEF7E0F96B6ED90705D4AB8922
:1069B0009A0502D4A86DFEF730FBAB891B0701D501
:1069C0002B699BB92946304600F038F970B16B6EDF
:1069D000DC0704D54FF0FF301DB0BDE8F08FAB8968
:1069E0009805F7D4A86DFEF719FBF3E70023099388
:1069F00020238DF82930CDF80C803023DFF8AC81CE
:106A00008DF82A304FF0010923469A4613F8012BDE
:106A10000AB1252AF9D1BAEB040B0BD05B4622460A
:106A200029463046FFF7A2FF013000F0A780099AFF
:106A30005A4409929AF80030002B00F09F800023FE
:106A40004FF0FF32CDE905230AF1010A04930793C1
:106A50008DF853301A935446052214F8011B5348FD
:106A6000E9F7F6FF049AD8B9D10644BF20238DF880
:106A70005330130744BF2B238DF853309AF800305E
:106A80002A2B15D0079A544600204FF00A0C2146B5
:106A900011F8013B303B092B4BD9B0B1079214E000
:106AA000A0EB080309FA03F313430493A246D2E7C9
:106AB000039B191D1B680391002BBBBF5B4242F077
:106AC000020207930793B8BF049223782E2B0AD1B2
:106AD00063782A2B32D1039B1A1D1B68039243EA69
:106AE000E37302340593DFF8D4A0217803225046E3
:106AF000E9F7AEFF38B1049BA0EB0A0040228240C8
:106B000013430134049314F8011B29488DF828100D
:106B10000622E9F79DFF00283FD0264B1BBB039BB5
:106B2000073323F0070308330393099B3B4409937E
:106B30006AE70CFB02320C460120A8E7002301346F
:106B4000059319464FF00A0C204610F8012B303AF5
:106B5000092A03D9002BC6D00591C4E70CFB0121FB
:106B600004460123F0E703AB00932A46124B04A925
:106B70003046FDF7B7FC0746781CD6D16B6ED907B7
:106B800005D4AB899A0502D4A86DFEF747FAAB8904
:106B90005B063FF51FAF09981EE703AB00932A463B
:106BA000054B04A93046FDF735FFE4E7432502080D
:106BB0004D250208E54401086D69010849250208D0
:106BC000F8B50E461446054618B1036A0BB9FEF730
:106BD000CBF8A369A360A3891A0701D5236943B938
:106BE0002146284600F02AF818B14FF0FF37384602
:106BF000F8BD23682269981A6369F6B28342374662
:106C000005DC21462846FFF71BFE0028EDD1A368CE
:106C1000013BA36023685A1C22601E706269431CFA
:106C20009A4204D0A389DB07E1D50A2EDFD12146A1
:106C30002846FFF705FE0028D9D0D6E738B5294BFE
:106C4000054618680C4618B1036A0BB9FEF78CF8B4
:106C5000B4F90C30190722D4DA0607D409222A60C5
:106C600043F04003A3814FF0FF3033E0580712D5C3
:106C7000616B41B104F14403994202D02846FFF709
:106C800037F800236363A38923F02403A38100233F
:106C9000636023692360A38943F00803A381236908
:106CA0004BB9A38903F42073B3F5007F03D02146C9
:106CB000284600F083F8B4F90C3013F001020AD032
:106CC0000022A26062695242A261226942B913F0B5
:106CD0008000C5D138BD990758BF6269A260F4E74A
:106CE0000020F7E7D40000201F2938B505460C46E0
:106CF00004D9162303604FF0FF3038BDC26B12B1C8
:106D000052F821304BB9284600F030F822460146AF
:106D10002846BDE8384000F017B8012B0AD0591CAE
:106D200003D1162303600120E7E7002142F8241075
:106D3000204698470020E0E7024B01461868FFF71D
:106D4000D3BF00BFD400002038B5074D0023044650
:106D5000084611462B60ECF7B1FC431C02D12B68AE
:106D600003B1236038BD00BF80380020ECF7A4BC1D
:106D700070B50C46B1F90E10002996B015461E46A6
:106D80000DDAA38913F0800F4FF0000114BF4023E8
:106D90004FF48063002031602B6016B070BD6A46EE
:106DA00000F048F80028ECDB019901F47041A1F5EE
:106DB0000053594259414FF48063EBE78B89F7B593
:106DC0009D0706460C4607D504F14703236023615F
:106DD0000123636103B0F0BD01AB6A46FFF7C8FF52
:106DE000009F054639463046FDF7D6F948B9B4F953
:106DF0000C309A05EED423F0030343F00203A38181
:106E0000E2E7A389206043F08003A381019BC4E9EA
:106E100004075BB1B4F90E10304600F01DF828B13C
:106E2000A38923F0030343F00103A381A3891D4336
:106E3000A581CFE738B5074D002304460846114623
:106E40002B60ECF769FC431C02D12B6803B1236073
:106E500038BD00BF8038002038B5064D00230446F9
:106E600008462B60ECF75EFC431C02D12B6803B193
:106E7000236038BD80380020F8B500BFF8BC08BCDE
:106E80009E467047F8B500BFF8BC08BC9E467047E8
:106E9000436F72652073706565642C204D487A3AA3
:106EA0002020200000000000000000000000000082
:106EB00000000000000000000000000000000000D2
:106EC000000000004465636F64696E672074696D3B
:106ED000652C206D733A20000000000000000000C7
:106EE00000000000000000000000000000000000A2
:106EF000000000000000000044AC80BB007D225672
:106F0000C05D803E112BE02E401F000080018004F8
:106F1000800480018004400280018004400200005F
:106F200000040040010000000000000000006400B8
:106F300000FFFF00FFFFFF0000000000B19B3100D9
:106F4000B19B3100B19B3100D3D3D300D3D3D30055
:106F5000B19B31000100000000061016000610165B
:106F6000401F0000C000000000000020C000000022
:106F700000000030803E0000C00000000000003033
:106F80000001000000000020225600002201000045
:106F9000000000302E01000000000020007D0000F5
:106FA000000100000000002000010000000000506F
:106FB00044AC00002E01000000000020AD010000E4
:106FC0000000004080BB0000C00000000000005036
:106FD00080010000000000500077010080010000E7
:106FE00000000050A80100000000003000EE020088
:106FF000A801000000000030020100000000003085
:1070000020436F6C6F757265640000004772617990
:107010007363616C650000002F000000436F6C6FAC
:1070200072206D6F64653A202000000028632956A5
:107030006164526F76202041564920506C61796519
:1070400072000000563A25322E31665620000000AC
:10705000493A25342E30666D410000004572726F4A
:10706000722046696C654D616E6167657221000032
:107070004641543332202020000000002A3A3C3E92
:107080007C223F7F000000002B2C3B3D5B5D00001D
:107090002E2E00002E000000B87001082000000015
:1070A0002000000002000000B87801082000000065
:1070B00020000000020000000000000000000000AE
:1070C00000000000000000000000000000000000C0
:1070D00000000000000000000000000000000000B0
:1070E00000000000000000000000000000000000A0
:1070F0000000000000000000000000000000000090
:10710000000000000000000000000000000000007F
:10711000000000000000000000000000000000006F
:10712000000000000000000000000000000000005F
:10713000000000000000000000000000000000004F
:107140000000330B444C0000000000000000000071
:10715000000000000000000000000000000000002F
:1071600000000000000000000000444C330B000051
:10717000000000000000000000000000000000000F
:10718000330B55CD77FE446C00000000000000007A
:1071900000000000000000000000000000000000EF
:1071A0000000000000000000446C77FE55CD330B5A
:1071B0000000000000000000000000000000330B91
:1071C00055CD88FF88FF77FE446C0000000000006A
:1071D00000000000000000000000000000000000AF
:1071E000000000000000446C77FE88FF88FF55CD4A
:1071F000330B00000000000000000000330B55CDF1
:1072000088FF88FF88FF88FF77FE446C000000003D
:10721000000000000000000000000000000000006E
:1072200000000000446C77FE88FF88FF88FF88FF1D
:1072300055CD330B0000000000000000444C77FEE9
:1072400088FF88FF88FF88FF88FF77FE446C000076
:10725000000000000000000000000000000000002E
:107260000000446C77FE88FF88FF88FF88FF88FF56
:1072700077FE444C00000000000000000000446C59
:1072800077FE88FF88FF88FF88FF88FF77FE446CC1
:1072900000000000000000000000000000000000EE
:1072A000446C77FE88FF88FF88FF88FF88FF77FEA1
:1072B000446C00000000000000000000000000001E
:1072C000446C77FE88FF88FF88FF88FF88FF77FE81
:1072D000446C000000000000000000000000446C4E
:1072E00077FE88FF88FF88FF88FF88FF77FE446C61
:1072F000000000000000000000000000000000008E
:107300000000446C77FE88FF88FF88FF88FF88FFB5
:1073100077FE446C0000000000000000446C77FE23
:1073200088FF88FF88FF88FF88FF77FE446C000095
:10733000000000000000000000000000000000004D
:1073400000000000446C77FE88FF88FF88FF88FFFC
:1073500088FF77FE446C00000000446C77FE88FFD5
:1073600088FF88FF88FF88FF77FE446C00000000DC
:10737000000000000000000000000000000000000D
:10738000000000000000446C77FE88FF88FF88FF43
:1073900088FF88FF77FE446C446C77FE88FF88FF87
:1073A00088FF88FF88FF77FE446C00000000000023
:1073B00000000000000000000000000000000000CD
:1073C0000000000000000000446C77FE88FF88FF8A
:1073D00088FF88FF88FF77FE77FE88FF88FF88FF99
:1073E00088FF88FF77FE446C00000000000000006A
:1073F000000000000000000000000000000000008D
:1074000000000000000000000000446C77FE88FFD0
:1074100088FF88FF88FF88FF88FF88FF88FF88FF34
:1074200088FF77FE446C00000000000000000000B0
:10743000000000000000000000000000000000004C
:10744000000000000000000000000000446C77FE17
:1074500088FF88FF88FF88FF88FF88FF88FF88FFF4
:1074600077FE446C000000000000000000000000F7
:10747000000000000000000000000000000000000C
:107480000000000000000000000000000000446C4C
:1074900077FE88FF88FF88FF88FF88FF88FF77FED8
:1074A000446C00000000000000000000000000002C
:1074B00000000000000000000000000000000000CC
:1074C0000000000000000000000000000000446C0C
:1074D00077FE88FF88FF88FF88FF88FF88FF77FE98
:1074E000446C0000000000000000000000000000EC
:1074F000000000000000000000000000000000008C
:10750000000000000000000000000000446C77FE56
:1075100088FF88FF88FF88FF88FF88FF88FF88FF33
:1075200077FE446C00000000000000000000000036
:10753000000000000000000000000000000000004B
:1075400000000000000000000000446C77FE88FF8F
:1075500088FF88FF88FF88FF88FF88FF88FF88FFF3
:1075600088FF77FE446C000000000000000000006F
:10757000000000000000000000000000000000000B
:107580000000000000000000446C77FE88FF88FFC8
:1075900088FF88FF88FF77FE77FE88FF88FF88FFD7
:1075A00088FF88FF77FE446C0000000000000000A8
:1075B00000000000000000000000000000000000CB
:1075C000000000000000446C77FE88FF88FF88FF01
:1075D00088FF88FF77FE446C446C77FE88FF88FF45
:1075E00088FF88FF88FF77FE446C000000000000E1
:1075F000000000000000000000000000000000008B
:1076000000000000446C77FE88FF88FF88FF88FF39
:1076100088FF77FE446C00000000446C77FE88FF12
:1076200088FF88FF88FF88FF77FE446C0000000019
:10763000000000000000000000000000000000004A
:107640000000446C77FE88FF88FF88FF88FF88FF72
:1076500077FE446C0000000000000000446C77FEE0
:1076600088FF88FF88FF88FF88FF77FE446C000052
:10767000000000000000000000000000000000000A
:10768000446C77FE88FF88FF88FF88FF88FF77FEBD
:10769000446C000000000000000000000000446C8A
:1076A00077FE88FF88FF88FF88FF88FF77FE446C9D
:1076B0000000000000000000000000000000446C1A
:1076C00077FE88FF88FF88FF88FF88FF77FE446C7D
:1076D00000000000000000000000000000000000AA
:1076E000446C77FE88FF88FF88FF88FF88FF77FE5D
:1076F000446C00000000000000000000444C77FED5
:1077000088FF88FF88FF88FF88FF77FE446C0000B1
:107710000000000000000000000000000000000069
:107720000000446C77FE88FF88FF88FF88FF88FF91
:1077300077FE444C0000000000000000330B55CDE4
:1077400088FF88FF88FF88FF77FE446C00000000F8
:107750000000000000000000000000000000000029
:1077600000000000446C77FE88FF88FF88FF88FFD8
:1077700055CD330B00000000000000000000330B6B
:1077800055CD88FF88FF77FE446C000000000000A4
:1077900000000000000000000000000000000000E9
:1077A000000000000000446C77FE88FF88FF55CD84
:1077B000330B00000000000000000000000000008B
:1077C000330B55CD77FE446C000000000000000034
:1077D00000000000000000000000000000000000A9
:1077E0000000000000000000446C77FE55CD330B14
:1077F0000000000000000000000000000000000089
:107800000000330B444C00000000000000000000AA
:107810000000000000000000000000000000000068
:1078200000000000000000000000444C330B00008A
:107830000000000000000000000000000000000048
:107840000000000000000000000000000000000038
:107850000000000000000000000000000000000028
:107860000000000000000000000000000000000018
:107870000000000000000000000000000000000008
:1078800000000000000000000000000000000000F8
:1078900000000000000000000000000000000000E8
:1078A00000000000000000000000000000000000D8
:1078B00000000000000000000000000000000000C8
:1078C00000000000000000008818887888B888D878
:1078D00077E777E766C65595224200000000000072
:1078E0000000000000000000000000000000000098
:1078F0000000000000000000000000000000000088
:1079000000000000881888A888F888F888F888F8A7
:1079100088F888F888F888F877F755D5225200005B
:107920000000000000000000000000000000000057
:107930000000000000000000000000000000000047
:107940000000994999E999F988F976F766F666F69B
:1079500066F677F788F888F888F877F766F632B32E
:107960000011000000000000000000000000000006
:107970000000000000000000000000000000000007
:10798000996999F988F877F799F9CCFCDDFDDDFD67
:10799000DDFDBBFB88F866F677F888F877F777F7B0
:1079A00033D34464557555755565553566060000E5
:1079B00000000000000000000000000000009949E5
:1079C00099F977F799F9DDFDDDFDDDFDDDFDDDFDE3
:1079D000DDFDDDFDDDFDDDFD88F966F688F877F774
:1079E00077F733F377F766F666F677F766E6557559
:1079F000550500000000000000000000991999EAF8
:107A000077F7BBFBDDFDDDFDAAFA88F877F777F79E
:107A100088F899FADDFDDDFEDDFDBBFB66F688F832
:107A200077F766F643F499F977F766F699F988F8E7
:107A300055B533030000000000000000AA9A77F853
:107A4000BBFBDDFDCCFC77F777F788F888F899F970
:107A500099F999F988F8AAFAEEFEDDFECCFC66F6F3
:107A600077F877F755F566F699F988F866F699F993
:107A700099F955A5000000000000992999F999F994
:107A8000DDFEBBFB77F788F888F899F999F999FA40
:107A9000AAFAAAFAAAFA99F999F9DDFEEEFEBBFB59
:107AA00066F677F777F733F399F999FA77F788F865
:107AB000AAFA88F8445500000000AA9A77F7DDFD7D
:107AC000CCFC77F788F888F899F999F9AAFAAAFA14
:107AD000AAFAAAFAAAFBBAFBAAFA99F9EEFEEEFEF6
:107AE00088F877F777F755F555F5AAFA99FA65F614
:107AF000AAFAAAFA55D50000990999E999F9EEFE72
:107B000088F877F888F899F999F9AAFAAAFAAAFAF6
:107B1000BBFBBBFBBBFBBBFBBBFBAAFAAAFAEEFEA3
:107B2000DDFD66F677F777F733F3AAFAAAFA77F767
:107B300088F8AAFA88F84444AA3A77F7DDFDCCFC25
:107B400077F788F898F999F9AAFAAAFAAAFBBBFB81
:107B5000BBFBBBFBBBFBBBFB88F855F655F5DDFD5E
:107B6000EEFE88F877F777F744F477F8AAFAA9FADF
:107B700066F6AAFAAAFA4484AA7A87F8EEFE99F978
:107B800087F888F899F9AAFAAAFAAAFABBFBBBFB0C
:107B9000BBFCCCFCCCFC99F999F999F977F899F9E7
:107BA000EEFECCFC55F677F755F655F5AAFBBBFB78
:107BB00055F6BBFBAAFA44B5AAAA88F8EEFE77F7F9
:107BC00088F898F999F9AAFAAAFABBFBBBFBCCFC96
:107BD000CCFCCCFCAAFA99F9BBFBBBFBAAFA77F761
:107BE000EEFEEEFE66F777F766F633F3BBFBBBFB04
:107BF00066F699F988F854D599C999F9DDFD77F7B2
:107C000088F899F999F9AAFAAAFABBFBBBFBCCFC54
:107C1000CCFCDDFD88F899F9BBFBBBFBAAFA66F644
:107C2000CBFCEEFE88F877F766F632F399F988F820
:107C300055F576F777F744D598D9AAFACCFC77F7BB
:107C400088F899F999F9AAFAAAFAAAFABBFBBBFB38
:107C5000CCFCCCFC66F677F8AAFAAAFA88F855F5B7
:107C600099F9EEFEAAFA66F666F633F366F677F74A
:107C700055F566F677F744C488D8AAFBBBFB77F7BF
:107C800088F888F899F999F999F9AAFAAAFAABFA51
:107C9000BBFBDDFD66F744F566F666F655F544F484
:107CA00087F8EEFEBBFB66F666F633F455F566F62E
:107CB00044F565F666F6339388D9AAFACCFC77F7D3
:107CC00088F888F888F899F899F9AAF9BBFBCCFCF0
:107CD000DDFDDDFD99F943F444F444F443F433F459
:107CE00066F7EEFECCFC55F566F633F444F566F621
:107CF00044F455F644F5334399B999F9CCFC77F738
:107D000088F888F889F899F9AAFABBFBCCFCCCFC76
:107D1000CCFCCDFCDDFD54F533F433F433F333F315
:107D200066F6EEFECCFC55F566F633F444F455F5F4
:107D300033F355F533E33003999988F8EEFE77F77E
:107D400088F899F9AAFAAAFABBFBBBFBBBFBBBFB01
:107D5000BBFBDDFDEDFECCFC55F533F333F332F325
:107D600066F6EEFEBBFB55F666F633F344F444F5D7
:107D700033F343F422630000886876F7EEFE88F858
:107D800088F899F999FAAAFAAAFAAAFAAAFAAAFA1A
:107D9000CCFCDDFDDDFDDDFDDDFDAAFA88F999F9FC
:107DA00099F9EEFE99F966F666F622F344F433F398
:107DB00033F322B300000000883877F7CCFCAAFA2E
:107DC00088F888F899F999F999F999F999F9BBFB23
:107DD000CCFCCCFCCCFCCCFDCCFDCCFCCCFCCBFC62
:107DE000AAFAEEFE77F866F655F622F244F422F28D
:107DF00022D2220200000000000088E888F8DDFDA1
:107E000077F788F889F899F999F989F8AAFABBFB04
:107E1000BBFBCCFCCCFCCCFCCCFCCCFCCCFC99FA69
:107E2000CCFCEDFE55F566F655F522F222F221C2A4
:107E300021120000000000000000888866F6DDFDC9
:107E400099F988F888F888F888F899F9AAFABBFBB4
:107E5000BBFBBBFBBBFBBBFBBBFBBBFBBBFB99F996
:107E6000EEFEBBFB55F555F633F421F221820000FE
:107E700000000000000000000000772877F787F876
:107E8000DDFD77F788F888F888F8AAFAAAFAAAFA3E
:107E9000BAFBBBFBBBFBBBFBBBFBBBFB99F9CCFC45
:107EA000DDFE66F655F655F522F21152000000008F
:107EB000000000000000000000000000779766F658
:107EC000BBFBCCFC77F788F889F999F9AAFAAAFAEA
:107ED000AAFAAAFAAAFAAAFAAAFAAAFAAAFADDFE4B
:107EE000BBFB54F555F544F411810000000000007F
:107EF000000000000000000000000000771777E796
:107F000055F6CCFCBBFB77F788F888F999F999F915
:107F1000AAFAAAFAAAFAAAFA99F999F9DDFDDDFDF9
:107F200055F555F555F522F210110000000000003E
:107F30000000000000000000000000000000665784
:107F400077F755F5BBFCCCFC88F877F788F899F9FA
:107F500099F999F999F988F8AAFADDFDDDFD55F549
:107F600055F555F533F411610000000000000000E4
:107F70000000000000000000000000000000000001
:107F8000668666F655F599F9DDFDBBFB99F988F82B
:107F900088F888F9AAFADDFDDDFDBBFB55F555F53E
:107FA00055F544F411A2000000000000000000009C
:107FB00000000000000000000000000000000000C1
:107FC0000000669666F655F655F699F9DDFDDDFD7D
:107FD000DDFDDDFDDDFDBBFB77F744F455F555F523
:107FE00044F421B200010000000000000000000085
:107FF0000000000000000000000000000000000081
:1080000000000000656666F666F655F544F455F521
:1080100066F655F644F444F455F555F544F543F445
:10802000219200000000000000000000000000009D
:108030000000000000000000000000000000000040
:10804000000000000000552555B555F555F555F5CE
:1080500055F555F555F555F544F544F433D311422E
:108060000000000000000000000000000000000010
:108070000000000000000000000000000000000000
:10808000000000000000000000005525557554B5A3
:1080900054D544E444E444C4339311420000000046
:1080A00000000000000000000000000000000000D0
:1080B00000000000000000000000000001020304B6
:1080C000102840587088A0B8000000000000000090
:1080D00000000000000000000000000000000000A0
:1080E0000000000000000000000000000000000090
:1080F0000000000000000000000000000000000080
:10810000000000000003000300030003000300035D
:108110000003000300030003000000038007800742
:10812000000300000000000000000000000000004C
:10813000000000000000C00CC00CC00CC00CC00C43
:10814000C00C000000000000000000000000000063
:10815000000000000000000000000000000000001F
:10816000000000000000000018031803300630066D
:10817000FC7FFC7F600C600CC018C018F8FFF8FF93
:1081800080318031006300630000000000000000C7
:108190000000000000000000000000030003B00722
:1081A000F00F701C30180018E00FF00718001818B6
:1081B000381CF01FE01B80018001800100000000DE
:1081C000000000000000000000000000003E0077FA
:1081D000006300630077383EE0008003000EF8384B
:1081E000DC018C018C01DC01F800000000000000C3
:1081F000000000000000000000000000000000007F
:10820000000FC01F80180018001C000C000E301F4B
:10821000E033E031C030E038F01F300F00000000E4
:10822000000000000000000000000000000000004E
:10823000000300030003000300030003000000002C
:10824000000000000000000000000000000000002E
:10825000000000000000000000000000000000001E
:108260000000C000C0010003000300060006000675
:10827000000C000C000C000C000C000C00060006AA
:10828000000600030003C001C00000000000000061
:1082900000000000000C000E0003000380018001BC
:1082A0008001C000C000C000C000C000C00080014C
:1082B0008001800100030003000E000C000000009C
:1082C0000000000000000003000300033033F03F13
:1082D000C00F8007C00FE01C400800000000000035
:1082E000000000000000000000000000000000008E
:1082F000000000000000000000000000000000037B
:108300000003000300030003F87FF87F000300036D
:108310000003000300030000000000000000000054
:10832000000000000000000000000000000000004D
:10833000000000000000000000000000000000003D
:10834000C003C003800300070007000E000C000CF0
:10835000000000000000000000000000000000001D
:10836000000000000000000000000000F83FF83F9F
:1083700000000000000000000000000000000000FD
:1083800000000000000000000000000000000000ED
:1083900000000000000000000000000000000000DD
:1083A00000000000000380078007000300000000B9
:1083B000000000000000000000000000300030005D
:1083C00060006000C000C000800180010003000365
:1083D000000300060006000C000C00180018003016
:1083E000003000000000000000000000000000005D
:1083F00000008007E01F60183030303030303030FF
:10840000303030303030303030306018E01F80078E
:10841000000000000000000000000000000000005C
:10842000000000008003801F801D8001800180010A
:108430008001800180018001800180018001F81F9E
:10844000F81F000000000000000000000000000015
:108450000000000000008007E01F601830183000A6
:1084600030006000E000C00180030007000E3018FB
:10847000F03FF03F0000000000000000000000009E
:108480000000000000000000800FC03FE0306000EE
:108490006000E000C003E0037000300030003000F6
:1084A0006038E03F800F0000000000000000000086
:1084B00000000000000000000000C000C001C00378
:1084C000C002C006C00CC008C018C830F83FF83F52
:1084D000C000C000F003F003000000000000000036
:1084E000000000000000000000000000E03FE03F4E
:1084F0000030003000308037E03F6038300030001E
:10850000300030006038E03F800F000000000000C5
:108510000000000000000000000000000000F0016A
:10852000F00F000E0018001800308037E03F603870
:108530003030303030306018E01F8007000000001D
:10854000000000000000000000000000000000002B
:10855000F03FF03F303060006000C000C00080019C
:10856000800180010003000300060006000C0000EB
:1085700000000000000000000000000000000000FB
:1085800000008007E01F6018303030306018C00FE6
:10859000C00F60183030303030306018E01F800776
:1085A00000000000000000000000000000000000CB
:1085B000000000008007E01F60183030303030309D
:1085C0007018F01FB007300060006000C001C03FAD
:1085D000003E00000000000000000000000000005D
:1085E0000000000000000000000000000003800701
:1085F0008007000300000000000000000003800767
:1086000080070003000000000000000000000000E0
:108610000000000000000000000000000000000357
:1086200080078007000300000000000000008007B2
:1086300080070007000E000E001C00180018000044
:10864000000000000000000000000000000000002A
:1086500018007800E0018007001E00780078001EF6
:108660008007E00178001800000000000000000012
:1086700000000000000000000000000000000000FA
:108680000000000000000000F87FF87F00000000FC
:10869000F87FF87F000000000000000000000000EC
:1086A00000000000000000000000000000000000CA
:1086B0000000000000600078001E8007E0017800E4
:1086C0007800E0018007001E0078006000000000D4
:1086D000000000000000000000000000000000009A
:1086E000801FE01F6018300030007000E001C007FC
:1086F0000006000600000006000F000F0006000044
:108700000000000000000000000000000000000069
:1087100000008007E01F601830303030F0337037D1
:10872000303630367837D833003000300018E01F4C
:10873000E007000000000000000000000000000052
:1087400000000000001F001F80078007C00CC00C45
:10875000C00C6018E01FE01F601830303030FCFCA7
:10876000FCFC000000000000000000000000000011
:10877000000000000000C07FE07F70183018301843
:108780007018E01FF01F3818181818181818381823
:10879000F07FE07F0000000000000000000000000B
:1087A0000000000000000000D807F81F783C1830D7
:1087B00018700060006000600060006000700830A9
:1087C0003C3CF81FE0070000000000000000000033
:1087D00000000000000000000000807FE07FF01833
:1087E00030183818181818181818181818183818B1
:1087F0003018F018E07F807F0000000000000000CB
:10880000000000000000000000000000F87FF87F7A
:1088100018181818D818C018C01FC01FC018C018C2
:10882000181818181818F87FF87F000000000000CA
:108830000000000000000000000000000000FC3FFD
:10884000FC3F0C0C0C0C6C0C600CE00FE00F600C8F
:10885000600C000C000C000C803F803F000000000A
:108860000000000000000000000000000000000008
:10887000D807F81F783C183018700060006000605E
:10888000FC61FC6118701830383CF81FE0070000EC
:1088900000000000000000000000000000000000D8
:1088A0000000FCFCFCFC3030303030303030F03F29
:1088B000F03F30303030303030303030FCFCFCFCB9
:1088C00000000000000000000000000000000000A8
:1088D00000000000F03FF03F00030003000300032E
:1088E0000003000300030003000300030003F03F44
:1088F000F03F000000000000000000000000000049
:10890000000000000000FC07FC0760006000600041
:108910006000600060006000606060606060C07067
:10892000C03F000F00000000000000000000000039
:108930000000000000000000F8FCF8FC6030C030CF
:10894000803100330037803FC039E0306030703014
:1089500030303CFC3CFC0000000000000000000047
:1089600000000000000000000000807F807F000CFD
:10897000000C000C000C000C000C000C0C0C0C0C7F
:108980000C0C0C0CFC7FFC7F0000000000000000C1
:108990000000000000000000000000003CF03CF07F
:1089A000787878787878D86CD86CD86C986798672D
:1089B0001863186318607CF87CF800000000000061
:1089C0000000000000000000000000000000FCF1BA
:1089D000FCF93038303C303C303630363033B03152
:1089E000B031F030F030703070FE30FE000000002A
:1089F0000000000000000000000000000000000077
:108A0000C00FF03F787818601CE00CC00CC00CC0A0
:108A10000CC00CC01CE018607878F03FC00F00005C
:108A20000000000000000000000000000000000046
:108A30000000C07FF07F3018181818181818301868
:108A4000F01FC01F0018001800180018807F807FDA
:108A50000000000000000000000000000000000016
:108A600000000000C00FF03F787818601CE00CC0D8
:108A70000CC00CC00CC00CC01CE018607878F03F33
:108A8000C00F0004FC1F380E0000000000000000B2
:108A900000000000000080FFE0FF60303030303028
:108AA00030306030E03F803FC031E03060307030C7
:108AB0003CFC3CFC00000000000000000000000046
:108AC0000000000000000000B007F01F70183030F8
:108AD00000300038E01FF00F380018001830183050
:108AE0003038F03FC03700000000000000000000F8
:108AF00000000000000000000000F87FF87F18630D
:108B000018631863186300030003000300030003E5
:108B100000030003E01FE01F000000000000000051
:108B2000000000000000000000000000FCFCFCFC55
:108B30003030303030303030303030303030303035
:108B4000303030306018E01F800700000000000067
:108B50000000000000000000000000000000FCFC1D
:108B6000FCFC303030303030601860186018C00CB9
:108B7000C00C80078007800700030003000000008E
:108B800000000000000000000000000000000000E5
:108B90007CF87CF818601860186018633033303344
:108BA000B037B037B037E03CE01C60186018000008
:108BB00000000000000000000000000000000000B5
:108BC0000000FCFCFCFC30306018C00CC00C8007BE
:108BD00000038007C00CC00C60183030FCFCFCFCAB
:108BE0000000000000000000000000000000000085
:108BF00000000000FCFCFCFC303060186018C00C69
:108C0000C00C800780070003000300030003E01F7F
:108C1000E01F000000000000000000000000000055
:108C2000000000000000F03FF03F7030E030C03046
:108C300080018001000300060006300C301C303833
:108C4000F03FF03F000000000000000000000000C6
:108C50000000000000000000C007C007000600067A
:108C600000060006000600060006000600060006D4
:108C7000000600060006000600060006C007C00742
:108C80000000000000000030003000180018000C48
:108C9000000C0006000600030003000380018001B1
:108CA000C000C00060006000300030000000000024
:108CB000000000000000000000000000C007C00726
:108CC000C000C000C000C000C000C000C000C000A4
:108CD000C000C000C000C000C000C000C000C00094
:108CE000C007C0070000000000008001C00360064C
:108CF000300C000000000000000000000000000038
:108D00000000000000000000000000000000000063
:108D10000000000000000000000000000000000053
:108D20000000000000000000000000000000000043
:108D30000000000000000000000000000000000033
:108D40000000FEFFFEFF0000000000000000000C1D
:108D5000000E8003C00000000000000000000000C2
:108D60000000000000000000000000000000000003
:108D700000000000000000000000000000000000F3
:108D800000000000000000000000E007F01F3808AD
:108D90001800D807F81F3818183018307818FE1F38
:108DA0009E0700000000000000000000000000001E
:108DB000000000000078007800180018C01BF01FA9
:108DC000381C18180C180C180C180C181818381C0B
:108DD000F07FC07B000000000000000000000000E9
:108DE0000000000000000000000000000000CC03B4
:108DF000FC0F3C1C0C180C30003000300030081800
:108E00001C1CF80FE0030000000000000000000040
:108E10000000000000000000780078001800180032
:108E2000D803F80F381C18181830183018301830BC
:108E30001818381CFE0FDE030000000000000000C0
:108E40000000000000000000000000000000000022
:108E50000000C003F00F381C18180C30FC3FFC3F1A
:108E600000300018181CFC0FF00300000000000088
:108E7000000000000000000000000000FC00FC01F9
:108E800080030003F81FF81F000300030003000322
:108E90000003000300030003F81FF81F0000000098
:108EA00000000000000000000000000000000000C2
:108EB000000000000000DE03FE0F381C18181830F8
:108EC0001830183018301818381CF80FD807180048
:108ED00018006000E01F801F00000000000000007C
:108EE0000078007800180018E019F01F381E1818D4
:108EF0001818181818181818181818187E7E7E7E5A
:108F00000000000000000000000000000000000061
:108F100080018001800100000000801F801F80010F
:108F20008001800180018001800180018001FC3F7F
:108F3000FC3F0000000000000000000000000000F6
:108F40000000C000C000C00000000000E01FE01FE3
:108F50006000600060006000600060006000600011
:108F60006000600060006000C000C01F001F0000C3
:108F7000000000000000003C003C000C000CFC0C59
:108F8000FC0C600CC00C800D000F800FE00C700C0E
:108F9000180C7E3C7E3C0000000000000000000039
:108FA0000000000000000000801F801F8001800181
:108FB00080018001800180018001800180018001A9
:108FC00080018001F81FF81F000000000000000071
:108FD0000000000000000000000000000000000091
:108FE00000007877FC7FCC398C318C318C318C311E
:108FF0008C318C318C31CE79CE79000000000000AC
:109000000000000000000000000000000000000060
:1090100000000000E079F07F381E181818181818A2
:1090200018181818181818187E7E7E7E0000000088
:109030000000000000000000000000000000000030
:10904000000000000000C003F00F381C18180C309E
:109050000C300C300C301818381CF00FC003000016
:109060000000000000000000000000000000000000
:109070000000000000000000C07BF07F381C1818C2
:109080000C180C180C180C181818381CF01FC01BE2
:10909000001800180018807F807F0000000000008A
:1090A00000000000000000000000DE03FE0F381C7E
:1090B000181818301830183018301818381CF80FD5
:1090C000D803180018001800FE01FE01000000007F
:1090D0000000000000000000000000007C1EFE1EDA
:1090E000CC07000700060006000600060006000682
:1090F000E01FE01F00000000000000000000000072
:109100000000000000000000000000000000D80780
:10911000F80F381C18180018F00FF8070C000C187E
:109120001C1CF81FF01B00000000000000000000E5
:10913000000000000000000000000006000600061D
:10914000F83FF83F0006000600060006000600068D
:1091500004060E07FC03F001000000000000000000
:1091600000000000000000000000000000000000FF
:109170000000F878F878181818181818181818181F
:1091800018181818781CFE0F9E0700000000000039
:1091900000000000000000000000000000000000CF
:1091A000000000007E7E7E7E18181818300C300CEF
:1091B00060066006C003C00380018001000000005B
:1091C000000000000000000000000000000000009F
:1091D0000000000000003E7C3E7C0C300C309819F2
:1091E00098199819B00DF00F700E60066006000017
:1091F000000000000000000000000000000000006F
:1092000000000000000000007C3E7C3E300C600648
:10921000C00380018001C0036006300C7C3E7C3EB0
:10922000000000000000000000000000000000003E
:10923000000000000000000000007E7E7E7E181806
:109240001818300C300C600660064003C003800123
:109250008001000300030006807F807F0000000083
:10926000000000000000000000000000F81FF81FD0
:1092700030186018C0008001800100031806180C27
:10928000F81FF81F000000000000000000000000B0
:1092900000000000000000006000E0018001000309
:1092A0000003000300030003000E001C000E000377
:1092B000000300030003000300038001E0016000DD
:1092C0000003000300030003000300030003000386
:1092D0000003000300030003000300030003000376
:1092E0000003000300030003000300030003000366
:1092F000000300000000000000000000000C000F50
:10930000000380018001800180018001E000700085
:10931000E000800180018001800180018001000364
:10932000000F000C0000000000000000D807F00D46
:10933000000000000000000000000000000000002D
:10934000000000000000000000000000000000001D
:10935000000000000000000000000000000000000D
:1093600000000000000000000000000000000000FD
:109370000000000000008003C007C0078003000059
:1093800000000000000000000000000000000000DD
:109390000000F0FFF0FF30C630C600060006F807F8
:1093A000FC070E06060606060606CE06FC3E783EBE
:1093B000000000000000000000000000E000C0010C
:1093C00080030000FC3FFC3F0C0C0C0C0C0C000C50
:1093D000000C000C000C000C000C000C000C803F7A
:1093E000803F0000000000000000000000000000BE
:1093F000000000000000000000000000000000006D
:1094000000000000000000000000000000008003D9
:1094100080038000800000010002000000000000C6
:1094200000000000000080030007000E0000F8FFAD
:10943000F8FF1830183000300030003000300030B5
:10944000003000FC00FC00000000000000000000F4
:10945000000000000000000000000000000000000C
:1094600000000000000000000000000000000000FC
:109470000000701C701C1004100420084010000034
:1094800000000000000000000000000000000000DC
:1094900000000000000000000000000000000000CC
:1094A000000000006066606660660000000000006A
:1094B0000000000000000000000000000000800725
:1094C00000030003F03FF03F000300038007800724
:1094D000000300030003000300030003000000007A
:1094E000000000000000000000000000000000007C
:1094F000800700030003F03FF03F000300038007F4
:10950000800700030003F03FF03F000300038007E3
:10951000000000000000000000000000000000004B
:10952000000000000000000000000000000000003B
:10953000000000000000000000000000000000002B
:10954000000000000000000000000000000000001B
:1095500000000000807800CD0085008600CA007CF5
:10956000000400080008BC07E60C42184218E62C6C
:10957000BC27000000000000000000000000000008
:10958000000000000000E0FFE0FF8031803180310A
:10959000F831FC318E3186318631863186718E61AB
:1095A000FCE7F8C700000000000000000000000019
:1095B00000000000000000000000000000000000AB
:1095C000000080008001800100030003000380018F
:1095D000800180000000000000000000000000008A
:1095E00000000000000000000000E0F3E0F38061F4
:1095F000806180618061F87FFC7F8E618661866119
:1096000086618E61FCF3F8F30000000000000000AA
:1096100000000000C001800300070000F8FCF8FC17
:109620006030C030803100330037803FC039E030D7
:109630006030703030303CFC3CFC0000000000002A
:109640000000000000000000000000000000F0FF2B
:10965000F0FF30C630C600060006F807FC070E060D
:1096600006060606060606068E1F8E1F0000000070
:1096700000000000000000000000000000000000EA
:10968000FCFCFCFC303030303030303030303030AA
:1096900030303030303030303030FCFFFCFF0003F1
:1096A00000030000000000000000000000000000B7
:1096B0000018C07FC07F0018E019F01F381E18186E
:1096C000181818181818181818181818187E187E4E
:1096D00018001800B003E0010000000000000000C6
:1096E00000000000C000C000C001C0018003800372
:1096F00080070000000000000000000000000000E3
:109700000000000000000000000000000000000059
:10971000000000000000C003800380030007000772
:10972000000600060000000000000000000000002D
:109730000000000000000000000000000000000029
:1097400000000000000000000C060C061C0E1C0EA1
:10975000381C381C783C00000000000000000000AD
:1097600000000000000000000000000000000000F9
:10977000000000000000000000003C0F380E380E12
:10978000701C701C601860180000000000000000D1
:1097900000000000000000000000000000000000C9
:1097A00000000000000000000000000000000000B9
:1097B000000000000000000000008003C007C00798
:1097C0008003000000000000000000000000000016
:1097D0000000000000000000000000000000000089
:1097E00000000000000000000000E00FE00F00009B
:1097F0000000000000000000000000000000000069
:109800000000000000000000000000000000000058
:10981000000000000000000000000000FC7FFC7F52
:109820000000000000000000000000000000000038
:109830000000000000000000000000000000000028
:109840000000000000000000000000000000000018
:109850000000000000000000000000000000000008
:1098600000000000000000000000000000000000F8
:10987000000002FD86FDCE31FE31B63186318631E3
:109880008631000000000000000000000000000021
:1098900000000000000000000000000000000000C8
:1098A000000000000000000000000000F07FF07FDA
:1098B000C018C018C018FC18FE18C618C238C63028
:1098C000FEF3FCE3000000000000000000000000C8
:1098D0000000000000000000000000000000000088
:1098E00000000002000300038001800180010003EA
:1098F0000003000200000000000000000000000063
:109900000000000000000000000000000000000057
:10991000E0F1E0F1C060C060C060FC7FFE7FC66027
:10992000C260C660FEF1FCF1000000000000000013
:1099300000000000000000000000E000C001800303
:109940000000FC3CFC3C600CC00C800D000F800F44
:10995000E00C700C180C7E3C7E3C00000000000007
:109960000000000000000000000000000018C07FA0
:10997000C07F0018E019F01F381E181818181818A2
:1099800018181818181818187E7E7E7E000000001F
:1099900000000000000000000000000000000000C7
:1099A0000000000000007E7E7E7E1818181818182F
:1099B00018181818181818181818FE7FFE7F80013C
:1099C0008001000000000000000000000000000016
:1099D0000000000000000000000000000000000087
:1099E0000000000000000000000000000000000077
:1099F0000000000000000000000000000000C00C9B
:109A000080070003FCFCFCFC30303030301860185C
:109A1000600C600CC006C006800380038033003FEA
:109A2000000E000000000000000000000000000028
:109A3000000000006006C003800100007E7E7E7E84
:109A400018181818300C300C600660064003C0036C
:109A500080018001000300030006807F807F0000FA
:109A60000000000000000000FC07FC076000600030
:109A700060006000600060006000606060606060C6
:109A8000C070C03F000F0000000000000000000098
:109A9000000000000000000000000820D017E00EC9
:109AA00030183018101030183018E00ED017082079
:109AB00000000000000000000000000000000000A6
:109AC00000000000000000000C000C00FC3FFC3F08
:109AD000000C000C000C000C000C000C000C000C26
:109AE000000C000C000C803F803F000000000000D4
:109AF000000000000000000000030003000300035A
:109B00000003000300030003000300000000000046
:109B10000000000300030003000300030003000330
:109B2000000300030000000000000000000000002F
:109B3000F007F00F300C301C003E0037C033E03926
:109B4000701C380F9807D801F80070186018E01FD3
:109B5000C01F0000000000000000701C701C00000E
:109B60000000F87FF87F18181818D818C018C01F00
:109B7000C01FC018C018181818181818F87FF87FD8
:109B800000000000000000000000000000000000D5
:109B900000000000C007701C18300C60C447C6CC21
:109BA000C28C028C028C66CCC4470C601830701CCE
:109BB000C0070000000000000000000000000000DE
:109BC000000000000000D807F81F783C183018701B
:109BD0000060807F807F00600060007008303C3C47
:109BE000F81FE00700000000000000000000000077
:109BF0000000000000000000000000000000000065
:109C00000000200260066006C00CC00CC00C60069C
:109C100060062002000000000000000000000000BC
:109C20000000000000000000000000000000000034
:109C3000000000000000F87FF87F180018001800EE
:109C400018000000000000000000000000000000FC
:109C50000000000000000000000000000000000004
:109C6000000000000000000000000000F83FF83F86
:109C700000000000000000000000000000000000E4
:109C80000000000000000000000000000000C0070D
:109C9000701C18300C60C44F66C66286C287C286CC
:109CA00066C6644F0C601830701CC00700000000CE
:109CB00000000000000000006018601800000000B4
:109CC000F03FF03F00030003000300030003000324
:109CD00000030003000300030003F03FF03F000017
:109CE0000000000000000000000000000000000074
:109CF00000008007C00F6018601860186018C00F5F
:109D000080070000000000000000000000000000CC
:109D10000000000000000000000000000000000043
:109D20000000000000000003000300030003F87FB0
:109D3000F87F000300030003000300000000F87F29
:109D4000F87F00000000000000000000000000009C
:109D5000000000000000F03FF03F0003000300039C
:109D600000030003000300030003000300030003DB
:109D7000F03FF03F00000000000000000000000085
:109D80000000000080018001800100000000801FB1
:109D9000801F80018001800180018001800180019D
:109DA0008001FC3FFC3F00000000000000000000BC
:109DB0000000000000000000000000001800180073
:109DC000F87FF87F00180018001800180018001815
:109DD00000180018007E007E000000000000000057
:109DE0000000000000000000000000000000000073
:109DF0000000F878F8781818181818181818181893
:109E000018181818781CFE1F9E1F001800180070E4
:109E10000060000000000000000000000000F81FCB
:109E2000783E607E607E607E607E607E603E601E0A
:109E3000600660066006600660066006781E781E92
:109E40000000000000000000000000000000000012
:109E5000000000000000000000008001C003C003FB
:109E60008001000000000000000000000000000071
:109E700000000000000000000000000000000000E2
:109E8000300C300C00000000C003F00F381C181814
:109E90000C30FC3FFC3F00300018181CFC0FF00396
:109EA00000000000000000000000000000000000B2
:109EB00000000000FEF1FEF96638663C7E3C7E360E
:109EC00060366033E031E031E030E030603060FE39
:109ED00060FE000000000000000000000000000024
:109EE000000000000000000000000000CC03FC0F98
:109EF0003C1C0C180C30803F803F003008181C1CA4
:109F0000F80FE00300000000000000000000000067
:109F10000000000000000000000000000000000041
:109F200000008008C00CC00C600660066006C00C13
:109F3000C00C8008000000000000000000000000CD
:109F4000000000000000C000C000C00000000000D1
:109F5000E01FE01F600060006000600060006000C3
:109F6000600060006000600060006000C000C01F12
:109F7000001F00000000000000000000B007F01FFC
:109F80007018303000300038E01FF00F3800180033
:109F9000183018303038F03FC037000000000000A3
:109FA00000000000000000000000000000000000B1
:109FB00000000000D807F80F381C18180018F00F20
:109FC000F8070C000C181C1CF81FF01B0000000008
:109FD000000000000000000000000000300C300C09
:109FE000300C00000000801F801F80018001800174
:109FF00080018001800180018001FC3FFC3F000066
:10A000000000000000000000000000000000000050
:10A010000000001F001F80078007C00CC00CC00C90
:10A020006018E01FE01F601830303030FCFCFCFC92
:10A030000000000000000000000000000000000020
:10A0400000000000F07FF07F3018001800180018A2
:10A05000E01FF01F38181818181818183818F07F53
:10A06000E07F000000000000000000000000000091
:10A07000000000000000C07FE07F7018301830182A
:10A080007018E01FF01F381818181818181838180A
:10A09000F07FE07F000000000000000000000000F2
:10A0A0000000000000000000FC3FFC3F0C0C0C0C0A
:10A0B0000C0C000C000C000C000C000C000C000C34
:10A0C000000C803F803F0000000000000000000006
:10A0D00000000000000000000000FC3FFC3F300CCE
:10A0E000300C300C300C300C300C301C3018301868
:10A0F00030383070FCFFFCFF0CC00CC000000000CA
:10A10000000000000000000000000000F87FF87F61
:10A1100018181818D818C018C01FC01FC018C018A9
:10A12000181818181818F87FF87F000000000000B1
:10A1300000000000000000000000000000008E7120
:10A140009E799819B00DB00DE007C003E007F00F3D
:10A15000B81D98199C398C318E718E7100000000E9
:10A1600000000000000000000000000000000000EF
:10A17000E01FF03F3870187018003000E001F00167
:10A1800038001800180018703870F03FE01F000009
:10A1900000000000000000000000000000000000BF
:10A1A00000003CFE7CFE7030F030F030B031B03159
:10A1B000303330363036303C303C3038FCF9FCF14E
:10A1C000000000000000000000000000300CF00F54
:10A1D000E00700003CFE7CFE7030F030F030B03123
:10A1E000B031303330363036303C303C3038FCF92A
:10A1F000FCF1000000000000000000000000000072
:10A20000000000000000F8FCF8FC6030C030803135
:10A2100000330037803FC039E0306030703030307C
:10A220003CFC3CFC000000000000000000000000BE
:10A230000000000000000000FC3FFC3F300C300C30
:10A24000300C300C300C300C300C300C300C301C1E
:10A250003018FC78FC7000000000000000000000D6
:10A26000000000000000000000003CF03CF07878A6
:10A2700078787878D86CD86CD86C986798671863B9
:10A28000186318607CF87CF80000000000000000F3
:10A29000000000000000000000000000FCFCFCFCCE
:10A2A0003030303030303030F03FF03F3030303010
:10A2B000303030303030FCFCFCFC0000000000008E
:10A2C0000000000000000000000000000000C00FBF
:10A2D000F03F787818601CE00CC00CC00CC00CC0BB
:10A2E0000CC01CE018607878F03FC00F0000000040
:10A2F000000000000000000000000000000000005E
:10A30000FCFFFCFF30303030303030303030303017
:10A3100030303030303030303030FCFCFCFC00006D
:10A32000000000000000000000000000000000002D
:10A330000000C07FF07F301818181818181830184F
:10A34000F01FC01F0018001800180018807F807FC1
:10A3500000000000000000000000000000000000FD
:10A3600000000000D807F81F783C18301870006013
:10A370000060006000600060007008303C3CF81F26
:10A38000E0070000000000000000000000000000E6
:10A39000000000000000F87FF87F1863186318635E
:10A3A000186300030003000300030003000300031D
:10A3B000E01FE01F0000000000000000000000009F
:10A3C0000000000000000000FCFCFCFC30303030DD
:10A3D00030186018600C600CC006C0068003800353
:10A3E0008033003F000E000000000000000000006D
:10A3F00000000000000000000000E00FE00F8003FC
:10A40000E00FF83FBC7B8C638EE38C63BC7BF83F32
:10A41000E00F8003E00FE00F0000000000000000EC
:10A42000000000000000000000000000FCFCFCFC3C
:10A4300030306018C00CC00C800700038007C00CCF
:10A44000C00C60183030FCFCFCFC00000000000078
:10A450000000000000000000000000000000FCFC04
:10A46000FCFC303030303030303030303030303054
:10A470003030303030303030FCFFFCFF0C000C004E
:10A4800000000000000000000000000000000000CC
:10A49000FCFCFCFC3030303030303030303030308C
:10A4A000F03FF01F300030003000FC00FC000000E6
:10A4B000000000000000000000000000000000009C
:10A4C00000007EF87EF81863186318631863186339
:10A4D000186318631863186318631863FEFFFEFFA0
:10A4E000000000000000000000000000000000006C
:10A4F000000000007CF87CF8186318631863186388
:10A500001863186318631863186318631863FEFFF1
:10A51000FEFF060006000000000000000000000032
:10A5200000000000000000FF00FF00CC00CC000C89
:10A53000000CE00FF80F180C0C0C0C0C0C0C180C89
:10A54000F83FE03F000000000000000000000000B5
:10A5500000000000000000003EFE3EFE0C300C300B
:10A560000C300C300C3FCC3FCC306C306C306C304D
:10A57000CC30DEFF1EFF00000000000000000000E5
:10A5800000000000000000000000807F807F0018B5
:10A59000001800180018C01FF01F301818181818DD
:10A5A00018183018F07FC07F000000000000000085
:10A5B000000000000000000000000000C037F03F75
:10A5C000783C18301C300C00FC01FC010C000C0025
:10A5D0001C0018207878F03FC00F00000000000039
:10A5E0000000000000000000000000000000E0F893
:10A5F000F8FBBC670C660E6E066C067C067C066C6F
:10A60000066C0E6E0C66BC67F8FBE0F800000000FC
:10A61000000000000000000000000000000000003A
:10A62000FC07FC1F3018303030303030301CF01F49
:10A63000F007300E301C30183038FCF0FCF0000011
:10A64000000000000000000000000000000000000A
:10A650000000000000000000E007F01F38081800AC
:10A66000D807F81F3818183018307818FE1F9E07C2
:10A6700000000000000000000000000000000000DA
:10A680001800F001E003C007000CC00BF01F381CDD
:10A6900018180C300C300C300C301818381CF00F17
:10A6A000C0030000000000000000000000000000E7
:10A6B000000000000000000000000000F0FFF8FFB4
:10A6C0000C300C301830F03FF03F18300C301C309C
:10A6D000F8FFF0FF00000000000000000000000094
:10A6E0000000000000000000000000000000F8FF73
:10A6F000F8FF1830183000300030003000300030E3
:10A70000003000FC00FC0000000000000000000021
:10A710000000000000000000000000000000000039
:10A72000FC3FFC3F300C300C300C300C300C300C4B
:10A73000301C3018FC7FFC7F0C600C6000000000B7
:10A740000000000000000000000000000000000009
:10A750000000C003F00F381C18180C30FC3FFC3F01
:10A7600000300018181CFC0FF0030000000000006F
:10A7700000000000000000000000000000000000D9
:10A78000000000009E799E79B00DE007C0038001B3
:10A79000C003F00FB81D8C318E718E710000000067
:10A7A00000000000000000000000000000000000A9
:10A7B000000000000000F00FF81F0C300C301800F3
:10A7C000F003F00318000C301C30F81FF00F0000ED
:10A7D0000000000000000000000000000000000079
:10A7E00000000000000000007E7E7E7E18183818F1
:10A7F0007818F818D819981B181F181E7E7C7E78B8
:10A800000000000000000000000000000000000048
:10A8100000006006E007800100007E7E7E7E181842
:10A8200038187818F818D819981B181F181E7E7C2D
:10A830007E78000000000000000000000000000022
:10A84000000000000000000000000000FC3CFC3C98
:10A85000600CC00C800D000F800FE00C700C180C09
:10A860007E3C7E3C00000000000000000000000074
:10A870000000000000000000000000000000FC3F9D
:10A88000FC3F300C300C300C300C300C300C301CD9
:10A890003018FC78FC700000000000000000000090
:10A8A00000000000000000000000000000000000A8
:10A8B0001E781E783C3C2C346C364C32CC338C31B8
:10A8C0008C310C301E781E78000000000000000063
:10A8D0000000000000000000000000000000000078
:10A8E00000007E7E7E7E181818181818F81FF81FB2
:10A8F0001818181818187E7E7E7E000000000000D0
:10A900000000000000000000000000000000000047
:10A9100000000000C003F00F381C18180C300C3079
:10A920000C300C301818381CF00FC0030000000069
:10A930000000000000000000000000000000000017
:10A94000000000000000FE7FFE7F1818181818187D
:10A95000181818181818181818187E7E7E7E00000F
:10A9600000000000000000000000000000000000E7
:10A970000000000000000000C07BF07F381C1818A9
:10A980000C180C180C180C181818381CF01FC01BC9
:10A99000001800180018807F807F00000000000071
:10A9A00000000000000000000000CC03FC0F3C1C75
:10A9B0000C180C3000300030003008181C1CF80F48
:10A9C000E0030000000000000000000000000000A4
:10A9D000000000000000000000000000FC3FFC3F01
:10A9E0008C318C31800180018001800180018001E7
:10A9F000E007E00700000000000000000000000089
:10AA000000000000000000000000000000007E7E4A
:10AA10007E7E18181818300C300C60066006400353
:10AA2000C00380018001000300030006807F807F57
:10AA30000000000000000000C00FC00F0003000372
:10AA4000C00FF03F387318630CC30CC30CC30CC3A6
:10AA500018633873F03FC00F00030003C00FC00F2E
:10AA600000000000000000000000000000000000E6
:10AA700000007C3E7C3E300C6006C00380018001FB
:10AA8000C0036006300C7C3E7C3E000000000000ED
:10AA900000000000000000000000000000000000B6
:10AAA000000000007E7E7E7E1818181818181818EE
:10AAB0001818181818181818FE7FFE7F06000600D0
:10AAC0000000000000000000000000000000000086
:10AAD0000000000000007E7E7E7E181818181818EE
:10AAE0001818F81FF80F180018007E007E000000EC
:10AAF0000000000000000000000000000000000056
:10AB000000000000000000009E799E798C318C319D
:10AB10008C318C318C318C318C318C31FE7FFE7FCD
:10AB20000000000000000000000000000000000025
:10AB3000000000000000000000009E799E798C312A
:10AB40008C318C318C318C318C318C318C31FE7F5D
:10AB5000FE7F06000600000000000000000000006C
:10AB600000000000000000000000000000FC00FCED
:10AB700000CC00CCF00FF80F3C0C0C0C0C0C3C0C77
:10AB8000F80FF00F000000000000000000000000BF
:10AB900000000000000000000000000000003EFC7B
:10ABA0003EFC0C300C308C3FCC3FEC316C306C30C8
:10ABB000EC31DEFF9EFF00000000000000000000FE
:10ABC0000000000000000000000000000000000085
:10ABD000007E007E00180018E01FF01F781818187B
:10ABE00018187818F07FE07F0000000000000000D7
:10ABF0000000000000000000000000000000000055
:10AC00000000C033F03F383C18300C30FC01FC0130
:10AC10000C0018103838F01FC007000000000000BA
:10AC20000000000000000000000000000000000024
:10AC300000000000E0F8F8FB1C670C66066C067C60
:10AC4000067C066C0C661C67F8FBE0F80000000050
:10AC500000000000000000000000000000000000F4
:10AC6000000000000000FE03FE0F181C1818181842
:10AC7000181CF80FF803180318277E3E7E1C0000EE
:10AC800000000000000000000000000000000000C4
:10AC900000000000000000000000000000000000B4
:10ACA00000000000000000000000000000000000A4
:10ACB0000000000000000000000000060006000682
:10ACC000000600060006000600000006000F000651
:10ACD0000000000000000000000000000000000074
:10ACE0000000801980198019801980190000000067
:10ACF0000000000000000000000000000000000054
:10AD00000000000000000000000060066006C00CAB
:10AD1000C00CF07F80198019E0FF0033003300661B
:10AD200000660000000000000000000000000000BD
:10AD3000000000060006C01EC031C0300030000F09
:10AD4000C000C030C0388037000600060006000092
:10AD5000000000000000000000000038006C00440B
:10AD6000C06C00390006C009603320026003C001D6
:10AD700000000000000000000000000000000000D3
:10AD80000000001F8031003000300018C03CC06659
:10AD900080638061C073603E00000000000000001E
:10ADA0000000000000000000000000060006000691
:10ADB0000006000600000000000000000000000087
:10ADC0000000000000000000000000000000000083
:10ADD00000000001000300060006000C000C000C3F
:10ADE000000C000C000C000C000600060003000123
:10ADF000000000000000000000000008000C000639
:10AE00000006000300030003000300030003000327
:10AE100000060006000C0008000000000000000012
:10AE2000000000060006C036801F000F8019801940
:10AE30000000000000000000000000000000000012
:10AE400000000000000000000000000000000004FE
:10AE5000000400040004C07F000400040004000497
:10AE600000000000000000000000000000000000E2
:10AE700000000000000000000000000000000000D2
:10AE80000000000700070006000E000C000C000088
:10AE900000000000000000000000000000000000B2
:10AEA000000000000000E03F000000000000000083
:10AEB0000000000000000000000000000000000092
:10AEC0000000000000000000000000000000000082
:10AED0000006000F000F0006000000000000000048
:10AEE000000000004000C00080008001000100035D
:10AEF000000200060004000C0008001800100030DA
:10AF00000020000000000000000000000000000021
:10AF10000000000F80198010C030C030C030C03039
:10AF2000C03080108019000F0000000000000000F9
:10AF300000000000000000000000000E003E0006BF
:10AF40000006000600060006000600060006C03FD8
:10AF500000000000000000000000000000000000F1
:10AF60000000000F8039C010C000C0008001000345
:10AF70000006000CC018C03F0000000000000000E8
:10AF800000000000000000000000001F802380017E
:10AF900080010003800FC001C000C0008031001F8D
:10AFA00000000000000000000000000000000000A1
:10AFB00000000007000F000B001B0033002340635C
:10AFC000C07F0003000380070000000000000000B5
:10AFD00000000000000000000000803F0030003052
:10AFE0000030003F8031C000C000C0008031001F31
:10AFF0000000000000000000000000000000000051
:10B0000000008007001C0018003000378039C03075
:10B01000C030C0308019000F0000000000000000A8
:10B0200000000000000000000000C03FC0308000B1
:10B0300080018001000100030003000200060006F9
:10B040000000000000000000000000000000000000
:10B050000000000F8019C030C0308019000F801927
:10B06000C030C0308019000F000000000000000058
:10B0700000000000000000000000000F8019C03038
:10B08000C030C030C019C00EC00080018003001E57
:10B0900000000000000000000000000000000000B0
:10B0A0000000000000000006000F000F0006000076
:10B0B0000006000F000F0006000000000000000066
:10B0C000000000000000000000000000000000067A
:10B0D000000F000F000600000000000E000E000C24
:10B0E000001C001800180000000000000000000014
:10B0F000000000000000C0000003000C0030004011
:10B100000030000C0003C000000000000000000040
:10B11000000000000000000000000000000000002F
:10B1200000000000C07F00000000C07F00000000A1
:10B13000000000000000000000000000000000000F
:10B140000000000000000030000C0003C0002000E0
:10B15000C0000003000C00300000000000000000F0
:10B1600000000000000000000000803FC031C0006F
:10B17000C0008003000E000C0000000C001E000C3C
:10B1800000000000000000000000000000000000BF
:10B190000000000F8018C030C033C036C036C03643
:10B1A000C036E03300300018C00F0000000000007F
:10B1B00000000000000000000000003C000C000E39
:10B1C000000A001B001B8031803FC060C060E0F1BE
:10B1D000000000000000000000000000000000006F
:10B1E000000000FF8061C060C0608061807FC0603F
:10B1F00060606060C06080FF000000000000000030
:10B2000000000000000000000000600FE039603026
:10B21000606000600060006000602030E038800FF7
:10B22000000000000000000000000000000000001E
:10B23000000000FFC061C0606060606060606060CE
:10B240006060C060C06100FF0000000000000000FE
:10B2500000000000000000000000C07FC030C030CF
:10B2600000300033003F00330030C030C030C07FBA
:10B2700000000000000000000000000000000000CE
:10B280000000E03F6018601800188019801F8019C6
:10B29000001800180018003C00000000000000002A
:10B2A00000000000000000000000C01EC073C0606D
:10B2B000C0C000C000C0E0C3C0C0C060C071001FFB
:10B2C000000000000000000000000000000000007E
:10B2D0000000E0F1C060C060C060C060C07FC060BE
:10B2E000C060C060C060E0F100000000000000002D
:10B2F00000000000000000000000C03F0006000643
:10B300000006000600060006000600060006C03F14
:10B31000000000000000000000000000000000002D
:10B320000000E00F8001800180018001800180C168
:10B3300080C180C100E3007E00000000000000002A
:10B3400000000000000000000000E079C030803103
:10B3500000330036003F80338031C030C030E078A9
:10B3600000000000000000000000000000000000DD
:10B37000000000FC00300030003000300030603051
:10B38000603060306030E0FF00000000000000002E
:10B3900000000000000000000000F0F0E070E07924
:10B3A000E0796069606F6066606660606060F0F0C0
:10B3B000000000000000000000000000000000008D
:10B3C0000000E0E3C070C070C068C06CC064C066BC
:10B3D000C062C061C061C0F8000000000000000051
:10B3E00000000000000000000000001FC071C060ED
:10B3F00060C060C060C060C060C0C060C071001F3D
:10B40000000000000000000000000000000000003C
:10B410000000807FC018601860186018C018801F76
:10B42000001800180018007F000000000000000055
:10B4300000000000000000000000001FC071C0609C
:10B4400060C060C060C060C060C0C060C071001FEC
:10B450000010E03F000000000000000000000000BD
:10B460000000007F8031C030C0308031003F80312B
:10B470008031C030C030E0780000000000000000E3
:10B4800000000000000000000000803D807380612B
:10B4900000600070803FC001C000C060C071806F5C
:10B4A000000000000000000000000000000000009C
:10B4B0000000E07F60666066606660660006000609
:10B4C000000600060006C03F00000000000000006B
:10B4D00000000000000000000000E0F1C060C0605B
:10B4E000C060C060C060C060C060C0608031001FCC
:10B4F000000000000000000000000000000000004C
:10B500000000E0F1C060C06080318031001B001B92
:10B51000000A000E0004000400000000000000000B
:10B5200000000000000000000000F0F060606066B5
:10B5300060666066606F606FC039C039C030C0300F
:10B5400000000000000000000000000000000000FB
:10B550000000E0F1C0608031001B000E000E000E04
:10B56000001B8031C060E0F100000000000000001E
:10B5700000000000000000000000E079C0308010F2
:10B5800080190009000F0006000600060006801F53
:10B5900000000000000000000000000000000000AB
:10B5A0000000C07FC0608061006300060006000CE0
:10B5B000C018C030C060C07F000000000000000064
:10B5C00000000000000000000000000F000C000C54
:10B5D000000C000C000C000C000C000C000C000C0B
:10B5E000000C000C000C000F0000000000200030D8
:10B5F000001000180008000C000400060002000300
:10B60000000180018000C000400000000000000038
:10B6100000000000000000000000000F0003000315
:10B620000003000300030003000300030003000302
:10B63000000300030003000F0000000000000004EE
:10B64000001F80310000000000000000000000002A
:10B6500000000000000000000000000000000000EA
:10B6600000000000000000000000000000000000DA
:10B6700000000000000000000000000000000000CA
:10B680000000F0FF0000000000000000000000309B
:10B69000001C00030000000000000000000000008B
:10B6A000000000000000000000000000000000009A
:10B6B0000000000000000000000000000000801FEB
:10B6C000C021C000C03EC071C060C060C071E03E1B
:10B6D000000000000000000000000000000000006A
:10B6E0000070003000308037C0386030603060302B
:10B6F00060306030C038807700000000000000003B
:10B700000000000000000000000000000000600FCA
:10B71000E018603000300030003020306018C00F7A
:10B720000000000000000000000000000000000019
:10B73000C001C000C000C01EC031C060C060C06099
:10B74000C060C060C031E01E0000000000000000CA
:10B750000000000000000000000000000000801F4A
:10B76000C03060606060E07F00600060E030801F9B
:10B7700000000000000000000000000000000000C9
:10B78000E007000C000CC03F000C000C000C000C8B
:10B79000000C000C000CC03F000000000000000086
:10B7A0000000000000000000000000000000E01E9B
:10B7B000C031C060C060C060C060C060C031C01E29
:10B7C000C000C0008001001F000000000000000059
:10B7D0000070003000308037C039C030C030C03019
:10B7E000C030C030C030E079000000000000000030
:10B7F0000000000000000006000600000000001E1F
:10B800000006000600060006000600060006C03F0F
:10B810000000000000000000000000000000000325
:10B82000000300000000803F800180018001800152
:10B830008001800180018001800180010003003EC1
:10B840000000000000000000007000300030E03315
:10B85000803100330036003E00338031C030E0716B
:10B8600000000000000000000000000000000000D8
:10B87000003E000600060006000600060006000660
:10B88000000600060006C03F0000000000000000A7
:10B890000000000000000000000000000000C0ECFC
:10B8A000607760666066606660666066606670F7B6
:10B8B0000000000000000000000000000000000088
:10B8C0000000000000008077C039C030C030C030B8
:10B8D000C030C030C030E07900000000000000003F
:10B8E0000000000000000000000000000000801FB9
:10B8F000C03060606060606060606060C030801F09
:10B900000000000000000000000000000000000037
:10B910000000000000008077C03860306030603088
:10B9200060306030C0388037003000300030007E3A
:10B930000000000000000000000000000000E01E09
:10B94000C031C060C060C060C060C060C031C01E97
:10B95000C000C000C000E0070000000000000000C0
:10B96000000000000000E079201F001C00180018F3
:10B97000001800180018807F000000000000000080
:10B980000000000000000000000000000000C01ED9
:10B99000C031C030001C800FC00160306038C0373B
:10B9A0000000000000000000000000000000000097
:10B9B000000000180018807F0018001800180018F8
:10B9C00000180018601CC00F0000000000000000FC
:10B9D0000000000000000000000000000000C07136
:10B9E000C030C030C030C030C030C030C039E01EC0
:10B9F0000000000000000000000000000000000047
:10BA0000000000000000E079C0308010801980192B
:10BA10000009000F00060006000000000000000002
:10BA2000000000000000000000000000000070E0C6
:10BA3000204060666066C036C036C0398019801903
:10BA400000000000000000000000000000000000F6
:10BA5000000000000000E079C0308019000F0006EF
:10BA6000000F8019C030E0790000000000000000E5
:10BA70000000000000000000000000000000E0796D
:10BA8000C0308010801980190009000F00060006E0
:10BA90000004000C000C007E00000000000000000C
:10BAA000000000000000C03FC030803100030006ED
:10BAB000000CC018C030C03F0000000000000000B3
:10BAC00000000000000000000000C001800300032F
:10BAD0000003000300030006001C0006000300032F
:10BAE000000300038003C0010006000600060006F4
:10BAF0000006000600060006000600060006000616
:10BB00000006000600060006000600060006000605
:10BB100000000000000000000000001C000E0006F5
:10BB20000006000600060003C00100030006000630
:10BB300000060006000E001C000000000000801D32
:10BB400000370000000000000000000000000000BE
:10BB500000000000000000000000000000000000E5
:10BB600000000000000000000000000000000000D5
:10BB700000000000000000000006000F000F00069B
:10BB800000000000000000000000000000000000B5
:10BB90000000C0FFC0CCC0CC000CE00F300C300C5B
:10BBA000300C300C300CE03F0000000000000000C2
:10BBB00000008001000300060000E03F60186018EC
:10BBC0000018001800180018001800180018003C91
:10BBD0000000000000000000000000000000000065
:10BBE0000000000000000000000000000000000055
:10BBF0000000000600060002000400000000000033
:10BC00000000000000000006000C0018000080FF8B
:10BC1000806100600060006000600060006000F013
:10BC20000000000000000000000000000000000014
:10BC30000000000000000000000000000000000004
:10BC400000008031803180100021000000000000E1
:10BC500000000000000000000000000000000000E4
:10BC60000000000000000000000000006066606648
:10BC700000000000000000000000000000000000C4
:10BC8000000F00060006E07F00060006000F000619
:10BC9000000600060006000600000000000000008C
:10BCA0000000000000000000000F00060006E07F1A
:10BCB00000060006000F00060006E07F00060006F2
:10BCC000000F000000000000000000000000000065
:10BCD0000000000000000000000000000000000064
:10BCE0000000000000000000000000000000000054
:10BCF00000000000000000000000407080D80089B3
:10BD000000DA007C0008E01EB03B1051B09BE00E52
:10BD10000000000000000000000000000000000023
:10BD20000000807F003300330033E03330333033A2
:10BD30003033303330F3E0E7000000000000000053
:10BD400000000000000000000000000000000000F3
:10BD500000020006000C000C000C000600020000AF
:10BD600000000000000000000000000000000000D3
:10BD7000000080F7006300630063E063307F30639E
:10BD8000306330633063E0F7000000000000000023
:10BD900000008001000300060000E079C03080311F
:10BDA00000330036003F80338031C030C030E0784F
:10BDB0000000000000000000000000000000000083
:10BDC0000000C0FFC0CCC0CC000CE00F300C300C29
:10BDD000300C300C300C303F000000000000000040
:10BDE00000000000000000000000E0F1C060C06042
:10BDF000C060C060C060C060C060C060C060E0FF84
:10BE0000000E00040004000000000000000000001C
:10BE10000030007F00308037C039C030C030C030C3
:10BE2000C030C030C030C078C000800D00070000B6
:10BE300000000000000000000000000300030006F6
:10BE40000006000E000000000000000000000000DE
:10BE500000000000000000000000000000000000E2
:10BE60000000000700060006000C000C00000000A7
:10BE700000000000000000000000000000000000C2
:10BE800000000000000000000000600C600CC01802
:10BE9000C018C039000000000000000000000000D1
:10BEA0000000000000000000000000000000000092
:10BEB0000000E01CC018C018803180310000000074
:10BEC0000000000000000000000000000000000072
:10BED0000000000000000000000000000000000062
:10BEE00000000006000F000F000600000000000028
:10BEF0000000000000000000000000000000000042
:10BF000000000000000000000000801F0000000092
:10BF10000000000000000000000000000000000021
:10BF20000000000000000000000000000000000011
:10BF30000000E07F000000000000000000000000A2
:10BF400000000000000000000000000000000000F1
:10BF500000000000000000000000000000000000E1
:10BF600000000000000000000000000000000000D1
:10BF7000000000000000000010FE3033F033F0330A
:10BF8000303310330000000000000000000000000B
:10BF900000000000000000000000000000000000A1
:10BFA000000000000000801F00330033E0633063B6
:10BFB0003063306330E3E0C70000000000000000A1
:10BFC0000000000000000000000000000000000071
:10BFD0000004000600030003000300060004000044
:10BFE0000000000000000000000000000000000051
:10BFF00000000000000080F700630063E063307F12
:10C00000306330633063E0F70000000000000000A0
:10C010000000000000008001000300060000E07B3B
:10C02000803100330036003E00338031C030E0798B
:10C030000000000000000000000000000000000000
:10C040000030007F00308037C039C030C030C03091
:10C05000C030C030C030E0790000000000000000B7
:10C060000000000000000000000000000000E07977
:10C07000C030C030C030C030C030C030C030E07FD1
:10C0800000060000000000000000000000000000AA
:10C0900000000000000000000000000000000000A0
:10C0A0000000000000000000000000000000000090
:10C0B00000000000800D00070002E079C030C030B1
:10C0C00080198019000F000F00060026003C0018A0
:10C0D0000000000000000000000000000000000060
:10C0E000000900060000E079C03080108019801936
:10C0F0000009000F000600060004000C000C007E82
:10C1000000000000000000000000E00F800180013E
:10C1100080018001800180C180C180C100E3007E78
:10C12000000000000000000000000000000000000F
:10C1300000002080405F8031C060C060C060C0608F
:10C140008031405F208000000000000000000000FF
:10C1500000000000000060006000E03F00180018D0
:10C160000018001800180018001800180018003CEB
:10C1700000000000000000000000000600060006AD
:10C180000006000600060006000000000000000691
:10C19000000600060006000600060006000000007B
:10C1A00000000000000000000000801F803180318E
:10C1B0000078004C00678031C01C4006C00380310D
:10C1C0008031003F0000000000000000801980194D
:10C1D0000000C07FC030C03000300033003F00336B
:10C1E0000030C030C030C07F000000000000000000
:10C1F0000000000000000000000FC0302040204F71
:10C200001099109010901099204E2040C030000FCF
:10C21000000000000000000000000000000000001E
:10C220000000600FE039603060600060007F0060F7
:10C2300000602030E038800F0000000000000000A7
:10C2400000000000000000000000000000000000EE
:10C250008008801900330033003380198008000003
:10C2600000000000000000000000000000000000CE
:10C27000000000000000000000000000C07F40003F
:10C28000400040000000000000000000000000002E
:10C29000000000000000000000000000000000009E
:10C2A000000000000000E03F00000000000000006F
:10C2B000000000000000000000000000000000007E
:10C2C000000FC0302040205F1089108F108A108925
:10C2D000A05D2040C030000F000000000000000002
:10C2E00000000000C030C0300000C03F0006000663
:10C2F0000006000600060006000600060006C03F15
:10C30000000000000000000000000000000000002D
:10C310000000000F8019801080108019000F0000AD
:10C32000000000000000000000000000000000000D
:10C3300000000000000000000000000400040004F1
:10C340000004C07F00040004000400040000C07F5B
:10C3500000000000000000000000000000000000DD
:10C360000000C03F000600060006000600060006AA
:10C37000000600060006C03F0000000000000000AC
:10C380000000000000000006000600000000001E83
:10C390000006000600060006000600060006C03F74
:10C3A000000000000000000000000000000000008D
:10C3B0000000000060006000E07F003000300030CE
:10C3C0000030003000300078000000000000000065
:10C3D0000000000000000000000000000000C0712C
:10C3E000C030C030C030C030C030C030C039E03E96
:10C3F000003000300060006000000000000000001D
:10C400000000C01F803E803E803E803E801E800235
:10C410008002800280028002C0060000000000004E
:10C42000000000000000000000000000000000000C
:10C430000006000F000F00060000000000000000D2
:10C4400000000000000000000000000000000000EC
:10C45000801900000000801FC03060606060E07FD5
:10C4600000600060E030801F00000000000000005D
:10C4700000000000000000000000F0E390719071E7
:10C48000F069806DF065806780638061806180F90C
:10C49000000000000000000000000000000000009C
:10C4A000000000000000600FE01860300030003F26
:10C4B000003020306018C00F0000000000000000B5
:10C4C000000000000000000000000000000000006C
:10C4D00000118019C00CC00CC00C801900110000A4
:10C4E0000000000000000000000000000000000349
:10C4F000000300000000803F800180018001800176
:10C500008001800180018001800180010003003EE4
:10C5100000000000000000000000803D807380618A
:10C5200000600070803FC001C000C060C071806FBB
:10C5300000000000000000000000000000000000FB
:10C54000000000000000C01EC031C030001C800F81
:10C55000C00160306038C0370000000000000000FB
:10C560000000000000008019801900000000001E7B
:10C570000006000600060006000600060006C03F92
:10C5800000000000000000000000000000000000AB
:10C590000000003C000C000E000A001B001B803154
:10C5A000803FC060C060E0F10000000000000000BB
:10C5B0000000000000000000000080FF80600060BC
:10C5C00000600060807FC06060606060C06080FF6D
:10C5D000000000000000000000000000000000005B
:10C5E000000000FF8061C060C0608061807FC0602B
:10C5F00060606060C06080FF00000000000000001C
:10C6000000000000000000000000E03F601860181B
:10C610000018001800180018001800180018003C36
:10C62000000000000000000000000000000000000A
:10C630000000E03FC018C018C018C018C018C018CB
:10C64000C018C030C060F0FF30C000000000000023
:10C6500000000000000000000000C07FC030C030BB
:10C6600000300033003F00330030C030C030C07FA6
:10C6700000000000000000000000000000000000BA
:10C68000000030C630C66066C0368016801F801637
:10C69000C036606670E630C6000000000000000092
:10C6A00000000000000000000000003F8061C0604A
:10C6B000C0008001800FC00060006060C060803FEB
:10C6C000000000000000000000000000000000006A
:10C6D0000000E0F8C061C061C062C066C064C06CA8
:10C6E000C068C070C070E0E30000000000000000FF
:10C6F000000000008019000F0000E0F8C061C06178
:10C70000C062C066C064C06CC068C070C070E0E346
:10C710000000000000000000000000000000000019
:10C720000000E079C030803100330036003F8033B4
:10C730008031C030C030E078000000000000000010
:10C7400000000000000000000000E03FC018C0181A
:10C75000C018C018C018C018C018C018C0D8E0F160
:10C7600000000000000000000000000000000000C9
:10C770000000F0F0E070E079E0796069606F606679
:10C78000606660606060F0F0000000000000000083
:10C7900000000000000000000000E0F1C060C06088
:10C7A000C060C060C07FC060C060C060C060E0F1B9
:10C7B0000000000000000000000000000000000079
:10C7C0000000001FC071C06060C060C060C060C079
:10C7D00060C0C060C071001F0000000000000000C9
:10C7E00000000000000000000000E0FFC060C0602A
:10C7F000C060C060C060C060C060C060C060E0F188
:10C800000000000000000000000000000000000028
:10C810000000807FC018601860186018C018801F62
:10C82000001800180018007F000000000000000041
:10C8300000000000000000000000600FE0396030E0
:10C84000606000600060006000602030E038800FB1
:10C8500000000000000000000000000000000000D8
:10C860000000E07F60666066606660660006000645
:10C87000000600060006C03F0000000000000000A7
:10C8800000000000000000000000E079C030C0306F
:10C8900080198019000F000F00060026003C0018C8
:10C8A0000000000000000000000000000000000088
:10C8B00000000006801FE076606630C630C6606605
:10C8C000E076801F0006000F00000000000000005E
:10C8D00000000000000000000000E0F1C0608031B6
:10C8E000001B000E000E000E001B8031C060E0F146
:10C8F0000000000000000000000000000000000038
:10C900000000E0F1C060C060C060C060C060C06096
:10C91000C060C060C060E0FF600060000000000018
:10C9200000000000000000000000E0F1C060C060F6
:10C93000C060C060C060C03FC000C000C000E00177
:10C9400000000000000000000000000000000000E7
:10C950000000F0F66066606660666066606660664D
:10C96000606660666066F0FF000000000000000086
:10C9700000000000000000000000F0F66066606645
:10C980006066606660666066606660666066F0FF4E
:10C990003000300000000000000000000000000037
:10C9A000000080FF00CC00CC000CC00F600C300CED
:10C9B000300C300C600CC03F000000000000000094
:10C9C00000000000000000000000F0F860606060FF
:10C9D0006060607C60666063606360636066F0FCFA
:10C9E0000000000000000000000000000000000047
:10C9F0000000007F001800180018801FC018601881
:10CA000060186018C018807F00000000000000005F
:10CA100000000000000000000000006FC079C0604E
:10CA200060606000E00F60006000C040C071001FE7
:10CA300000000000000000000000000000000000F6
:10CA4000000080C3E0CE60CC30D830D830F830D889
:10CA500030D860CCE0CE80C30000000000000000B1
:10CA600000000000000000000000E00FC018C0300F
:10CA7000C030C018C00FC018C018C030C030E0713E
:10CA800000000000000000000000000000000000A6
:10CA9000000000000000801FC021C000C03EC07127
:10CAA000C060C060C071E03E0000000000000000F7
:10CAB00000000000000040008007000E00108037DA
:10CAC000C03860306030603060306030C018800F37
:10CAD0000000000000000000000000000000000056
:10CAE00000000000000080FFC0606060C060807FC8
:10CAF000C0606060C06080FF0000000000000000B7
:10CB0000000000000000000000000000000080FFA6
:10CB1000806100600060006000600060006000F004
:10CB20000000000000000000000000000000000005
:10CB3000000000000000E03FC019C018C030C03045
:10CB4000C030C030C030E07F6060000000000000F6
:10CB50000000000000000000000000000000801F36
:10CB6000C03060606060E07F00600060E030801F87
:10CB700000000000000000000000000000000000B5
:10CB800000000000000030C66066C036801F000F45
:10CB9000801FC036606630C6000000000000000044
:10CBA0000000000000000000000000000000803FC6
:10CBB000C0606060C000800FC0006060C060803FE7
:10CBC0000000000000000000000000000000000065
:10CBD000000000000000E079C030C031C033C03632
:10CBE000C03CC038C030E079000000000000000008
:10CBF00000000000000000008019000F0000E07934
:10CC0000C030C031C033C036C03CC038C030E0791D
:10CC10000000000000000000000000000000000014
:10CC2000000000000000E07B803100330036003E51
:10CC300000338031C030E0790000000000000000C7
:10CC40000000000000000000000000000000C00F15
:10CC5000C018C018C030C030C030C030C0B0E0E133
:10CC600000000000000000000000000000000000C4
:10CC700000000000000070E0E070E079606F606626
:10CC8000606060606060F0F0000000000000000084
:10CC90000000000000000000000000000000E0793B
:10CCA000C030C030C030C03FC030C030C030E0798C
:10CCB0000000000000000000000000000000000074
:10CCC000000000000000801FC03060606060606095
:10CCD00060606060C030801F000000000000000045
:10CCE0000000000000000000000000000000E07FE5
:10CCF000C030C030C030C030C030C030C030E0794B
:10CD00000000000000000000000000000000000023
:10CD10000000000000008077C03860306030603074
:10CD200060306030C0388037003000300030007E26
:10CD30000000000000000000000000000000600F84
:10CD4000E018603000300030003020306018C00F34
:10CD500000000000000000000000000000000000D3
:10CD6000000000000000E07F00060006000600064C
:10CD7000000600060006000600000000000000009B
:10CD80000000000000000000000000000000E0794A
:10CD9000C0308010801980190009000F00060006BD
:10CDA0000004000C000C007E0000000000000000E9
:10CDB0000000000F0006C03F606630C630C630C6B7
:10CDC00030C630C66066C03F000600060006000F91
:10CDD0000000000000000000000000000000E079FA
:10CDE000C0308019000F0006000F8019C030E079B4
:10CDF0000000000000000000000000000000000033
:10CE0000000000000000E079C030C030C030C03009
:10CE1000C030C030C030F07F3000000000000000A3
:10CE20000000000000000000000000000000E079A9
:10CE3000C030C030C030C030C01FC000C000E001F2
:10CE400000000000000000000000000000000000E2
:10CE5000000000000000F0F66066606660666066D4
:10CE6000606660666066F0FF000000000000000081
:10CE70000000000000000000000000000000F0F6CC
:10CE80006066606660666066606660666066F0FF49
:10CE90003000300000000000000000000000000032
:10CEA00000000000000000FC00D800D8801FE0183F
:10CEB00060186018E018C03F00000000000000008B
:10CEC0000000000000000000000000000000F0F082
:10CED00060606060607C6067606360636067F0FEF4
:10CEE0000000000000000000000000000000000042
:10CEF000000000000000007800300030003FC0312A
:10CF0000C030C030C039807F000000000000000049
:10CF1000000000000000000000000000000080375A
:10CF2000C03860306000E00760006020C030801FC3
:10CF300000000000000000000000000000000000F1
:10CF4000000000000000C0F36066306C306C307C84
:10CF5000306C306C6066C0F3000000000000000020
:10CF60000000000000000000000000000000E01FC2
:10CF7000C030C060C060C030C01FC018C058E07171
:10CF800000000000000000000000000000000000A1
:10CF90000000000000000008080808080808000851
:10CFA0000000000014141400000000000000000045
:10CFB000000A0A3F1414147E282800000000081CF0
:10CFC00022201C02221C080000000020512204081C
:10CFD00010224502000000001820201030494A4469
:10CFE0003B000000000808080000000000000000EE
:10CFF00000000408081010101010080804000010A9
:10D000000808040404040408081000000000361C8A
:10D010007F1C3600000000000000000808087F08A0
:10D0200008080000000000000000000000000810D8
:10D0300000000000000000007F0000000000000071
:10D0400000000000000000000800000000000102D5
:10D05000040810204000000000001C22222222228E
:10D0600022221C0000000008380808080808083EB2
:10D07000000000001C220202040810203E000000F4
:10D08000001C2202020C0202221C00000000040C00
:10D090000C1414243E040E000000003E2020203C0E
:10D0A0000202221C000000000C1020203C22222240
:10D0B0001C000000003E22020404080810100000BA
:10D0C00000001C2222221C2222221C000000001C24
:10D0D0002222221E020204180000000000000008A4
:10D0E0000000000008000000000000000800000030
:10D0F00000081000000000000408102010080400C0
:10D100000000000000003E003E00000000000000A3
:10D11000000010080402040810000000001C220295
:10D12000020408080008000000001E214D55555556
:10D130004E201C000000001808081414223E22771C
:10D14000000000007E2121213E2121217E000000DF
:10D15000001E214040404040211E000000007C2273
:10D160002121212121227C000000007F2120243C5C
:10D170002420217F000000007F2120243C24202047
:10D1800078000000001E214040404741211E000061
:10D190000000772222223E22222277000000003E59
:10D1A000080808080808083E000000001E040404DF
:10D1B0000404444438000000007322242428382446
:10D1C0002273000000007C101010101010117F005E
:10D1D000000000632236362A2A222277000000004F
:10D1E000672232322A26262272000000001C2241C9
:10D1F00041414141221C000000007E2121213E20AE
:10D20000202078000000001C224141414141221CA5
:10D210001B0000007E2121213E24242273000000F7
:10D22000003E4140403E0101413E000000007F4978
:10D230000808080808081C000000007722222222A3
:10D240002222221C0000000077222222141414083B
:10D250000800000000772222222A2A2A1414000043
:10D2600000007722141408141422770000000077BD
:10D27000222214140808081C000000007F42040445
:10D28000081010217F000000001C1010101010105A
:10D290001010101C000000402010080402010000C3
:10D2A000000000001C04040404040404041C00081E
:10D2B0001422000000000000000000000000000038
:10D2C00000000000000000FF000010080000000047
:10D2D000000000000000000000003C023E42423D11
:10D2E000000000006020203E212121217E0000005E
:10D2F000000000003E414040413E000000000602A8
:10D30000023E424242423F000000000000003E4117
:10D310007F40413E000000000C10103C1010101027
:10D320003C000000000000003F4242423E02023C3E
:10D3300000006020202C322222227700000000080A
:10D34000000038080808083E000000000400003C07
:10D350000404040404043800006020202624283833
:10D3600024630000000018080808080808083E00A8
:10D37000000000000000742A2A2A2A6B0000000026
:10D380000000006C32222222770000000000000022
:10D390003E414141413E000000000000007E21214D
:10D3A00021213E207000000000003F424242423EE8
:10D3B0000207000000000076191010107C00000029
:10D3C000000000003E413806413E00000000001011
:10D3D000103C101010120C0000000000000066222B
:10D3E0002222261B000000000000007722221414D5
:10D3F000080000000000000077222A2A1414000010
:10D40000000000000077221C1C22770000000000B2
:10D410000000772222141408083000000000007E6B
:10D42000440810227E0000000006080808083008A2
:10D430000808080600080808080808080808080876
:10D44000080000300808080806080808083000002E
:10D4500000314946000000000000000000001C1CD4
:10D460001C1C1C1C1C1C1C000000FE9210101E1119
:10D47000111516000004083F11101010101010387C
:10D480000000000000000000000000000810000084
:10D490000408003E121010101038000000000000B8
:10D4A0000000000000002448000000000000000010
:10D4B000000000540000000010107C10101010102C
:10D4C000100000000010107C1010107C10100000E4
:10D4D0000000001C1C1C1C1C1C1C1C1C000000212F
:10D4E000522408102052AD1200000000F8484848AD
:10D4F0004E4949C9CE000000000000000004081099
:10D50000080400000000EC4848487E494949EE0004
:10D51000000408732224243824242273000000000D
:10D52000FE9210101E111111390000000077222206
:10D5300022222222227F08080000207C202C322276
:10D540002222720206000010080000000000000005
:10D5500000000000081000000000000000000000B3
:10D560000048240000000000000000000000122419
:10D570000000000000000000000000000000183C57
:10D580001800000000000000000000007000000013
:10D59000000000000000000000FC0000000000008F
:10D5A000000000000000000000000000000000FB80
:10D5B00055510000000000000000000000000018AD
:10D5C000282E4949CE00000000000000002010086D
:10D5D000102000000000000000CC487E4949EE0009
:10D5E00000000004080066243824246300000000C2
:10D5F000207C202C32222222770000000000000034
:10D6000066222222223E08080000000000000000DE
:10D61000000000000036087F222222221E02221C67
:10D62000000000000036087F2222221E02221C0079
:10D63000001E040404040444443800000000413E79
:10D640002222223E410000000001033F1010101072
:10D65000101010380000000008080808080008082A
:10D6600008080800001E22504824120A44780000CE
:10D6700022007F2120243C2420217F000000001C68
:10D68000224D51514D221C00000000001E2140443B
:10D690007C4440211E0000000000000000112244D4
:10D6A0002211000000000000003E02000000000007
:10D6B00000000000000000007F00000000000000EB
:10D6C0001C2259555955221C00000022003E080812
:10D6D00008080808083E00000000081408000000C0
:10D6E000000000000000000808087F080808007F0C
:10D6F000000000003E080808080808083E00000076
:10D700000008000038080808083E00000000000279
:10D710001E1010101010380000000000000022221F
:10D720002222223C204000003F7A7A7A3A0A0A0AF2
:10D730001B000000000000000000080000000000C6
:10D7400000002200003E417F40413E00000000C634
:10D75000446777544F4C44C6000000000000003E70
:10D76000417840413E0000000000000000442211CA
:10D770002244000000000400003C040404040404EB
:10D780003800003E4140403E0101413E00000000A3
:10D790000000003E413806413E0000000024000029
:10D7A00038080808083E0000000002060A0A121E97
:10D7B000222277000000007F2120203E2121217EAF
:10D7C000000000007E2121213E2121217E00000059
:10D7D000003F1110101010101038000000007F22C0
:10D7E0002222222222227F414100007F2120243C4C
:10D7F0002420217F00000000492A2A2A1C2A2A2AE4
:10D8000049000000003E4101011E0101413E0000AF
:10D810000000632226262A323222770000000C6B99
:10D820003226262A32322277000000007322242476
:10D830003824242273000000003F12121212121228
:10D84000527700000000632236362A2A222277000F
:10D85000000000772222223E2222227700000000D0
:10D860001C224141414141221C000000007F222234
:10D87000222222222277000000007E2121213E2048
:10D88000202078000000001E214040404040211E22
:10D89000000000007F490808080808081C00000074
:10D8A0000077222222221E02221C000000001C08F7
:10D8B0003E4949493E081C00000000772214140824
:10D8C0001414227700000000772222222222222232
:10D8D0003F0101000077222222221E0202070000DF
:10D8E00000006B2A2A2A2A2A2A2A3E000000006BFE
:10D8F0002A2A2A2A2A2A2A3F010100007850501E8B
:10D90000111111113E00000000E74242724A4A4ADA
:10D910004AF7000000007020203E212121217E00D6
:10D920000000003C4201111F1101423C00000000B8
:10D93000662929293929292966000000003F424229
:10D94000423E1212226F000000000000003C023E26
:10D9500042423D00000000007F40203E4141413EE8
:10D9600000000000003844447C4242423C00000079
:10D97000000000003C420C30423C0000000000006F
:10D98000003F4242423E02221C00000000003E4195
:10D990007F40413E00000000000000492A1C2A2A66
:10D9A00049000000000000003E410E02413E000020
:10D9B000000000000066222222261B000000000456
:10D9C000080066222222261B0000000000000066DC
:10D9D000243824246300000000000000070A0A1213
:10D9E0001263000000000000002236362A22630085
:10D9F00000000000000063223E22227700000000A9
:10DA00000000003E414141413E0000000000000096
:10DA10006C3222222277000000000000007E2121CB
:10DA200021213E207000000000003E414040413E68
:10DA300000000000000000742A2A2A2A6B0000005F
:10DA400000000000772222221E02221C000000009B
:10DA50001C083E4949493E081C000000000077228E
:10DA60001C1C2277000000000000006622222226F3
:10DA70001B010100000000007722221E02070000A7
:10DA800000000000006B2A2A2A2A3E000000000045
:10DA900000006B2A2A2A2A3F0101000000000070C2
:10DAA000505E11111E00000000000000E242724AA8
:10DAB0004AF20000000000000070203E21217E009C
:10DAC0000000000000003E410F01413E0000000048
:10DAD00000000066293929296600000000000000C6
:10DAE0001F22221E1233000064D4B0008081828382
:10DAF0008485868788898A8B8C8D8E8F909192936E
:10DB00009495969798999A9B9C9D9E9F80818283DD
:10DB10008485868788898A8B8C8D8E8FB0B1B2B3CD
:10DB2000B4B5B6B7B8B9BABBBCBDBEBFC0C1C2C33D
:10DB3000C4C5C6C7C8C9CACBCCCDCECFD0D1D2D32D
:10DB4000D4D5D6D7D8D9DADBDCDDDEDF909192935D
:10DB50009495969798999A9B9C9D9E9FF0F0F2F2CF
:10DB6000F4F4F6F6F8F9FAFBFCFDFEFF01030507F5
:10DB7000090E10121416181C1E0000007D1D010055
:10DB8000632C001E9601A01E5A01001F0806101FDC
:10DB90000606201F0806301F0806401F0606511FF4
:10DBA0000700591F521F5B1F541F5D1F561F5F1F29
:10DBB000601F0806701F0E00BA1FBB1FC81FC91FB9
:10DBC000CA1FCB1FDA1FDB1FF81FF91FEA1FEB1F4D
:10DBD000FA1FFB1F801F0806901F0806A01F0806DB
:10DBE000B01F0400B81FB91FB21FBC1FCC1F01001B
:10DBF000C31FD01F0206E01F0206E51F0100EC1F35
:10DC0000F31F0100FC1F4E21010032217021100280
:10DC1000842101008321D0241A05302C2F04602C8C
:10DC20000201672C0601752C0201802C6401002D75
:10DC3000260841FF1A03000061001A03E0001703E1
:10DC4000F8000703FF0001007801000130013201F4
:10DC50000601390110014A012E01790106018001F6
:10DC60004D00430281018201820184018401860109
:10DC70008701870189018A018B018B018D018E014A
:10DC80008F0190019101910193019401F601960198
:10DC90009701980198013D029B019C019D01200282
:10DCA0009F01A001A001A201A201A401A401A6015B
:10DCB000A701A701A901AA01AB01AC01AC01AE010A
:10DCC000AF01AF01B101B201B301B301B501B501BB
:10DCD000B701B801B801BA01BB01BC01BC01BE016A
:10DCE000F701C001C101C201C301C401C501C401E2
:10DCF000C701C801C701CA01CB01CA01CD0110018A
:10DD0000DD0101008E01DE011201F3010300F101CA
:10DD1000F401F401F8012801220212013A0209007B
:10DD2000652C3B023B023D02662C3F024002410251
:10DD3000410246020A015302400081018601550258
:10DD400089018A0158028F015A0290015C025D022A
:10DD50005E025F0293016102620294016402650245
:10DD600066026702970196016A02622C6C026D02DC
:10DD70006E029C01700271029D01730274029F0188
:10DD800076027702780279027A027B027C02642CA6
:10DD90007E027F02A60181028202A901840285021D
:10DDA00086028702AE014402B101B20145028D0232
:10DDB0008E028F0290029102B7017B030300FD03E4
:10DDC000FE03FF03AC0304008603880389038A0370
:10DDD000B1031103C2030200A303A303C403080396
:10DDE000CC0303008C038E038F03D8031801F203C6
:10DDF0000A00F903F303F403F503F603F703F7034B
:10DE0000F903FA03FA0330042003500410076004F6
:10DE100022018A043601C1040E01CF040100C004AE
:10DE2000D004440161052604000000001004110420
:10DE30001204130414041504160417041804190416
:10DE40001A041B041C041D041E041F0420042104C6
:10DE50002204230424042504260427042804290476
:10DE60002A042B042C042D042E042F043004310426
:10DE700032043304340435043604370438043904D6
:10DE80003A043B043C043D043E043F0491259225A2
:10DE900093250225242561256225562555256325D0
:10DEA000512557255D255C255B2510251425342536
:10DEB0002C251C2500253C255E255F255A2554254B
:10DEC00069256625602550256C256725682564250C
:10DED000652559255825522553256B256A25182572
:10DEE0000C25882584258C25902580254004410417
:10DEF00042044304440445044604470448044904D6
:10DF00004A044B044C044D044E044F0401045104D4
:10DF100004045404070457040E045E04B0001922DC
:10DF2000B7001A221621A400A025A0002E77656252
:10DF30006D2E5745424D2E766F622E564F422E77EC
:10DF40006D762E574D562E74732E54532E726D2EA1
:10DF5000524D2E683236342E483236342E61766970
:10DF60002E4156492E6D6F762E4D4F562E6D6B7687
:10DF70002E4D4B562E3367702E3347502E6D7065E5
:10DF8000672E4D5045472E6D70672E4D50472E6DB4
:10DF900070342E4D50342E6D6A7065672E4D4A5088
:10DFA00045472E002E657075622E455055422E66EF
:10DFB00062322E4642322E707074782E5050545871
:10DFC0002E7070742E5050542E6C6F672E4C4F472D
:10DFD0002E7465782E5445582E746578742E5445E9
:10DFE00058542E646A76752E444A56552E747874A9
:10DFF0002E5458542E6461742E4441542E7064661D
:10E000002E5044462E632E432E6370702E43505084
:10E010002E682E482E646F632E444F432E646F6328
:10E02000782E444F43582E7274662E5254462E70EA
:10E03000792E50592E786C732E584C532E62617382
:10E040002E4241532E6A732E4A532E68746D6C2EE5
:10E0500048544D4C2E7068702E5048502E000000D1
:10E060002E7069632E5049432E7063742E504354B2
:10E070002E617669662E415649462E776562702E6E
:10E08000574542502E7376672E5356472E7261774E
:10E090002E5241572E69636F2E49434F2E65707380
:10E0A0002E4550532E626D702E424D502E706E676D
:10E0B0002E504E472E6A70672E4A50472E6A706562
:10E0C000672E4A5045472E6A70652E4A50452E6A83
:10E0D0006669662E4A4649462E6769662E47494656
:10E0E0002E7467612E5447412E746966662E54491A
:10E0F00046462E7063782E5043582E7073642E500F
:10E1000053442E6469622E4449422E002E6D706184
:10E110002E4D50412E6D33752E4D33552E61736645
:10E120002E4153462E616D722E414D522E6169660D
:10E130002E4149462E616966662E414946462E614A
:10E1400070652E4150452E7761762E5741562E77B9
:10E150006176652E574156452E6D70332E4D5033E6
:10E160002E776D612E574D412E6161632E414143E3
:10E170002E6D34612E4D34412E666C61632E464CFB
:10E1800041432E6F67672E4F47472E6163332E4101
:10E1900043332E6D69642E4D49442E6D6964692E9A
:10E1A0004D4944492E6D6F642E4D4F442E000000A2
:10E1B000E8E101080C140000C8E301080C14000099
:10E1C000A8E501080C14000068E901080C1400001F
:10E1D00088E701080C14000048EB01080C1400004B
:10E1E00028ED01080C140000FFFFFFFFFFFFFFFFF9
:10E1F000FFFF9F869F041F66FFFFFFFFFFFFFFFFDC
:10E20000FFFFFFFFFFFFFFF7FFFF7F7E9F04FF4D34
:10E21000BFEFFFFFFFFFFFFFFFFFFFFFFFFFFFF766
:10E22000FFFF7F769F045F25FFAEFFFFFFFFFFFF2D
:10E23000FFFFFFFFFFFFFFF7FFFF7F76DF041F05F4
:10E24000DE55BFE7FFFFFFFFFFFFFFFFFFFFFFF709
:10E25000FFFF7F76DF041F051F0D3E76FFFFFFFFE8
:10E26000FFFFFFFFFFFFFFF7FFFF7F76DF043F0D9C
:10E27000FF041E0D5E8EFFFFFFFFFFFFFFFFFFF796
:10E28000FFFF7F767E04DD0C3F05BF043D253FC7C1
:10E29000FFFFFFFFFFFFFFF7FFFF9F763D045C4599
:10E2A000BF863F15FE04DD65FFFFFFFFFFFFFFF7A1
:10E2B000FFFF9F7E1D04FD6DFFFF3F661F05DC1CF9
:10E2C000FFFFFFFFFFFFFFF7FFFF9F7E1D04BD5D08
:10E2D000FFFF7FCF5F159C04FFFFFFFFFFFFFFF7EE
:10E2E000FFFF9F7E1D04BD5DFFFFBFE7FF559C0440
:10E2F000FFFFFFFFFFFFDFF7FFFF9F761D04BD5D00
:10E30000FFFFDFEF3F6E7C04FFFFFFFFFFFFFFFF1C
:10E31000FFFFBF861D04BD5DFFFFDFEF3F6EBC1436
:10E32000FFFFFFFFBFE75FCF5FC73F5E3D04BD5DFF
:10E33000FFFF5FC77E2DDD65FFFFDFEF5F6E9F256F
:10E340003F0D3F057D04BD5DFFFFBF9EFD145FD700
:10E35000DFEFBF3D1F051F051F053F057D04BD5DA8
:10E36000FFFFBFE71FC7FFFFDF9E3F0DFF041F0535
:10E370001F055F0D7D049C55FFFFFFFFFFFFFFFFA3
:10E380003F6E3F051F053F053F05FF041C04BC65AC
:10E39000FFFFFFF7FFFFFFFFFFAE7F25FF04FF0436
:10E3A000FE04DD0C3C3DFEB6FFFFFFFFFFFFFFFF5D
:10E3B000FFFF1F5EDE04BD047C04DB24DEB6FFFF2E
:10E3C000FFFFFFFFFFFFFFFF55AD34A534A534A5C8
:10E3D00034A534A534A534A555AD5DEFBEF7BEF721
:10E3E00055ADDBDEFBDEFBDEFBDEFBDEDBDEFBDE7C
:10E3F000F7BD18C69DEF9EF755ADFFFFFFFFFFFF6E
:10E40000FFFFFFFFFFFFFFFF79CE79CEBAD6DFFF18
:10E4100055ADDFFFDFFFDFFFDFFFFFFFFFFFFFFF88
:10E4200018C6BEF7B6B59EF755ADDFFFDFFFFFFF9D
:10E43000FFFFFFFFFFFFFFFFB6B5F7BDB6B5F7BDA6
:10E4400055ADDFFFDFFFDFFFFFFFFFFFFFFFFFFF38
:10E450003CE759CE79CE55AD55ADDFFFDFFFDFFF8D
:10E46000FFFFFFFFFFFFFFFFFFFFBEF77DEF55AD93
:10E4700055ADDEFFDFFFDFFFDFFFFFFFFFFFFFFF29
:10E48000FFFFFFFFFFFF55AD55ADBEFFDFFFDFFF15
:10E49000DFFFDFFFFFFFFFFFFFFFFFFFFFFF55ADC8
:10E4A00055ADBEF7DEFFDFFFDFFFDFFFDFFFFFFF62
:10E4B000FFFFFFFFFFFF55AD55ADBEF7DEFFDFFFEE
:10E4C000DFFFDFFFDFFFFFFFFFFFFFFFFFFF55ADB8
:10E4D00055ADBEF7BEFFDEFFDFFFDFFFDFFFDFFF73
:10E4E000FFFFFFFFFFFF55AD55ADBEF7BEF7BEFF07
:10E4F000DEFFDFFFDFFFDFFFDFFFFFFFFFFF55ADC9
:10E5000055AD9EF7BEF7BEF7BEFFBEFFDFFFDFFFD4
:10E51000DFFFDFFFDFFF55AD55AD9EF7BEF7BEF75E
:10E52000BEFFBEFFDFFFDFFFDFFFDFFFDFFF55AD19
:10E5300055AD9EF7BEF7BEF7BEF7BEFFBEFFDFFFCD
:10E54000DFFFDFFFDFFF55AD55AD9EF79EF79EF76E
:10E550009EF79EF7BEF7BEF7BEF7BEFFDEFF55ADD6
:10E5600034A5FFFFFFFFFFFFFFFFFFFFFFFFFFFFE0
:10E57000FFFFFFFFFFFF34A5929438C638C638C6A8
:10E5800038C638CE58CE59CE59CE59CE59CE92949F
:10E590003084EF7BEF7BEF7BEF7BEF7BEF7BEF7BE1
:10E5A000EF7BEF7BEF7B308434A5F39CF39CF39CF3
:10E5B000D394D39CB294B294D39CF39C5DEFBEF7FA
:10E5C00034A51CE71CE71CDF3CEFFBDEFBDEFBDEBB
:10E5D00014A518C675AD9EF714A5FFFFFFFFFFFF3A
:10E5E0009FD7BFDFFFFFFFFF55ADBEF7F7BDF7BDFC
:10E5F00014A5DFFFBFF7BEF77C55BDAEFEB6BEF774
:10E60000F39C59CE18C6929414A5FFFFFFFFBEAE2F
:10E61000BB1CFEC6BD4DDFFF75B59194718C929405
:10E62000F49CFFFFDFFFFB34FB349FEFBFF7FFFFDE
:10E63000BEFF9EFF9EF7928CF39CBFEF3C453D8E44
:10E640005B041ECF1D6EDD5D1E663E66FFFF728C95
:10E65000F39CDFF79DA6FFFFBEAEFFFFFEAEFEAE52
:10E66000DEAEDEAEDFFF718CF39CFFFFFEC69DA623
:10E67000FEBEBEAEFEBEFEBEFEBEFEBEDFFF718CA7
:10E68000D39CFFFF5B047B045B045B047B045B04A3
:10E690007B047B04DFFF718CD39CFFFF9FE79FE728
:10E6A0009FE77EE79EE79EE79EEF9EEFDFFF518CA0
:10E6B000D39CFFFF37D637D637D6FFFF1FA67FB6CE
:10E6C000FF9DDF95DFFF518CB394FFFFBAD6BAD61A
:10E6D000BAD6BFF7BD85DD8D5F9E3F9EDFFF5184BB
:10E6E000B294FFFF5DEF5DEF5DEFBEF7D17CD174BB
:10E6F00037AEBBC6DFFF3184B294FFFFB6B5B6B507
:10E70000B6B5DFFFC93A8B4BED53D27CDFFF3084C7
:10E71000B294DFFFBEF7BEF7BEF7FFFF7DEF7DEFE0
:10E720007DEF9EEFDFFF30849294DFFFF8BDF8BDF0
:10E73000F7BDD7BD39CE38C618C618C6BEF7308467
:10E740009294FFFFFBDEFBDEFBDEFBDEDBDEDBDECF
:10E75000FBDEFBDEFFFF10849294DBDE1CE71CE790
:10E760001CE71CE71CDF1CDFFCDEFBDEBAD61084D6
:10E77000928C51843084308410841084107CEF7B20
:10E78000EF7BEF7BCF7B107C10840C63042124296A
:10E790002429242923292329242904210C631084D2
:10E7A000D39475B54719F242903AB03AD132F23A61
:10E7B000123B471975B5D394B39433ADCC191F3CB4
:10E7C000BB3BDC433843B532DC4BED2133ADB39476
:10E7D00031842B6B2C323A54B843B84B4C624541D0
:10E7E000116B2D322B6B318413A5F7BDA94AB4CE22
:10E7F000756C327424A462AC6A9C264AF8BDF3A4FA
:10E80000718CCF7BCB5258B6B664AF8C82A422BD3C
:10E810002794056BD07B718C728C0F7CEB495A8CE2
:10E82000155BB083E3ACC1CDA994E84ACF7B718C72
:10E83000F3A418BE8661D4C3CF91CE6A249D40BD97
:10E840008A8D091217CEF39C508C0D5BE782AFFCCA
:10E85000E7EAC76326232129281C460A2D73308442
:10E86000B29C55AD6339657AC371223A850943007C
:10E87000050A030975B5B294B29475B5E510EC19A3
:10E88000CB19AC29A659C76A6859022176ADB29452
:10E8900031842B6B0C2A1C4CB9439943EC8A86A318
:10E8A000AB6924322D6B3084F49C17C6AB211C4C11
:10E8B000B943DA43764BA0286819A81917CEF39C00
:10E8C000718C0F840C2A3C4CB943DA43DB3B0D2A94
:10E8D0008F320D2A0E84718C728C0F84ED211F44AF
:10E8E000DB43FB4B1D44FA4B1B5C2E2A0E84728CBF
:10E8F000F49C17C6EC29BE5C1B4C1C4CB853B242AE
:10E900001B5CCC2117C6F49C518CEC620B5B37AEC0
:10E9100098641B5CE892A361ED720B4A2C63318C06
:10E92000D39C13A5CC52DBBEF96C158D81BC00C500
:10E93000C8AC266BF49CD29CD39C75ADA829D36B34
:10E940000F436B638473648CE773634A56ADD39C47
:10E9500010840C6303212421242904210521E518B6
:10E960000521E4180C63108414A5D39CD394D3948C
:10E97000D394D394D394D394D394D394D39C14A505
:10E9800075AD38CE78D678D678D678D678D678D68B
:10E9900078D678D638CE75ADD7BDFFFFFFFFFFFF25
:10E9A000FFFFFFFFFFFFFFFFFFFFFFFFFFFFD7BDE1
:10E9B00017C67FDF1F9E5FA65FA67FAE5FA65FA61E
:10E9C0007FAE3F9E7FDF17C637CE7FAE5F44DF64EA
:10E9D000BF549F54BF54BF54BF5C5F447FB637CE13
:10E9E00037CEBFB6FF64FF955F75FF643F6D3F6D27
:10E9F0003F6DDF5CDFBE37CE17C65FD79FA63FC730
:10EA00009FAE1F96BF85DF8D1F96BF851FCF17C690
:10EA1000F7C5BFE71FBF5FCF5FCF1FC73F9E7FA672
:10EA2000DFBE9FAE5FD717C618C6FBCE768D39A660
:10EA30003ECF9FDF1FC73FCF5FCF1FC7BFEFF7C5D9
:10EA400059CE37B68C4BD17419A67FD7BFE79FDF5D
:10EA50009FDF9FDFFFF7F7BD59CEF6ADE8320D5CC3
:10EA6000D274BBBE9FDF5FD7BFE7BFE7FFFFF7BD35
:10EA700059CE95A5252249438B4BB074558D5685AB
:10EA8000F89DBCBEDFF7F7BD79D6559DA611A9321A
:10EA9000E93A093B4943CD53515C97959EEFF7C541
:10EAA00059CEB7A56C222E43AF53CF5B3064F384AD
:10EAB000969519A67EE717C658CEDAA5B122533B24
:10EAC000145CB67C588D3BAEBCC65BBE5EE717C619
:10EAD00058CEBA9DB21A543BD54B7664F77CDA9D7A
:10EAE0001AAEFAA55EDF17C638CE1ED75985BA9D75
:10EAF000FBA53BAE7CBEFDCE1DD71DD7FFF717C6CD
:10EB0000D7BDFFFFFFFFFFFFFFFFFFFFFFFFFFFF7F
:10EB1000FFFFFFFFFFFFD7BD55AD58CE99D679D681
:10EB200079D679D659CE58CE58CE58CE38C675AD8E
:10EB300014A5D39CB394B394B394D394D394D39C9B
:10EB4000D39CD39CD39C14A559F792EE4FEE4FEE75
:10EB50002EE60EE6EDE5EDDDCCDDEDDDD6EEFFFFDC
:10EB6000F5F635F735F734F734F734F734F714F7AB
:10EB700013F713F771E6DFFF91EED8FFF9FFF9FF06
:10EB8000F9FFF9FFF9FFF9FFF9FFF9FFECDDDEFF0F
:10EB900091EED8FFD8FFD8FFD8FFD8FFD8FFD7FF16
:10EBA000B7FFD7FFCCDDDEFF70EED8FFD8FFD8FF70
:10EBB000D8FFD8FFD7FFB7FF96FFB6FFCBDDDEFF4C
:10EBC00070E6D7FFD8FFD8FFD7FFD7FFB7FF96FF74
:10EBD00075F795F7ABDDBDFF4FE6D7FFD8FFD7FF41
:10EBE000B7FFB6FF96FF75F754F754F7ABD5DFFFC5
:10EBF0002FE6D7FFD7FFB7FF96FF95FF74F753F7C0
:10EC000032F732F78BD5BDFF0EE6B7FFB6FF96FFA2
:10EC100075F774F753F732F711EFF1EEECDD93E689
:10EC20000EE696FF96FF75F754F733F712F7F1EEFD
:10EC3000D0EEAFEE4BE6ABD50EDE75F774F753F7BB
:10EC400032F711F7F0EECFEEAFEE8DE6F2EE49D5EA
:10EC5000EDDD54F733F712F711EFD0EEAFEEAEEE75
:10EC60008EE64BE65CEF8BD5EDDD32F711F7F1EE7A
:10EC7000D0EEAFEE8EE66DE66CE62AE65CEF6BD585
:10EC8000CCDDF1EEF0EECFEEAEEE8DE66DE64CE6CD
:10EC90004BE609DE7BFF6AD5CCDDD0EEAFEE8EE62B
:10ECA0008DE66CE64BE62BE62ADE08E6DAC64ACDB0
:10ECB000CCDDAEEE8EEE6DE64CE64BE62AE62ADEC5
:10ECC0000ADE08EEBA5D2ABDABD58DE66CE64BE6F2
:10ECD0002BE62AE60ADE09DE0ADE08EE594D0ABDF9
:10ECE000CCD54BE66CE64BE62AE62AE62AE629E690
:10ECF0002AE629E6CEAD29C572E60CDECADDCADDFC
:10ED0000A9DDA9D5A9D5A9D5A9D5A9D5C8E50FDE6D
:10ED100017EFCDDD29CD29CD29CD28CD28CD08CDA2
:10ED200008CD07CD4BCDB5E6FFFFFFFFFFFFFFFF8F
:10ED3000FFFFFFFFFFFFFFFFFFFFFFFFFFFFFFFFE3
:10ED4000FFFFFFFFFFFFFFFFFFFF75DF54D7FFFF50
:10ED5000FFFFFFFFFFFFFFFFFFFFFFFFFFFFFFFFC3
:10ED6000FFFF11CFE185BCF7FFFFFFFFFFFFFFFFB4
:10ED7000FFFFFFFFFFFFFFFFFFFF34D7048EF1C649
:10ED8000FFFFFFFFFFFFFFFFFFFFFFFFFFFFFFFF93
:10ED9000FFFF11C713CFABAE56DFFFFFFFFFFFFF33
:10EDA000FFFFFFFFFFFFFFFFFFFF14CFEAB6D1DF3A
:10EDB000279EFEFFFFFFFFFF88AE66A667A667A639
:10EDC00067A6028EC4A689CFC8AEAFBEFFFFFFFF05
:10EDD000E28DEDBEC7AEC8AEE7AEEDBE4FCF01AF20
:10EDE00049BF469E58DFFFFF2A9EF9F7AED7D0DF16
:10EDF000CFD7D6E770D7C0A603AFE7AE4BA6DEF7F6
:10EE0000E58D25B7A09EC0A6C0A6A0A6C0A6C2A696
:10EE1000A1A625B74496D2C6E58D05B7A09EC1A68A
:10EE2000C1A6A1A6C1A6C1A6C1A6819EC4AEE48DFD
:10EE3000C58DC4A620964196419641964196819EE5
:10EE4000A19EA3A624966EAEC58D05B785A6A5A6E0
:10EE5000A5A6A5A685A62296629E649EC9959DEF4D
:10EE6000437544962596259625964696A7A602961E
:10EE7000449EC585F6CEFFFF677D477D477D477D74
:10EE8000477D2675E38D639E05960EA6FFFFFFFF67
:10EE9000DEF7DEF7DDF7BDF7DDF794BEA17DC6AE88
:10EEA00068859CEFFFFFFFFFFFFFFFFFFFFFFFFFF6
:10EEB000FFFFB6C6048EC585B5C6FFFFFFFFFFFF87
:10EEC000FFFFFFFFFFFFFFFFFFFFF6CE226D2EA625
:10EED000FFFFFFFFFFFFFFFFFFFFFFFFDFFF9EF7CB
:10EEE0007EF774BEA56C1ADFBEF7DFFFFFFFFFFFE2
:10EEF000FFFFFFFF7DEFDBDE3ACE2E8DAE959AD67B
:10EF0000DBDE7DEFFFFFFFFF0020622CCF29A02575
:10EF1000002024195111D408622C903DFE3931345F
:10EF2000622CDF2205183E0CCF29FE39A03629318C
:10EF3000CF29D920A016890BA025313429313E2CA8
:10EF4000A025901D5D14610A0020622CCF29A02508
:10EF5000002024195111D4082419DF22D920901D32
:10EF60002419C1139B0DEF0651110518A0165D144D
:10EF700051119B0D5F09C704D4083E0C890B610A2F
:10EF8000D408EF06C7046F02000108100902030A43
:10EF900011182019120B04050C131A2128302922EC
:10EFA0001B140D06070E151C232A313839322B2469
:10EFB0001D160F171E252C333A3B342D261F272EE6
:10EFC000353C3D362F373E3F51C21340FB22855121
:10EFD00072464F40BD45B340CF200B6D103CE1421F
:10EFE0006D2DFA419057D941449F91482134F943FE
:10EFF000968DFC5E630ECB52C41BCC46971AD84A42
:10F000002E40E264F09C9D4AB31D7D7CA924E2431E
:10F010001137AE4F26CF6F6BC1923C6EA71E605664
:10F02000EBF64C5F044E9E5146FB40414267035253
:10F03000EFE9454588DEF84CBF6B327345BA9E5305
:10F04000BA04BFBEBE98FCADEFE94545782107B3D1
:10F050004194CD8C45BA9E5346FB404142670352D2
:10F06000EFE9454588DEF84CBF6B327345BA9E53D5
:10F07000BA04BFBEBE98FCADEFE94545782107B3A1
:10F080004194CD8C45BA9E5394FA9765E68BA25075
:10F09000FFFFFF7F94FA9765E68BA250FFFFFF7F8B
:10F0A00094FA9765E68BA2500E0000000D00000058
:10F0B0000B0000000A00000009000000070000002B
:10F0C0000600000005000000FAA22814D61BDB157C
:10F0D0002C309617858D5919BBE8241BFAFCF71CB8
:10F0E000F28AD21E2A58B4206E2E9D2255DB8C2423
:10F0F000DA2F8326000080288722832AA8708C2C90
:10F10000D8C59B2E99FFB0304AFDCB3201A0EC341C
:10F1100062CA123788603E39E0476F3B1767A53DEA
:10F12000FCA5E03F72ED2042582766447C3EB04685
:10F13000871EFF48F3B3524BFDEBAA4D97B407501F
:10F1400062FC68529CB2CE5421C73857592AA7593D
:10F1500035CD195C29A1905E21980B617FA48A634B
:10F160000FB90D660BC994680CC81F6B0DAAAE6D64
:10F1700060634170B0E8D772F92E7275852B1078F4
:10F18000ECD3B17A091E577D00000000000000108A
:10F19000F3455128DB5C3A4553FFB20CD68919116F
:10F1A000C831CE1503F2C71A00000020B906712538
:10F1B000A3B4162BB474ED30A53FF236D37B223DB9
:10F1C00056E67B433C82FC4900000000CD4F740DA5
:10F1D000261FE721D9AB363A84C0AD0A6E0E610E08
:10F1E0001D0C5612CF238516999FE81AA4037C1F85
:10F1F00049AE3B24679C24290F42342E856F683327
:10F20000FF3DBF388201373E00000000334F500BF6
:10F21000073E821C559AF33062CDFA081963170C29
:10F2200022356B0FADE2EF12669EA01617A3791A76
:10F2300001E3771EB4D59822FC56DA262A903A2BA1
:10F24000E7E7B72F50F6503400000000057F830930
:10F25000D710F917A9C72929FA0D8D0761E62A0ADF
:10F260005431F70CCB91EC0F0AFE06136C4A43168F
:10F2700095E59E193DAE171D6AD7AB2051D559248F
:10F28000BB4F20280818FE2BFFFFFF7F657EA26B77
:10F290009A79825A29F81B4C0000000000000000F7
:10F2A000000000010101010202030303020000004B
:10F2B0000600000004000000000000004000000004
:10F2C0006B6F6D6E67655959565653535A5A5C5C4D
:10F2D00042424242414141414444444448484848F2
:10F2E000101010101010101010101010101010101E
:10F2F000101010101010101010101010101010100E
:10F300004F4E4D4C4B4A4948474645444342414085
:10F3100000000000000000000000000001000000EC
:10F3200000000000010000000000000001000000DB
:10F3300000000000060000000000000001000000C6
:10F3400000000000010000000000000002000000BA
:10F3500000000000020000000000000002000000A9
:10F360000000000002000000000000000200000099
:10F370000000000002000000000000000200000089
:10F380000000000006000000000000000200000075
:10F390000100000003000000020000000300000064
:10F3A0000300000003000000040000000300000050
:10F3B0000600000003000000080000000300000039
:10F3C0000A000000030000000D0000000300000020
:10F3D000040000000300000005000000030000001E
:10F3E000060000000300000007000000030000000A
:10F3F00008000000030000000900000003000000F6
:10F400000B000000030000000D00000003000000DE
:10F410000000000000000000090000004A00000099
:10F42000000000008B0000008C0100000D020000B5
:10F430007B02000093030000F00300003005000091
:10F44000580600001107000000000000020900003B
:10F45000460B0000460B0000460B0000460B000068
:10F46000460B0000460B0000460B0000460B000058
:10F47000D10D0000D10D0000D10D0000D10D000014
:10F48000D10D0000D10D0000D10D0000D10D000004
:10F4900003F0123101311120112000100010001072
:10F4A000001006F0226201621252125222512251C1
:10F4B00021502150123112311231123112311231D8
:10F4C000123112310131013101310131013101318A
:10F4D0000131013111301130113011301130113042
:10F4E000113011300010001000100010001000103A
:10F4F000001000100010001000100010001000108C
:10F50000001000100010001000100010001000107B
:10F51000001000100010001000100010001000106B
:10F520000010001006F022620162125212522251A3
:10F530002251215021501130113011301130113031
:10F5400011301130113012211221122112211221F9
:10F550001221122112211221122112211221122113
:10F560001221122112210121012101210121012158
:10F57000012101210121012101210121012101217B
:10F580000121012101210020002000200020002075
:10F59000002000200020002000200020002000206B
:10F5A00000200020002008F0328322833272327261
:10F5B000326132613261326112731273017301730D
:10F5C0003170317022722272126212621262126201
:10F5D0002261226122612261016201620162016293
:10F5E000216021602160216012311231123112310B
:10F5F00012311231123112311231123112311231F3
:10F6000012311231123112311231123112311231E2
:10F6100012311231123112311231123112311231D2
:10F620001231123112311231013101310131013106
:10F63000013101310131013101310131013101313A
:10F64000013101310131013101310131013101312A
:10F65000013101310131013101310131013101311A
:10F6600001310131013101311130113011301130CE
:10F670001130113011301130113011301130113082
:10F680001130113011301130113011301130113072
:10F690001130113011301130113011301130113062
:10F6A0001130113011301130001000100010001016
:10F6B00000100010001000100010001000100010CA
:10F6C00000100010001000100010001000100010BA
:10F6D00000100010001000100010001000100010AA
:10F6E000001000100010001000100010001000109A
:10F6F000001000100010001000100010001000108A
:10F700000010001000100010001000100010001079
:10F710000010001000100010001000100010001069
:10F720000010001000100010001000100010001059
:10F730000010001000100010001000100010001049
:10F740000010001000100010001000100010001039
:10F750000010001000100010001000100010001029
:10F760000010001000100010001000100010001019
:10F770000010001000100010001000100010001009
:10F7800000100010001000100010001000100010F9
:10F7900000100010001000100010001000100010E9
:10F7A000001000100010001007F032730173226384
:10F7B000226332623262316031601253125312534B
:10F7C000125332513251325132512252225222526C
:10F7D000225201520152015201521242124212426D
:10F7E000124212421242124212422241224122414C
:10F7F00022412241224122412241214021402140F7
:10F80000214021402140214021400131013101317D
:10F810000131013101310131013101310131013158
:10F820000131013101310131013112211221122145
:10F830001221122112211221122112211221122130
:10F840001221122112211221122112211221122120
:10F850001221122112211221122112211221122110
:10F8600012211221122112211221113011301130D6
:10F870001130113011301130113011301130113080
:10F8800011301130113011301130003000300030A3
:10F8900000300030003000300030003000300030E8
:10F8A0000030003000300030003006F041005200DF
:10F8B0005B006000630068006B00126222512251FD
:10F8C00001622160124112411241124101310131A4
:10F8D000013101310131013101310131113011307A
:10F8E0001130113011301130113011300010001072
:10F8F0000010001000100010001000100010001088
:10F900000010001000100010001000100010001077
:10F910000010001000100010001000100010001067
:10F9200000100010001000100010001004F05245EC
:10F930004245524452433235323542344234223504
:10F94000223552325232122512251225122503F089
:10F950005221522101353234512051204233323369
:10F9600002F0222442221214121401F0421141101A
:10F9700002F0012422233222012301F0121332115A
:10F9800001F03110221208F001010A010F01128565
:10F990005281120115012284428212844271427105
:10F9A000018441802283328212833281018331803B
:10F9B00022622262226222620162016201620162AB
:10F9C00021602160216021601242124212421242E3
:10F9D0001242124212421242124212421242124287
:10F9E000124212421242124222412241224122413B
:10F9F00022412241224122412241224122412241EF
:10FA0000224122412241224112211221122112219E
:10FA1000122112211221122112211221122112214E
:10FA2000122112211221122112211221122112213E
:10FA3000122112211221122112211221122112212E
:10FA4000122112211221122112211221122112211E
:10FA5000122112211221122112211221122112210E
:10FA600012211221122112211221122112211221FE
:10FA700012211221122112211221122112211221EE
:10FA800012211221122112210131013101310131E2
:10FA900001310131013101310131013101310131D6
:10FAA00001310131013101310131013101310131C6
:10FAB00001310131013101310131013101310131B6
:10FAC000013101310131013111301130113011306A
:10FAD000113011301130113011301130113011301E
:10FAE000113011301130113011301130113011300E
:10FAF00011301130113011301130113011301130FE
:10FB00001130113011301130002000200020002071
:10FB100000200020002000200020002000200020E5
:10FB200000200020002000200020002000200020D5
:10FB300000200020002000200020002000200020C5
:10FB400000200020002000200020002000200020B5
:10FB500000200020002000200020002000200020A5
:10FB60000020002000200020002000200020002095
:10FB70000020002000200020002000200020002085
:10FB8000002000200020002003F05235523442258E
:10FB90004225521352135213521302F032254224BB
:10FBA0002215221501F05212011501F032144213F0
:10FBB00001F05110321306F041004A004F0052008C
:10FBC00057005A0012644261226332621253125388
:10FBD000325132510163316022522252015201529C
:10FBE0001242124212421242224122412241224139
:10FBF0002140214021402140123112311231123175
:10FC00001231123112311231013101310131013120
:10FC10000131013101310131113011301130113018
:10FC20001130113011301130003000300030003010
:10FC3000003000300030003003F0523542353225BC
:10FC40003225522352235234013502F04224222518
:10FC50005222122501F05211321402F042134213C3
:10FC60005120012401F02214421201F032134110FC
:10FC700008F001010A010F0118011B0120012501F3
:10FC8000128772812A012D01320112866281618000
:10FC900037013A013D011284428141802283328240
:10FCA00001831273127332713271317031702272AA
:10FCB0002272126212621262126222612261226157
:10FCC00022610162016201620162216021602160A2
:10FCD000216012411241124112411241124112415E
:10FCE000124112411241124112411241124112417C
:10FCF0001241013101310131013101310131013153
:10FD00000131013101310131013101310131013163
:10FD10000131013101310131013101310131013153
:10FD20000131013101310131013101310131013143
:10FD300001311130113011301130113011301130CA
:10FD400011301130113011301130113011301130AB
:10FD5000113011301130113011301130113011309B
:10FD6000113011301130113011301130113011308B
:10FD700011300010001000100010001000100010D2
:10FD800000100010001000100010001000100010F3
:10FD900000100010001000100010001000100010E3
:10FDA00000100010001000100010001000100010D3
:10FDB00000100010001000100010001000100010C3
:10FDC00000100010001000100010001000100010B3
:10FDD00000100010001000100010001000100010A3
:10FDE0000010001000100010001000100010001093
:10FDF0000010001000100010001000100010001083
:10FE00000010001000100010001000100010001072
:10FE10000010001000100010001000100010001062
:10FE20000010001000100010001000100010001052
:10FE30000010001000100010001000100010001042
:10FE40000010001000100010001000100010001032
:10FE50000010001000100010001000100010001022
:10FE60000010001000100010001000100010001012
:10FE7000001003F0723762377236523772356236CD
:10FE80004227422702F0722452266225322703F0CD
:10FE90007223722342264226523552346223622351
:10FEA00001F02217721202F0622401277110711002
:10FEB00002F0621262124225322502F0011601168A
:10FEC0005223422401F03216221602F02225522239
:10FED0001215121502F0521152113224422301F070
:10FEE0000115511001F02214421201F032130114D5
:10FEF00008F0010106010F01140117012287728227
:10FF00001C01727172711287718032866283618006
:10FF10001F012201128562726272228601861276A8
:10FF2000127662716271528132845180250122847D
:10FF30004282128442810184418022732273327290
:10FF40003272126312631263126332613261326180
:10FF50003261017301733170317022622262226258
:10FF600022622251225122512251225122512251E8
:10FF700022511242124212421242124212421242C2
:10FF800012421242124212421242124212421242D1
:10FF900012420152015201520152015201520152C8
:10FFA00001522150215021502150215021502150E7
:10FFB00021501231123112311231123112311231FB
:10FFC0001231123112311231123112311231123119
:10FFD0001231123112311231123112311231123109
:10FFE00012311231123112311231123112311231F9
:10FFF0001231013101310131013101310131013160
:020000040802F0
:100000000131013101310131013101310131013160
:100010000131013101310131013101310131013150
:100020000131013101310131013101310131013140
:1000300001311130113011301130113011301130C7
:1000400011301130113011301130113011301130A8
:100050001130113011301130113011301130113098
:100060001130113011301130113011301130113088
:10007000113000200020002000200020002000205F
:100080000020002000200020002000200020002070
:100090000020002000200020002000200020002060
:1000A0000020002000200020002000200020002050
:1000B0000020002000200020002000200020002040
:1000C0000020002000200020002000200020002030
:1000D0000020002000200020002000200020002020
:1000E0000020002000200020002000200020002010
:1000F000002002F0722762277226722503F0622622
:10010000622642274227722472245237523502F067
:10011000522662253217321701F07213421602F08E
:10012000422552243225522301F06214011701F0B6
:100130004214221501F05212011501F0421332133C
:1001400007F081008A008F00920097009A009D00BE
:10015000A200A500A800227662726271AD00B00014
:10016000B3001275527132744273B6002274427237
:1001700012743263326342614261226322633262EB
:100180003262417001733160316012531253125365
:100190001253325132513251325122522252225292
:1001A000225212421242124212421242124212428F
:1001B0001242224122412241224122412241224136
:1001C000224101520152015201522150215021502D
:1001D00021500040004000400040004000400040EE
:1001E00000401231123112311231123112311231FA
:1001F00012311231123112311231123112311231E7
:10020000123101310131013101310131013101314D
:10021000013101310131013101310131013101314E
:1002200001311130113011301130113011301130D5
:1002300011301130113011301130113011301130B6
:10024000113003F072376237722672265227522716
:100250007225722502F0622642277224622501F07F
:100260005216321702F0722352252217221701F07C
:100270007212421601F06214121702F0721172111A
:100280000127712001F03216621301F04215521459
:1002900002F0421442140126012501F012166110E9
:1002A00001F03215521301F02215521201F05110D3
:1002B000011406F041008200C300E40005011601AC
:1002C0001F01300139013E014301460112622261E2
:1002D000016221601241124112411241014101416A
:1002E0000141014111301130113011301130113004
:1002F000113011300010001000100010001000101C
:10030000001000100010001000100010001000106D
:10031000001000100010001000100010001000105D
:10032000001000100010001000100010001000104D
:100330000010001006F0080111011A0123012C0120
:10034000310136013F01440147014C015101560181
:100350005B01126FF261F160600163016601E262AC
:100360006901126EE2616C016F0172017501780121
:100370007B01C266326D7E01226DD262126DB26760
:1003800081018401C2638701426BD251D251016D58
:10039000D160826AA268426CC264626BB266325CEF
:1003A000325C225C225CC252C252525B525BB2652A
:1003B0008269125C125C06F0C251C2519268016CF3
:1003C000C150C150B264626AA2667269325B325B2C
:1003D000B253B2538268526A225B225BA2656269A1
:1003E000A254A254726882679254925472677266E1
:1003F000B242B242B242B242124B124B124B124BB9
:10040000B241B241B241B241015B015BB150B15066
:1004100092569256425A425A325A325AA253A253D2
:100420005259525992559255224A224A224A224AF8
:10043000A242A242A242A24205F0124A124AA2419C
:10044000A241015A6258A140A140825642599243AA
:100450009243325952588255625722492249924258
:100460009242525772553248324882438243625612
:100470004257725452566255725305F0123912396E
:100480001239123992319231923192310149014936
:1004900091409140424842488244824472427242B2
:1004A000425662542238223822382238823282322E
:1004B00082328232123812381238123804F032473F
:1004C000224712371237723172315245014771405B
:1004D000324662434245524422466242324503F06C
:1004E0008221822101388130123662310136613039
:1004F00004F0524342442235223552325232013501
:100500000135122512251225122552215221522180
:10051000522103F0323442335130223442323233EA
:100520001224122402F0421142110124412002F04F
:10053000222332221213121301F03211011301F09F
:100540003110221203F082008B008E009100940083
:100550009700E23CD23D03F09300B23EE23B923F73
:10056000F239E23AB23DD23B03F0823FF238C23C6C
:100570008D00823E9000F227F22703F0D22AD22A81
:10058000A23DB23CC23BF236622F622F02F0E2285B
:10059000522F922DD22902F0F225E227A22CB22B63
:1005A00003F0422F422FF224F224C23AE236F22321
:1005B000F22302F0321F321F822DD22801F0221FB7
:1005C000F21202F0622E922C011F011F02F0C229CA
:1005D000522EA21BA21B02F0722DD227421E421ED7
:1005E00002F0C228D226321E321E02F0B219B2190F
:1005F000922BA22A01F0B21AE21501F0E214821C39
:1006000001F0621DE21301F0221E011E01F0E11053
:10061000521D01F0D215721C01F0C217421D01F0EB
:10062000821BB21801F0D214921A01F0A219621CB6
:1006300001F0D213721B01F0521CC21501F0921985
:10064000721A01F0A217921703F02300F23DE22D77
:10065000E22DF21FF21FF21FF21F01F0E21FD21F64
:1006600001F0E21EC21F01F0D21EB21F01F0F21B08
:10067000C21E02F0D21CD21CA22FE22901F0F21AF3
:10068000C21D01F0A21E921E01F0721F721E01F027
:10069000F21EF21C08F00101220143015401650120
:1006A00076017F0188019901A201AB01B401BD016E
:1006B000C201CB01D401D901DE01E301E801ED0162
:1006C000F201F701FC010102040207020A020F0213
:1006D000120215021A021D02200292812302260232
:1006E00029022C022F022288828212888281320201
:1006F000350238023B022287728262841287528559
:1007000072813E02328662834285528422866282F0
:10071000128641023285627162715283428422756F
:100720002275527252721275127552715271018590
:100730005180327432744273427322742274427252
:100740004272327332734261426142614261127499
:100750001274017401742263226322632263326281
:10076000326232623262417041700173017312630E
:10077000126312631263326132613261326131603D
:100780003160316031602252225222522252225272
:100790002252225222521252125212521252125209
:1007A00012521252125222512251225122512251DE
:1007B0002251225122510152015201520152015241
:1007C00001520152015221502150215021502150FB
:1007D0002150215021501231123112311231123177
:1007E00012311231123112311231123112311231F1
:1007F00012311231123112311231123112311231E1
:1008000012311231123112311231123112311231D0
:1008100012311231123101410141014101410141C5
:1008200001410141014101410141014101410141B8
:10083000014101410141114011401140114011405D
:100840001140114011401140114011401140114020
:1008500011401140114000300030003000300030B5
:100860000030003000300030003000300030003008
:1008700000300030003000300030003000300030F8
:1008800000300030003000300030003000300030E8
:1008900000300030003005F0F25FE25FF25ED25FC0
:1008A000E24EE24EF25DC25FF25CD25EE25DB25FAA
:1008B000F24BF24BC25EE25CD24DD24DA24FA24F40
:1008C000F24AF24AB24EB24EE24BE24BC24DC24D38
:1008D000D24CD24C924F924F05F0F249F249E24A83
:1008E000E24AB24DB24DD24BD24B824F824FF248C8
:1008F000F248C24CC24C924E924EE249E249724FCB
:10090000724FF247F247A24DA24DD24AD24AB24CA0
:10091000B24C624F624FA25E015F04F0C23BC23B29
:10092000F236F236824EE248524F924DF235F235AF
:10093000723E723EE237E237A23CA23C04F0C23A79
:10094000C23AB23BB23BD249824D423F423FF234BF
:10095000F234323F323FF233F233D238D23804F03D
:10096000E236E236223F223FF232F232624EF1406C
:10097000123F123FF231F231923C923CC239C239FD
:1009800003F0523EA23BB23AE235723DD237423ECC
:10099000E23403F0823CC238323E623DD236E2336A
:1009A000923BB23904F0223E223EA23AA23AE2320F
:1009B000E232123E123EE231E231014EE140523D5E
:1009C000523DD235D23503F0723CC237423D823BB4
:1009D000D224D224B238923A03F0A239623CC23611
:1009E000323DD223D223D222D22203F0223D013D36
:1009F000122D122D722B722BB227B22703F0D221A7
:100A0000D221523CD130C225C225822A822A02F04C
:100A1000A228422CC224622B03F0B226B2269239BD
:100A2000013C322C322CC223C22303F0722A722AD8
:100A3000A227A227A226A226C130013B02F0C212A1
:100A4000C212222C522B02F0B225122C822992289B
:100A500002F0C221422BB224622A02F0322B722908
:100A6000B213B21302F092278228222B522A02F0EC
:100A7000B212B212A225122B02F0B211B211B120A1
:100A8000622902F09226422AA224722802F08227CA
:100A9000322AA213A21301F05219921501F0221A60
:100AA000A21201F0121AA21102F0012AA12062186A
:100AB000621801F08216421901F09214321902F004
:100AC000921392137227012901F05218821501F036
:100AD0002219621701F07216921201F01219911088
:100AE00001F04218821401F05217721501F0321809
:100AF000821301F06216421701F07214011801F01E
:100B00008110521601F06215321701F0721342166D
:100B100001F00117711001F00116611008F00101D8
:100B20000A011301F28F18011D012001F282310127
:100B3000128FF28134014501560167017801890164
:100B40009A01A301AC01B501BE01C701D001D901D1
:100B5000DE01E301E601EB01F0015281F301F60150
:100B6000F901FC0112844281FF0122833282127357
:100B700012733271327101833180227222721262D9
:100B8000126212621262226122612261226101629A
:100B900001620162016221602160216021601241D5
:100BA00012411241124112411241124112411241AD
:100BB00012411241124112411241124112410141AE
:100BC0000141014101410141014101410141014115
:100BD0000141014101410141014101410141113006
:100BE00011301130113011301130113011301130FD
:100BF00011301130113011301130113011301130ED
:100C000011301130113011301130113011301130DC
:100C100011301130113011301130113011300010FD
:100C20000010001000100010001000100010001044
:100C30000010001000100010001000100010001034
:100C40000010001000100010001000100010001024
:100C50000010001000100010001000100010001014
:100C60000010001000100010001000100010001004
:100C700000100010001000100010001000100010F4
:100C800000100010001000100010001000100010E4
:100C900000100010001000100010001000100010D4
:100CA00000100010001000100010001000100010C4
:100CB00000100010001000100010001000100010B4
:100CC00000100010001000100010001000100010A4
:100CD0000010001000100010001000100010001094
:100CE0000010001000100010001000100010001084
:100CF0000010001000100010001000100010001074
:100D00000010001000100010001000100010001063
:100D1000001000100010001000100010001003F070
:100D2000E23FF23ED23FF23DC23FF23CB23FF23BE5
:100D300003F0A22FA22FF23A923FF239F238822F1B
:100D4000822F02F0722FF227622FF22602F0522F2A
:100D5000F225421F421F01F0F214F21304F0F110C9
:100D6000F110F110F110F110F110F110F110322F1B
:100D7000322F322F322FE200F300FC00050101F088
:100D8000221F011F04F0FA00FF00040109010C01F9
:100D90001101160119011E0123012801E2432D0151
:100DA00030013301360104F028012B012E01014DE1
:100DB000310134013701324C3A01124CC1403D013E
:100DC000E232E232224E124E04F0D243224DD2429F
:100DD000D241324B2F01123D123DC244624BC243FD
:100DE000A247223C223CC242B24504F0C241014C1F
:100DF000424BB244624AA246B233B233524AA2458F
:100E0000223B223BB232B232123B123B04F0B231EF
:100E1000B231014BB14062499246424AA244724803
:100E20008247A233A233324A5249223A223A04F08C
:100E300092456248A231A23182467247923492347E
:100E40004249524762376237A222A222A222A2223C
:100E500003F0122A122A013AA13032399233523861
:100E6000823503F0222922299222922272360139F8
:100E70001229122903F092219221913042388234B2
:100E800072353238823303F062362238822282226F
:100E9000423772341228122803F0822182218120E5
:100EA0008120013852363227322703F07223722311
:100EB00062354236222722277222722203F06234E0
:100EC000523501270127121712171217121702F0B5
:100ED000721172117120322602F0622342255224CF
:100EE000222601F06212121602F06211621101262E
:100EF000612002F0521352133225422401F02215D0
:100F0000521201F01215011501F03214421301F0D2
:100F10005110221401F04212321301F00114411059
:100F200004F0C24E8600D23ED23EE239E239E24AB5
:100F3000D249E22EE22EE22EE22EE23DE23DE23BFB
:100F4000E23B03F0B22EB22EC22DC22DD23CD23BD8
:100F5000A22EA22E03F0C22CC22CA23DD23A723E87
:100F6000A23CC22AC22A03F0C239723D522E522E2E
:100F7000B21DB21DB21DB21D02F0921E921EB22C05
:100F8000C22B02F0822EE228922DE22702F0B22B31
:100F9000822DD228622E01F0E216921C02F0A22BC2
:100FA000B22AE225D22702F0421E421EE224822CFF
:100FB00001F0C218321E02F0621D621DD226922B71
:100FC00002F0B229A22AE211E21102F0D214D214E4
:100FD000B228A22902F0721B721BB227D12001F0A5
:100FE000011EE11001F0521DD21501F0721CC21752
:100FF00001F0421D821B01F0921A621C01F0C21620
:10100000321D01F0521CC21501F0821AA21801F023
:101010009219421C01F0B216721A01F0521B821989
:1010200001F09218721901F09217821801F0E21C77
:10103000D21D09F0E28FE28FF28EF28ED28FD28F24
:10104000F28DF28DC28FC28FF28CF28CB28FB28F82
:10105000F28BF28BF27AF27AF27AF27AA28FA28F84
:10106000928F928FF279F279F279F279F278F278BE
:10107000F278F278828F828F728F728FF277F277A6
:10108000F277F277627F627F627F627FF276F2763A
:10109000F276F276527F527F527F527FF275F2756E
:1010A000F275F275427F427F427F427FF274F274A2
:1010B000F274F274327F327F327F327FF273F273D6
:1010C000F273F273227F227F227F227FF272F2720A
:1010D000F272F272F271F271F271F271128F128F7A
:1010E000F180F180019F010206020B02100215023D
:1010F0001A021F02F24FF24FF24FF24FF24FF24F2D
:10110000F24FF24FF24FF24FF24FF24FF24FF24FD7
:10111000F24FF24FF24FF24FF24FF24FF24FF24FC7
:10112000F24FF24FF24FF24FF24FF24FF24FF24FB7
:10113000F24FF24F24022902320237023A023F02F2
:10114000420245024A024D0250025302560259021F
:101150005C025F026202650268026B026E0271024B
:10116000740277027A027D028002830288028B0277
:101170008E029102940297029A029F02B294A402F4
:10118000A702AA02B2938298AF02B292B202B5024B
:101190009296A294B8028297329AA293529992950B
:1011A000229AA292A2916298829672974299929400
:1011B000329992935298829522996297729692925E
:1011C0001299929142988294529772953298829392
:1011D0006296229882921298429772948291BB02F0
:1011E000529662951297BE0272837283329722974B
:1011F00072827282428642866284628452855285FD
:101200007281728132863286628362834285428530
:1012100052845284228622866282628212861286DA
:101220006281628101966190328532855283528358
:1012300042844284228522855282528212851285FE
:1012400001955190527152715271527132843284AF
:101250004283428322742274227422744272427244
:101260004272427232733273327332731274127476
:10127000127412744271427142714271018401848C
:101280004180418022732273227322733272327240
:101290003272327212631263126312631263126348
:1012A00012631263326132613261326132613261E2
:1012B00032613261017301730173017331703170F6
:1012C00031703170226222622262226222622262C4
:1012D00022622262125212521252125212521252AE
:1012E00012521252125212521252125212521252DE
:1012F0001252125222512251225122512251225174
:101300002251225122512251225122512251225145
:101310002251225101620162016201620162016295
:1013200001620162216021602160216021602160F1
:1013300021602160124112411241124112411241B9
:101340001241124112411241124112411241124105
:1013500012411241124112411241124112411241F5
:1013600012411241124112411241124112411241E5
:10137000124112410141014101410141014101413B
:10138000014101410141014101410141014101414D
:10139000014101410141014101410141014101413D
:1013A000014101410141014101410141014101412D
:1013B00001410141114011401140114011401140C3
:1013C0001140114011401140114011401140114095
:1013D0001140114011401140114011401140114085
:1013E0001140114011401140114011401140114075
:1013F00011401140004000400040004000400040CB
:1014000000400040004000400040004000400040DC
:1014100000400040004000400040004000400040CC
:1014200000400040004000400040004000400040BC
:101430000040004002F0E22ED22EE22DC22E02F039
:10144000E22CD22DB22EE22B02F0C22DD22CA22EF3
:10145000E22A02F0B22DD22BC22C922E02F0E22907
:10146000A22DD22AB22C02F0C22B822EE228922D7B
:1014700002F0D229722EE227A22C02F0C22AB22B4D
:10148000822DD22803F0013EE130012D012DE2161C
:10149000E216E216E21602F0622E922CC219C2196E
:1014A00001F0521EB21A02F0E215E215A22B722DC3
:1014B00001F0D217E21401F0821CC21802F0422E91
:1014C000222E321E321E01F0621DD21601F0E213EE
:1014D000921B01F0B219A21A01F0E212121E01F0E1
:1014E000E211521D01F0D215721C01F0C217421D0B
:1014F00001F0821BB21801F0D214921A01F0A21965
:10150000621C01F0C216321D01F0D213221D01F03F
:10151000D212121D01F0721BB21701F0D211521C2F
:1015200001F0C215821A01F0A218921901F0421CB2
:10153000C21401F0621BB21602F0D120012C321C41
:10154000321C01F0C213721A01F0A217221C01F022
:10155000C212521B01F0B215121C01F0821992182E
:1015600001F0C211421B02F0C120012B321B321BC1
:1015700002F0B120012A121A121A01F0621AA21600
:1015800001F07219921702F0A12001299110911017
:1015900001F0221B521A01F0A215121B01F0B21128
:1015A000621901F0421A721801F00118811001F05D
:1015B000011771108BCEAA422427E9C2281C31479B
:1015C0009A615FC9EB8F864A8C9D85D0513B914CC7
:1015D000A03E24D8CC3C414D000000E0513B914C52
:1015E00061C1DBE7EB8F864A75627AEF281C3147D1
:1015F000679EA0F68BCEAA42DDD816FDD04E837F23
:101600001D75A37BC1E4017464F9D9689A79825A83
:10161000E2F36A49EE5A183683FB20215CEB270B74
:101620000000040008000C001000140018001E0048
:1016300024002C0034003E004A005A006E00860050
:10164000A200C400EE0020015601A20140020000E9
:10165000040008000C00100016001E0028003400D2
:10166000420054006A008800C00000000400080026
:101670000C001000140018001E0024002A00320084
:101680003C00480058006A0080009C00BE00E60054
:1016900014014A01800140020000040008000C000F
:1016A000100016001C0026003200400050006400AC
:1016B0007E00C0000000040008000C0010001400B0
:1016C00018001E0024002C00360042005200660064
:1016D0007E009C00C200F00028016C01C0012602BF
:1016E00040020000040008000C00100016001E005C
:1016F0002A003A004E0068008A00B400C0000000D2
:1017000006000C00120018001E0024002C003600F9
:1017100042005000600074008C00A800C800EE0079
:101720001C0150018C01D0010A024002000004009B
:1017300008000C001200180020002A0038004A009F
:1017400064008400AE00C000000006000C0012001F
:1017500018001E0024002C003600420050006000DB
:1017600072008800A200C200E80016014C018A0144
:10177000D0011C0240020000040008000C0012000E
:101780001A00240030003E00500068008800B400B9
:10179000C000000006000C00120018001E0024000B
:1017A0002C00360042005000600074008C00A8003D
:1017B000C800EE001C0150018C01D0010A02400259
:1017C0000000040008000C0012001A002400300081
:1017D0003E00500068008600AE00C0000000060019
:1017E0000C00120018001E0024002C0036004200DD
:1017F0005000600074008C00A800C800EE001C01BE
:1018000050018C01D0010A024002000004000800CF
:101810000C0012001A00240030003E005000680046
:101820008600AE00C000000006000C001200180088
:101830001E0024002C00360042005000600074009E
:101840008C00A800C800EE001C0150018C01D001E2
:101850000A0240020000040008000C0012001A00F6
:10186000240030003E00500068008600AE00C0003A
:1018700000000C001800240030003C004800580014
:101880006C008400A000C000E80018015001900125
:10189000DC01360238023A023C023E0240020000FD
:1018A00008001000180024003400480060007C008C
:1018B000A000A200A400A600C00000000000680074
:1018C00082009C00B600D000050139016D01A10124
:1018D0000A027202DB024303140400006000780075
:1018E0009000A800C000F000200150018001E0013C
:1018F0004002A0020003C00300009000B400D80022
:10190000FC0020016801B001F8014002D002600330
:10191000F0038004A00500001A0034004E006800A7
:1019200082009C00B600D000050139016D01A101C3
:10193000D6010A020000180030004800600078005C
:101940009000A800C000F000200150018001B0010B
:10195000E0010000240048006C009000B400D800B2
:10196000FC0020016801B001F80140028802D002A9
:101970000000340068009C00D000050139016D01B1
:10198000A1010A027202DB024303AC03140400004B
:10199000300060009000C000F00020015001800184
:1019A000E0014002A00200036003C0030000480001
:1019B0009000D80020016801B001F8014002D00277
:1019C0006003F00380041005A00500001100200052
:1019D00009001100090011008001800480048001C9
:1019E00080044002800180044002000000002000CA
:1019F000400060008000A000C000E0000001200165
:101A0000400160018001A001C00100002000300001
:101A1000380040005000600070008000A000C0004E
:101A2000E00000014001800100002000280030009B
:101A3000380040005000600070008000A000C0002E
:101A4000E0000001400100002000300038004000AC
:101A500050006000700080009000A000B000C00046
:101A6000E00000010000080010001800200028001D
:101A7000300038004000500060007000800090008E
:101A8000A00000000800100018002000280030000E
:101A90003800400050006000700080009000A000FE
:101AA000000020003000380040005000600070004E
:101AB00080009000A000B000C000E0000001000025
:101AC00008001000180020002800300038004000F6
:101AD00050006000700080009000A000000008002E
:101AE000100018002000280030003800400050008E
:101AF0006000700080009000A000000044AC000076
:101B000080BB0000007D000022560000C05D000088
:101B1000803E0000112B0000E02E0000401F00005E
:101B200000000001000200030300010101020103A3
:101B3000020102020203030103020303040204037D
:101B40000000000074000000540300002C07000097
:101B5000D41F000084500000B8660000C449020091
:101B6000789404003CB6FDFFB86600007CAFFFFF30
:101B7000D41F0000D4F8FFFF540300008CFFFFFFC8
:101B8000FCFFFFFF6800000068030000440600003F
:101B9000401F0000D04A00001C5D0000E02C020045
:101BA000C09304006099FDFF786F0000CCA9FFFF8F
:101BB0003C200000E4F7FFFF4003000084FFFFFF2C
:101BC000FCFFFFFF60000000780300006C050000D0
:101BD000801E000024450000A0520000FC0F0200FF
:101BE000A0910400A07CFDFF6077000024A4FFFF0B
:101BF00080200000ECF6FFFF2803000074FFFFFFC9
:101C0000FCFFFFFF54000000840300009804000064
:101C1000941D00007C3F0000444700002CF30100AD
:101C2000188E04000860FDFF707E00008C9EFFFF90
:101C30009C200000ECF5FFFF1003000068FFFFFF91
:101C4000FCFFFFFF4C0000008C030000D0030000ED
:101C5000781C0000E4390000003B000080D6010041
:101C600024890400AC43FDFFB08400000C99FFFF01
:101C700094200000E4F4FFFFF80200005CFFFFFF87
:101C8000FCFFFFFF4400000090030000140300006D
:101C90002C1B00005C340000DC2D000004BA0100A5
:101CA000D08204009C27FDFF208A0000A493FFFF40
:101CB0006C200000D4F3FFFFDC0200004CFFFFFFAC
:101CC000FCFFFFFF400000009003000064020000E2
:101CD000B0190000F02E0000D41F0000C89D0100C4
:101CE0001C7B0400E80BFDFFCC8E0000648EFFFF20
:101CF00024200000C0F2FFFFC00200003CFFFFFFF5
:101D0000F8FFFFFF380000008C030000BC0100005A
:101D1000FC1700009C290000E8100000D881010099
:101D20000C7204009CF0FCFFB49200004C89FFFF91
:101D3000C01F0000A4F1FFFFA40200002CFFFFFF62
:101D4000F8FFFFFF340000008003000020010000C6
:101D50001816000068240000180100004466010005
:101D6000A4670400CCD5FCFFE09500006884FFFF69
:101D7000441F000084F0FFFF8402000018FFFFFFF3
:101D8000F8FFFFFF2C00000074030000900000002B
:101D900000140000581F000068F0FFFF144B010002
:101DA000F05B040088BBFCFF58980000BC7FFFFF7D
:101DB000A81E000060EFFFFF6802000004FFFFFFA5
:101DC000F8FFFFFF280000005C030000080000008F
:101DD000AC110000701A0000D8DEFFFF583001007F
:101DE000F84E0400D8A1FCFF1C9A0000547BFFFFB2
:101DF000FC1D00003CEEFFFF4C020000F0FEFFFF68
:101E0000F4FFFFFF24000000400300008CFFFFFFF1
:101E1000280F0000B015000070CCFFFF1C16010059
:101E2000BC400400D888FCFF3C9B00003477FFFFD7
:101E3000381D000018EDFFFF2C020000DCFEFFFF44
:101E4000F4FFFFFF20000000200300001CFFFFFF45
:101E5000680C00001C1100002CB9FFFF6CFC000096
:101E6000503104008C70FCFFB89B00006873FFFFCA
:101E7000641C0000F4EBFFFF10020000C4FEFFFF33
:101E8000F0FFFFFF1C000000F4020000B4FEFFFFA3
:101E900074090000B80C000018A5FFFF50E3000013
:101EA000B42004000859FCFF9C9B0000F46FFFFF66
:101EB0007C1B0000D0EAFFFFF4010000ACFEFFFF36
:101EC000F0FFFFFF1C000000C402000058FEFFFFEF
:101ED00048060000840800003890FFFFD0CA0000C8
:101EE000F80E04005C42FCFFF09A0000E06CFFFF7B
:101EF000881A0000B0E9FFFFD401000094FEFFFF44
:101F0000ECFFFFFF180000008C02000004FEFFFF42
:101F1000E402000080040000907AFFFFFCB20000A1
:101F200028FC0300902CFCFFB89900003C6AFFFFDE
:101F30008819000098E8FFFFBC0100007CFEFFFF4D
:101F4000A00100007C180000FC9700004CE8030092
:101F50002464FFFF4CFFFFFF48020000ECFFFFFF7F
:101F6000F053C26DAA0025BEE4EBDC7049499EC364
:101F7000736E8D794A3FE3D7A740DD7D7611B7E8D0
:101F8000B7206D7F2FFEE4F3407EE47FC7A3C1FA44
:101F900063B2FC7FC6BD2EFE94C6FF7F5DC286FF86
:101FA0000000004000000000000000400000004071
:101FB00000000040323FD135CC3C412D14FC0D26B1
:101FC000FFFFFF1F999FE81A669EA0160AFE0613E0
:101FD000FFFFFF0FCC4F740D334F500B057F83096C
:101FE000FFFFFF07E627BA069927A80582BFC104AD
:101FF0009979825A27F81B4CFFFFFF3F323FD135BA
:10200000CC3C412D13FC0D26FFFFFF1F999FE81AC2
:10201000669EA01609FE0613FFFFFF0FCC4F740D3E
:10202000334F500B047F8309FFFFFF07E627BA06F3
:1020300000000040CC3C412D00000020669EA01610
:1020400000000010334F500B000000089927A8052E
:1020500000000004CC13D40200000002E6096A016B
:1020600000000001F304B5000000800079825A00EE
:102070009979825AFFFFFF3FCC3C412DFFFFFF1FA4
:10208000669EA016FFFFFF0F334F500BFFFFFF07A9
:102090009927A805FFFFFF03CC13D402FFFFFF0120
:1020A000E6096A01FFFFFF00F304B500FFFF7F00B0
:1020B00000000000BA58860DD0F56C170000002013
:1020C0002F0A932845A77932000000400000000045
:1020D0005C7F201383FB2021CC3C412D167E61398F
:1020E0003DFA61479979825A8BCEAA02281C3107A2
:1020F000EC8F860A523B910CCD3C410D523B910C2A
:10210000EC8F860A281C31078BCEAA02DDD816FD7B
:10211000669EA0F675627AEF61C1DBE7000000E021
:102120009F3E24D88B9D85D09A615FC92327E9C241
:10213000753155BDD8E3CEB8147079B5AEC46EB361
:1021400033C3BEB2AEC46EB3147079B5D8E3CEB8A3
:10215000753155BD2327E9C29A615FC98B9D85D032
:102160009F3E24D8000000E061C1DBE775627AEF92
:10217000669EA0F6DDD816FD8BCEAA02281C31077C
:10218000EC8F860A523B910CCD3C410D523B910C99
:10219000EC8F860A281C31078BCEAA02DDD816FDEB
:1021A000669EA0F675627AEF61C1DBE7000000E091
:1021B0009F3E24D88B9D85D09A615FC92327E9C2B1
:1021C00014EF44BD52A031B83738AAB3A489B7AFD1
:1021D000BB4561ACDCECADA91F4964A8F06818AD43
:1021E000491F43B83622F4C8B1E6A8DDDC5577F4C0
:1021F00000000000000000000000000000000000DF
:102200000000000000000000281C3107CD3C410DFB
:10221000281C3107669EA0F6000000E09A615FC9A5
:10222000D8E3CEB833C3BEB2D8E3CEB89A615FC9A3
:10223000000000E0669EA0F6000000000000000024
:10224000000000000000000000000000000000008E
:10225000000000000000000000000000000000007E
:10226000000000000000000000000000000000006E
:10227000000000000000000000000000000000005E
:10228000000000000000000000000000000000004E
:10229000000000000000000000000000000000003E
:1022A000000000000000000000000000000000002E
:1022B00009978E02C05E8504A1436702102CDEFCE4
:1022C00082DC15F53BE593ECF880C8E4080B5DDD96
:1022D000B71035D64A835ECF62B5E6C80541DAC28B
:1022E000753155BDD8E3CEB8147079B5AEC46EB3B0
:1022F00033C3BEB2AEC46EB3147079B5D8E3CEB8F2
:10230000753155BD2327E9C29A615FC98B9D85D080
:102310009F3E24D8000000E061C1DBE775627AEFE0
:10232000669EA0F6DDD816FD252301084D23010881
:102330007523010899230108B12301080102020352
:102340000400000000003C027804B306EE08280BED
:10235000610D990FD01106143A166C189D1ACB1CFA
:10236000F71E212148236C258E27AC29C72BDF2D92
:10237000F32F0332103418361D381C3A183C0E3E29
:102380000040ED41D443B74594476B493D4B084D60
:10239000CE4E8E504752FA53A6554C57EB58825AA0
:1023A000135C9D5D1F5F9A600E627A63DE643A661D
:1023B0008E67DA681E6A5A6B8D6CB86DDA6EF46FD0
:1023C00004710D720C730274EF74D375AE7680775E
:1023D00048780779BC79687A0B7BA37B337CB87C1F
:1023E000347DA67D0E7E6D7EC17E0C7F4C7F837F0B
:1023F000B07FD37FEC7FFB7F008000001028405827
:102400007088A0B8303132333435363738396162AC
:10241000636465666768696A6B6C6D6E6F70717214
:10242000737475767778797A00494E4600696E66DE
:10243000004E414E006E616E003000303132333458
:10244000353637383941424344454600303132331E
:1024500034353637383961626364656600496E66C3
:10246000696E697479004E614E005245454E5420A4
:102470006D616C6C6F63207375636365656465641F
:10248000002F6275696C642F676E752D746F6F6CA9
:10249000732D666F722D73746D33325F31332E334B
:1024A0002E72656C312E32303234303932362D3165
:1024B0003731352F7372632F6E65776C69622F6EBB
:1024C00065776C69622F6C6962632F7374646C69E1
:1024D000622F64746F612E630042616C6C6F6320C5
:1024E000737563636565646564002F6275696C6408
:1024F0002F676E752D746F6F6C732D666F722D73F1
:10250000746D33325F31332E332E72656C312E325F
:10251000303234303932362D313731352F737263E2
:102520002F6E65776C69622F6E65776C69622F6CB0
:102530006962632F7374646C69622F6D7072656376
:102540002E6300232D302B2000686C4C00656667DD
:10255000454647004300504F534958002E002C2059
:1025600066756E6374696F6E3A200061737365728D
:1025700074696F6E2022257322206661696C656420
:102580003A2066696C6520222573222C206C696EC6
:1025900065202564257325730A00000005000000EE
:1025A000190000007D0000000080E03779C341433E
:1025B000176E05B5B5B89346F5F93FE9034F384DA9
:1025C000321D30F94877825A3CBF737FDD4F157555
:1025D000000000000000F03F000000000000244068
:1025E00000000000000059400000000000408F4043
:1025F000000000000088C34000000000006AF840AE
:102600000000000080842E4100000000D0126341D1
:102610000000000084D797410000000065CDCD4147
:10262000000000205FA00242000000E87648374228
:10263000000000A2941A6D42000040E59C30A242C6
:102640000000901EC4BCD64200003426F56B0C433B
:102650000080E03779C3414300A0D88557347643E2
:1026600000C84E676DC1AB43003D9160E458E14343
:10267000408CB5781DAF154450EFE2D6E41A4B44B8
:1026800092D54D06CFF08044F64AE1C7022DB544FD
:10269000B49DD9794378EA440020202020202020CE
:1026A0002020282828282820202020202020202002
:1026B0002020202020202020208810101010101012
:1026C000101010101010101010040404040404045E
:1026D00004040410101010101010414141414141F8
:1026E00001010101010101010101010101010101DA
:1026F00001010101101010101010424242424242EA
:1027000002020202020202020202020202020202A9
:102710000202020210101010200000000000000051
:1027200000000000000000000000000000000000A9
:102730000000000000000000000000000000000099
:102740000000000000000000000000000000000089
:102750000000000000000000000000000000000079
:102760000000000000000000000000000000000069
:102770000000000000000000000000000000000059
:102780000000000000000000000000000000000049
:0C2790000000000000000000000000003D
:08279C00B4E2FD7F0100000022
:0427A400C501000863
:0427A800A101000883
:1027AC000F0100000024F4000F190000C88001087C
:1027BC0020FF00000C14000088AC010820FF000072
:1027CC00080D000088CF010820FF00000011000256
:1027DC0078030000001000020A030000002A040025
:1027EC00000000002B0400000000002C000300007F
:1027FC000001000205002800003A015500B2050C4A
:10280C000C0033330036010000B7013500BB011951
:10281C0000C0012C00C20201FF00C3011200C40160
:10282C002000C6010F00D002A4A100E00ED0040DC0
:10283C0011132B3F544C180D0B1F2300E10ED00429
:10284C000C11132C3F44512F1F1F2023002100007B
:10285C00110002050013000029000278030100009A
:10286C001000000001000000000000000300000048
:10287C0044370020D800002000000000443700201E
:10288C00AC370020143800200000000000000000CD
:10289C00000000000000000000000000000000002C
:1028AC00000000000000000000000000000000001C
:1028BC00000000000000000000000000000000000C
:1028CC0000000000430000000000000000000000B9
:1028DC0000000000000000000000000000000000EC
:1028EC000000000043000000000000000000000099
:1028FC0000000000000000000000000000000000CC
:10290C000000000043000000000000000000000078
:10291C0000000000000000000000000000000000AB
:10292C000000000043000000000000000000000058
:10293C00000000000000000000000000000000008B
:10294C000000000043000000000000000000000038
:10295C00000000000000000000000000000000006B
:10296C000000000043000000000000000000000018
:10297C00000000000000000000000000000000004B
:10298C0000000000430000000000000000000000F8
:10299C00000000000000000000000000000000002B
:1029AC0000000000F1680108CD680108000000007B
:1029BC00982602085C250208992502089925020828
:1029CC0099250208992502089925020899250208DB
:1029DC00992502089925020899250208FFFFFFFF97
:1029EC00FFFFFFFFFFFFFFFFFFFF00000100415350
:1029FC0043494900000000000000000000000000F6
:102A0C000000000000000000000000000000415326
:102A1C0043494900000000000000000000000000D5
:102A2C00000000000000000000000000000000009A
:040000050800378533
:00000001FF
